Workbook

Sheet Mẫu Thiết lập ban đầu
B1: MẪU BIỂU ĐỒ GANTT | I1: Mẹo sử dụng Smartsheet ➜ | O1: Lịch trình trực quan của biểu đồ Gantt cho phép bạn xem chi tiết mỗi công việc cũng như các phần thuộc về dự án. | AH1: Tham khảo khóa học:
AH2: Khóa học Kỹ năng lập kế hoạch và viết báo cáo tại Học Viện Quản Lý PACE
B3: TIÊU ĐỀ DỰ ÁN | D3: DEMO QUẢN LÝ DỰ ÁN A BẰNG GANTT CHART | I3: TÊN CÔNG TY | P3: Học Viện Quản Lý PACE
B4: NGƯỜI QUẢN LÝ DỰ ÁN | D4: Nguyễn Thành Phú | I4: NGÀY | P4: =TODAY() -> 45961
B5: LIÊN HỆ | D5: https://bit.ly/nguyen-thanh-phu | I5: Xem hướng dẫn chi tiết: Vẽ sơ đồ GANTT CHART
B7: SỐ CẤU TRÚC PHÂN CHIA CÔNG VIỆC (WBS) | C7: TIÊU ĐỀ CÔNG VIỆC | D7: NGƯỜI PHỤ TRÁCH CÔNG VIỆC | E7: NGÀY BẮT ĐẦU | F7: NGÀY ĐẾN HẠN | G7: THỜI GIAN | H7: PHẦN TRĂM CÔNG VIỆC HOÀN THÀNH | I7: GIAI ĐOẠN 1 | X7: GIAI ĐOẠN 2 | AM7: GIAI ĐOẠN 3 | BB7: GIAI ĐOẠN 4
I8: TUẦN 1 | N8: TUẦN 2 | S8: TUẦN 3 | X8: TUẦN 4 | AC8: TUẦN 5 | AH8: TUẦN 6 | AM8: TUẦN 7 | AR8: TUẦN 8 | AW8: TUẦN 9 | BB8: TUẦN 10 | BG8: TUẦN 11 | BL8: TUẦN 12
I9: T2 | J9: T3 | K9: T4 | L9: T5 | M9: T6 | N9: T2 | O9: T3 | P9: T4 | Q9: T5 | R9: T6 | S9: T2 | T9: T3 | U9: T4 | V9: T5 | W9: T6 | X9: T2 | Y9: T3 | Z9: T4 | AA9: T5 | AB9: T6 | AC9: T2 | AD9: T3 | AE9: T4 | AF9: T5 | AG9: T6 | AH9: T2 | AI9: T3 | AJ9: T4 | AK9: T5 | AL9: T6 | AM9: T2 | AN9: T3 | AO9: T4 | AP9: T5 | AQ9: T6 | AR9: T2 | AS9: T3 | AT9: T4 | AU9: T5 | AV9: T6 | AW9: T2 | AX9: T3 | AY9: T4 | AZ9: T5 | BA9: T6 | BB9: T2 | BC9: T3 | BD9: T4 | BE9: T5 | BF9: T6 | BG9: T2 | BH9: T3 | BI9: T4 | BJ9: T5 | BK9: T6 | BL9: T2 | BM9: T3 | BN9: T4 | BO9: T5 | BP9: T6
B10: 1 | C10: Lên ý tưởng và thiết lập dự án
B11: 43101 | C11: Hiến chương dự án | D11: Tên người | E11: =TODAY() -> 45961 | F11: =E11+3 -> 45964 | G11: =DAYS360(E11,F11) -> 3 | H11: 0
B12: 1.1.1 | C12: Bản sửa đổi hiến chương dự án | D12: Tên người | E12: =F11 -> 45964 | F12: =E12+1 -> 45965 | G12: =DAYS360(E12,F12) -> 1 | H12: 0
B13: 43132 | C13: Nghiên cứu | D13: Tên người | E13: =E12 -> 45964 | F13: =E13+6 -> 45970 | G13: =DAYS360(E13,F13) -> 6 | H13: 0
B14: 43160 | C14: Dự toán | D14: Tên người | E14: =E13+1 -> 45965 | F14: =E14+6 -> 45971 | G14: =DAYS360(E14,F14) -> 6 | H14: 0
B15: 43191 | C15: Các bên liên quan | D15: Tên người | E15: =E14+2 -> 45967 | F15: =E15+4 -> 45971 | G15: =DAYS360(E15,F15) -> 4 | H15: 0
B16: 43221 | C16: Nguyên tắc | D16: Tên người | E16: =E15+1 -> 45968 | F16: =E16+3 -> 45971 | G16: =DAYS360(E16,F16) -> 3 | H16: 0
B17: 43252 | C17: Thiết lập dự án | D17: Tên người | E17: =F16+1 -> 45972 | F17: =E17+1 -> 45973 | G17: =DAYS360(E17,F17) -> 1 | H17: 0
B18: 2 | C18: Định nghĩa và hoạch định dự án
B19: 43102 | C19: Đặt ra mục tiêu và phạm vi | D19: Tên người | E19: =F17+1 -> 45974 | F19: =E19+4 -> 45978 | G19: 4 | H19: 0
B20: 43133 | C20: Ngân sách | D20: Tên người | E20: =F19+1 -> 45979 | F20: =E20+3 -> 45982 | G20: 3 | H20: 0
B21: 43161 | C21: Kế hoạch truyền thông | D21: Tên người | E21: ... | F21: ... | G21: 0 | H21: 0
B22: 43192 | C22: Quản lý rủi ro | D22: Tên người | E22: ... | F22: ... | G22: 0 | H22: 0
B23: 3 | C23: Lên ý tưởng và thiết lập dự án
B24: 3.1 | C24: Trạng thái và theo dõi | D24: Tên người | E24: ... | F24: ... | G24: 0 | H24: 0
B25: 3.2 | C25: Chỉ số đo lường hiệu quả công việc (KPI) | D25: Tên người | E25: ... | F25: ... | G25: 0 | H25: 0
B26: 3.2.1 | C26: Giám sát | D26: Tên người | E26: ... | F26: ... | G26: 0 | H26: 0
B27: 3.2.2 | C27: Dự đoán | D27: Tên người | E27: ... | F27: ... | G27: 0 | H27: 0
B28: 3.3 | C28: Bản cập nhật dự án | D28: Tên người | E28: ... | F28: ... | G28: 0 | H28: 0
B29: 3.3.1 | C29: Bản cập nhật biểu đồ | D29: Tên người | E29: ... | F29: ... | G29: 0 | H29: 0
B30: 4 | C30: Hiệu quả của dự án / Giám sát
B31: 43104 | C31: Mục tiêu của dự án | D31: Tên người | E31: ... | F31: ... | G31: 0 | H31: 0
B32: 43135 | C32: Kết quả chuyển giao có chất lượng | D32: Tên người | E32: ... | F32: ... | G32: 0 | H32: 0
B33: 43163 | C33: Theo dõi nỗ lực và chi phí | D33: Tên người | E33: ... | F33: ... | G33: 0 | H33: 0
B34: 43194 | C34: Hiệu quả của dự án | D34: Tên người | E34: ... | F34: ... | G34: 0 | H34: 0
L35: Today
B36: Tham khảo khóa học:
B37: Khóa học Kỹ năng lập kế hoạch và viết báo cáo tại Học Viện Quản Lý PACE

Sheet Mẫu tiến trình chạy
B1: MẪU BIỂU ĐỒ GANTT | I1: Mẹo sử dụng Smartsheet ➜ | O1: Lịch trình trực quan của biểu đồ Gantt cho phép bạn xem chi tiết mỗi công việc cũng như các phần thuộc về dự án.
B3: TIÊU ĐỀ DỰ ÁN | D3: DEMO QUẢN LÝ DỰ ÁN A BẰNG GANTT CHART | I3: TÊN CÔNG TY | P3: Học Viện Quản Lý PACE | AE3: Tham khảo khóa học:
B4: NGƯỜI QUẢN LÝ DỰ ÁN | D4: Nguyễn Thành Phú | I4: NGÀY | P4: =TODAY() -> 45961 | AE4: Khóa học Kỹ năng lập kế hoạch và viết báo cáo tại Học Viện Quản Lý PACE
B5: LIÊN HỆ | D5: https://bit.ly/nguyen-thanh-phu | I5: Xem hướng dẫn chi tiết: Vẽ sơ đồ GANTT CHART
B7: SỐ CẤU TRÚC PHÂN CHIA CÔNG VIỆC (WBS) | C7: TIÊU ĐỀ CÔNG VIỆC | D7: NGƯỜI PHỤ TRÁCH CÔNG VIỆC | E7: NGÀY BẮT ĐẦU | F7: NGÀY ĐẾN HẠN | G7: THỜI GIAN | H7: PHẦN TRĂM CÔNG VIỆC HOÀN THÀNH | I7: GIAI ĐOẠN 1 | X7: GIAI ĐOẠN 2 | AM7: GIAI ĐOẠN 3 | BB7: GIAI ĐOẠN 4
I8: TUẦN 1 | N8: TUẦN 2 | S8: TUẦN 3 | X8: TUẦN 4 | AC8: TUẦN 5 | AH8: TUẦN 6 | AM8: TUẦN 7 | AR8: TUẦN 8 | AW8: TUẦN 9 | BB8: TUẦN 10 | BG8: TUẦN 11 | BL8: TUẦN 12
I9: T2 | J9: T3 | K9: T4 | L9: T5 | M9: T6 | N9: T2 | O9: T3 | P9: T4 | Q9: T5 | R9: T6 | S9: T2 | T9: T3 | U9: T4 | V9: T5 | W9: T6 | X9: T2 | Y9: T3 | Z9: T4 | AA9: T5 | AB9: T6 | AC9: T2 | AD9: T3 | AE9: T4 | AF9: T5 | AG9: T6 | AH9: T2 | AI9: T3 | AJ9: T4 | AK9: T5 | AL9: T6 | AM9: T2 | AN9: T3 | AO9: T4 | AP9: T5 | AQ9: T6 | AR9: T2 | AS9: T3 | AT9: T4 | AU9: T5 | AV9: T6 | AW9: T2 | AX9: T3 | AY9: T4 | AZ9: T5 | BA9: T6 | BB9: T2 | BC9: T3 | BD9: T4 | BE9: T5 | BF9: T6 | BG9: T2 | BH9: T3 | BI9: T4 | BJ9: T5 | BK9: T6 | BL9: T2 | BM9: T3 | BN9: T4 | BO9: T5 | BP9: T6
B10: 1 | C10: Lên ý tưởng và thiết lập dự án
B11: 43101 | C11: Hiến chương dự án | D11: Tên người | E11: =TODAY() -> 45961 | F11: =E11+3 -> 45964 | G11: =DAYS360(E11,F11) -> 3 | H11: 1
B12: 1.1.1 | C12: Bản sửa đổi hiến chương dự án | D12: Tên người | E12: =F11 -> 45964 | F12: =E12+1 -> 45965 | G12: =DAYS360(E12,F12) -> 1 | H12: 1
B13: 43132 | C13: Nghiên cứu | D13: Tên người | E13: =E12 -> 45964 | F13: =E13+6 -> 45970 | G13: =DAYS360(E13,F13) -> 6 | H13: 0.9
B14: 43160 | C14: Dự toán | D14: Tên người | E14: =E13+1 -> 45965 | F14: =E14+6 -> 45971 | G14: =DAYS360(E14,F14) -> 6 | H14: 0.4
B15: 43191 | C15: Các bên liên quan | D15: Tên người | E15: =E14+2 -> 45967 | F15: =E15+4 -> 45971 | G15: =DAYS360(E15,F15) -> 4 | H15: 0.7
B16: 43221 | C16: Nguyên tắc | D16: Tên người | E16: =E15+1 -> 45968 | F16: =E16+3 -> 45971 | G16: =DAYS360(E16,F16) -> 3 | H16: 0.6
B17: 43252 | C17: Thiết lập dự án | D17: Tên người | E17: =F16+1 -> 45972 | F17: =E17+1 -> 45973 | G17: =DAYS360(E17,F17) -> 1 | H17: 0
B18: 2 | C18: Định nghĩa và hoạch định dự án
B19: 43102 | C19: Đặt ra mục tiêu và phạm vi | D19: Tên người | E19: =F17+1 -> 45974 | F19: =E19+4 -> 45978 | G19: 4 | H19: 0.22
B20: 43133 | C20: Ngân sách | D20: Tên người | E20: =F19+1 -> 45979 | F20: =E20+3 -> 45982 | G20: 3 | H20: 0
B21: 43161 | C21: Kế hoạch truyền thông | D21: Tên người | E21: ... | F21: ... | G21: 0 | H21: 0
B22: 43192 | C22: Quản lý rủi ro | D22: Tên người | E22: ... | F22: ... | G22: 0 | H22: 0
B23: 3 | C23: Lên ý tưởng và thiết lập dự án
B24: 3.1 | C24: Trạng thái và theo dõi | D24: Tên người | E24: ... | F24: ... | G24: 0 | H24: 0
B25: 3.2 | C25: Chỉ số đo lường hiệu quả công việc (KPI) | D25: Tên người | E25: ... | F25: ... | G25: 0 | H25: 0
B26: 3.2.1 | C26: Giám sát | D26: Tên người | E26: ... | F26: ... | G26: 0 | H26: 0
B27: 3.2.2 | C27: Dự đoán | D27: Tên người | E27: ... | F27: ... | G27: 0 | H27: 0
B28: 3.3 | C28: Bản cập nhật dự án | D28: Tên người | E28: ... | F28: ... | G28: 0 | H28: 0
B29: 3.3.1 | C29: Bản cập nhật biểu đồ | D29: Tên người | E29: ... | F29: ... | G29: 0 | H29: 0
B30: 4 | C30: Hiệu quả của dự án / Giám sát
B31: 43104 | C31: Mục tiêu của dự án | D31: Tên người | E31: ... | F31: ... | G31: 0 | H31: 0
B32: 43135 | C32: Kết quả chuyển giao có chất lượng | D32: Tên người | E32: ... | F32: ... | G32: 0 | H32: 0
B33: 43163 | C33: Theo dõi nỗ lực và chi phí | D33: Tên người | E33: ... | F33: ... | G33: 0 | H33: 0
B34: 43194 | C34: Hiệu quả của dự án | D34: Tên người | E34: ... | F34: ... | G34: 0 | H34: 0
S35: Today
B36: Tham khảo khóa học:
B37: Khóa học Kỹ năng lập kế hoạch và viết báo cáo tại Học Viện Quản Lý PACE

Sheet ETL + BPM
A1: # | B1: Complete Date | C1: No of DEV | D1: BA+QA Rate | E1: DAY(S) | F1: START DAY | G1: Month 1 | H1: Month 2 | I1: Month 3 | J1: Month 4 | K1: Month 5 | L1: Month 6 | M1: Month 7 | N1: Month 8 | O1: Month 9 | P1: Month 10 | Q1: Month 11 | R1: Month 12 | S1: Month 13 | T1: Month 14 | U1: Month 15 | V1: Month 16 | W1: Month 17 | X1: Month 18 | Y1: Month 19 | Z1: Month 20 | AA1: Month 21 | AB1: Month 22 | AC1: Month 23 | AD1: Month 24 | AE1: Month 25 | AF1: Month 26 | AG1: Month 27 | AH1: Month 28 | AI1: Month 29 | AJ1: Month 30 | AK1: Month 31 | AL1: Month 32 | AM1: Month 33 | AN1: Month 34 | AO1: Month 35
B2: =WORKDAY($F$3,ROUNDUP(($E$3-$E$5)/$C$2,0)+$E$5,Holiday!$A$1:$A$30) -> 46365 | C2: 8 | D2: =Setting!$A$2 -> 0.5
B3: WORK TITLE | C3: PIC | D3: DEV- ESTIMATION | E3: =SUM(E5:E153) -> 1711 | F3: =Setting!$C$2 -> 46023 | G3: =WORKDAY(F3,22,Holiday!$A$1:$A$30) -> 46055 | H3: =WORKDAY(G3,22,Holiday!$A$1:$A$30) -> 46085 | I3: =WORKDAY(H3,22,Holiday!$A$1:$A$30) -> 46115 | J3: =WORKDAY(I3,22,Holiday!$A$1:$A$30) -> 46149 | K3: =WORKDAY(J3,22,Holiday!$A$1:$A$30) -> 46181 | L3: =WORKDAY(K3,22,Holiday!$A$1:$A$30) -> 46211 | M3: =WORKDAY(L3,22,Holiday!$A$1:$A$30) -> 46241 | N3: =WORKDAY(M3,22,Holiday!$A$1:$A$30) -> 46274 | ... AO3: =WORKDAY(AN3,22,Holiday!$A$1:$A$30) -> 47106
A4: ETL
B5: Tìm hiểu tổng quan về Pega | C5: DEV 1 | D5: 20 | E5: =ROUNDUP(D5*(1+$D$2),0) -> 30 | F5: =WORKDAY(F3,E5,Holiday!$A$1:$A$30) -> 46065 | G5: =IF(OR(AND($F3<=G$3, $F5 >= G$3), AND($F5<G$3, WORKDAY($F5, 22,Holiday!$A$1:$A$30)>G$3)), 1, 0)+IF(AND((G$3-$B$2)>=0,(G$3-$B$2)<30), 2,0) -> 1 | H5: =IF(OR(AND($F3<=H$3, $F5 >= H$3), AND($F5<H$3, WORKDAY($F5, 22,Holiday!$A$1:$A$30)>H$3)), 1, 0)+IF(AND((H$3-$B$2)>=0,(H$3-$B$2)<30), 2,0) -> 1 | I5: =IF(OR(AND($F3<=I$3, $F5 >= I$3), AND($F5<I$3, WORKDAY($F5, 22,Holiday!$A$1:$A$30)>I$3)), 1, 0)+IF(AND((I$3-$B$2)>=0,(I$3-$B$2)<30), 2,0) -> 0 | J5: =IF(OR(AND($F3<=J$3, $F5 >= J$3), AND($F5<J$3, WORKDAY($F5, 22,Holiday!$A$1:$A$30)>J$3)), 1, 0)+IF(AND((J$3-$B$2)>=0,(J$3-$B$2)<30), 2,0) -> 0 | K5: =IF(OR(AND($F3<=K$3, $F5 >= K$3), AND($F5<K$3, WORKDAY($F5, 22,Holiday!$A$1:$A$30)>K$3)), 1, 0)+IF(AND((K$3-$B$2)>=0,(K$3-$B$2)<30), 2,0) -> 0 | L5: =IF(OR(AND($F3<=L$3, $F5 >= L$3), AND($F5<L$3, WORKDAY($F5, 22,Holiday!$A$1:$A$30)>L$3)), 1, 0)+IF(AND((L$3-$B$2)>=0,(L$3-$B$2)<30), 2,0) -> 0 | M5: =IF(OR(AND($F3<=M$3, $F5 >= M$3), AND($F5<M$3, WORKDAY($F5, 22,Holiday!$A$1:$A$30)>M$3)), 1, 0)+IF(AND((M$3-$B$2)>=0,(M$3-$B$2)<30), 2,0) -> 0 | N5: =IF(OR(AND($F3<=N$3, $F5 >= N$3), AND($F5<N$3, WORKDAY($F5, 22,Holiday!$A$1:$A$30)>N$3)), 1, 0)+IF(AND((N$3-$B$2)>=0,(N$3-$B$2)<30), 2,0) -> 0 | ... AO5: =IF(OR(AND($F3<=AO$3, $F5 >= AO$3), AND($F5<AO$3, WORKDAY($F5, 22,Holiday!$A$1:$A$30)>AO$3)), 1, 0)+IF(AND((AO$3-$B$2)>=0,(AO$3-$B$2)<30), 2,0) -> 0
B6: DailySyncUpForFinacle | C6: DEV 1 | D6: 15 | E6: =ROUNDUP(D6*(1+$D$2),0) -> 23 | F6: =WORKDAY(F5,E6,Holiday!$A$1:$A$30) -> 46098 | G6: =IF(OR(AND($F5<=G$3, $F6 >= G$3), AND($F6<G$3, WORKDAY($F6, 22,Holiday!$A$1:$A$30)>G$3)), 1, 0)+IF(AND((G$3-$B$2)>=0,(G$3-$B$2)<30), 2,0) -> 0 | H6: =IF(OR(AND($F5<=H$3, $F6 >= H$3), AND($F6<H$3, WORKDAY($F6, 22,Holiday!$A$1:$A$30)>H$3)), 1, 0)+IF(AND((H$3-$B$2)>=0,(H$3-$B$2)<30), 2,0) -> 1 | I6: =IF(OR(AND($F5<=I$3, $F6 >= I$3), AND($F6<I$3, WORKDAY($F6, 22,Holiday!$A$1:$A$30)>I$3)), 1, 0)+IF(AND((I$3-$B$2)>=0,(I$3-$B$2)<30), 2,0) -> 1 | J6: =IF(OR(AND($F5<=J$3, $F6 >= J$3), AND($F6<J$3, WORKDAY($F6, 22,Holiday!$A$1:$A$30)>J$3)), 1, 0)+IF(AND((J$3-$B$2)>=0,(J$3-$B$2)<30), 2,0) -> 0 | K6: =IF(OR(AND($F5<=K$3, $F6 >= K$3), AND($F6<K$3, WORKDAY($F6, 22,Holiday!$A$1:$A$30)>K$3)), 1, 0)+IF(AND((K$3-$B$2)>=0,(K$3-$B$2)<30), 2,0) -> 0 | L6: =IF(OR(AND($F5<=L$3, $F6 >= L$3), AND($F6<L$3, WORKDAY($F6, 22,Holiday!$A$1:$A$30)>L$3)), 1, 0)+IF(AND((L$3-$B$2)>=0,(L$3-$B$2)<30), 2,0) -> 0 | M6: =IF(OR(AND($F5<=M$3, $F6 >= M$3), AND($F6<M$3, WORKDAY($F6, 22,Holiday!$A$1:$A$30)>M$3)), 1, 0)+IF(AND((M$3-$B$2)>=0,(M$3-$B$2)<30), 2,0) -> 0 | N6: =IF(OR(AND($F5<=N$3, $F6 >= N$3), AND($F6<N$3, WORKDAY($F6, 22,Holiday!$A$1:$A$30)>N$3)), 1, 0)+IF(AND((N$3-$B$2)>=0,(N$3-$B$2)<30), 2,0) -> 0 | ... AO6: =IF(OR(AND($F5<=AO$3, $F6 >= AO$3), AND($F6<AO$3, WORKDAY($F6, 22,Holiday!$A$1:$A$30)>AO$3)), 1, 0)+IF(AND((AO$3-$B$2)>=0,(AO$3-$B$2)<30), 2,0) -> 0
B7: ExcptionalDailySyncUp | C7: DEV 1 | D7: 3 | E7: =ROUNDUP(D7*(1+$D$2),0) -> 5 | F7: =WORKDAY(F6,E7,Holiday!$A$1:$A$30) -> 46105 | G7: =IF(OR(AND($F6<=G$3, $F7 >= G$3), AND($F7<G$3, WORKDAY($F7, 22,Holiday!$A$1:$A$30)>G$3)), 1, 0)+IF(AND((G$3-$B$2)>=0,(G$3-$B$2)<30), 2,0) -> 0 | H7: =IF(OR(AND($F6<=H$3, $F7 >= H$3), AND($F7<H$3, WORKDAY($F7, 22,Holiday!$A$1:$A$30)>H$3)), 1, 0)+IF(AND((H$3-$B$2)>=0,(H$3-$B$2)<30), 2,0) -> 0 | I7: =IF(OR(AND($F6<=I$3, $F7 >= I$3), AND($F7<I$3, WORKDAY($F7, 22,Holiday!$A$1:$A$30)>I$3)), 1, 0)+IF(AND((I$3-$B$2)>=0,(I$3-$B$2)<30), 2,0) -> 1 | J7: =IF(OR(AND($F6<=J$3, $F7 >= J$3), AND($F7<J$3, WORKDAY($F7, 22,Holiday!$A$1:$A$30)>J$3)), 1, 0)+IF(AND((J$3-$B$2)>=0,(J$3-$B$2)<30), 2,0) -> 0 | K7: =IF(OR(AND($F6<=K$3, $F7 >= K$3), AND($F7<K$3, WORKDAY($F7, 22,Holiday!$A$1:$A$30)>K$3)), 1, 0)+IF(AND((K$3-$B$2)>=0,(K$3-$B$2)<30), 2,0) -> 0 | L7: =IF(OR(AND($F6<=L$3, $F7 >= L$3), AND($F7<L$3, WORKDAY($F7, 22,Holiday!$A$1:$A$30)>L$3)), 1, 0)+IF(AND((L$3-$B$2)>=0,(L$3-$B$2)<30), 2,0) -> 0 | M7: =IF(OR(AND($F6<=M$3, $F7 >= M$3), AND($F7<M$3, WORKDAY($F7, 22,Holiday!$A$1:$A$30)>M$3)), 1, 0)+IF(AND((M$3-$B$2)>=0,(M$3-$B$2)<30), 2,0) -> 0 | N7: =IF(OR(AND($F6<=N$3, $F7 >= N$3), AND($F7<N$3, WORKDAY($F7, 22,Holiday!$A$1:$A$30)>N$3)), 1, 0)+IF(AND((N$3-$B$2)>=0,(N$3-$B$2)<30), 2,0) -> 0 | ... AO7: =IF(OR(AND($F6<=AO$3, $F7 >= AO$3), AND($F7<AO$3, WORKDAY($F7, 22,Holiday!$A$1:$A$30)>AO$3)), 1, 0)+IF(AND((AO$3-$B$2)>=0,(AO$3-$B$2)<30), 2,0) -> 0
B8: ExceptionalDailySyncUpForFinacle | C8: DEV 1 | D8: 15 | E8: =ROUNDUP(D8*(1+$D$2),0) -> 23 | F8: =WORKDAY(F7,E8,Holiday!$A$1:$A$30) -> 46136 | G8: =IF(OR(AND($F7<=G$3, $F8 >= G$3), AND($F8<G$3, WORKDAY($F8, 22,Holiday!$A$1:$A$30)>G$3)), 1, 0)+IF(AND((G$3-$B$2)>=0,(G$3-$B$2)<30), 2,0) -> 0 | H8: =IF(OR(AND($F7<=H$3, $F8 >= H$3), AND($F8<H$3, WORKDAY($F8, 22,Holiday!$A$1:$A$30)>H$3)), 1, 0)+IF(AND((H$3-$B$2)>=0,(H$3-$B$2)<30), 2,0) -> 0 | I8: =IF(OR(AND($F7<=I$3, $F8 >= I$3), AND($F8<I$3, WORKDAY($F8, 22,Holiday!$A$1:$A$30)>I$3)), 1, 0)+IF(AND((I$3-$B$2)>=0,(I$3-$B$2)<30), 2,0) -> 1 | J8: =IF(OR(AND($F7<=J$3, $F8 >= J$3), AND($F8<J$3, WORKDAY($F8, 22,Holiday!$A$1:$A$30)>J$3)), 1, 0)+IF(AND((J$3-$B$2)>=0,(J$3-$B$2)<30), 2,0) -> 1 | K8: =IF(OR(AND($F7<=K$3, $F8 >= K$3), AND($F8<K$3, WORKDAY($F8, 22,Holiday!$A$1:$A$30)>K$3)), 1, 0)+IF(AND((K$3-$B$2)>=0,(K$3-$B$2)<30), 2,0) -> 0 | L8: =IF(OR(AND($F7<=L$3, $F8 >= L$3), AND($F8<L$3, WORKDAY($F8, 22,Holiday!$A$1:$A$30)>L$3)), 1, 0)+IF(AND((L$3-$B$2)>=0,(L$3-$B$2)<30), 2,0) -> 0 | M8: =IF(OR(AND($F7<=M$3, $F8 >= M$3), AND($F8<M$3, WORKDAY($F8, 22,Holiday!$A$1:$A$30)>M$3)), 1, 0)+IF(AND((M$3-$B$2)>=0,(M$3-$B$2)<30), 2,0) -> 0 | N8: =IF(OR(AND($F7<=N$3, $F8 >= N$3), AND($F8<N$3, WORKDAY($F8, 22,Holiday!$A$1:$A$30)>N$3)), 1, 0)+IF(AND((N$3-$B$2)>=0,(N$3-$B$2)<30), 2,0) -> 0 | ... AO8: =IF(OR(AND($F7<=AO$3, $F8 >= AO$3), AND($F8<AO$3, WORKDAY($F8, 22,Holiday!$A$1:$A$30)>AO$3)), 1, 0)+IF(AND((AO$3-$B$2)>=0,(AO$3-$B$2)<30), 2,0) -> 0
B9: UpdateSFCAllocation | C9: DEV 1 | D9: 3 | E9: =ROUNDUP(D9*(1+$D$2),0) -> 5 | F9: =WORKDAY(F8,E9,Holiday!$A$1:$A$30) -> 46147 | G9: =IF(OR(AND($F8<=G$3, $F9 >= G$3), AND($F9<G$3, WORKDAY($F9, 22,Holiday!$A$1:$A$30)>G$3)), 1, 0)+IF(AND((G$3-$B$2)>=0,(G$3-$B$2)<30), 2,0) -> 0 | H9: =IF(OR(AND($F8<=H$3, $F9 >= H$3), AND($F9<H$3, WORKDAY($F9, 22,Holiday!$A$1:$A$30)>H$3)), 1, 0)+IF(AND((H$3-$B$2)>=0,(H$3-$B$2)<30), 2,0) -> 0 | I9: =IF(OR(AND($F8<=I$3, $F9 >= I$3), AND($F9<I$3, WORKDAY($F9, 22,Holiday!$A$1:$A$30)>I$3)), 1, 0)+IF(AND((I$3-$B$2)>=0,(I$3-$B$2)<30), 2,0) -> 0 | J9: =IF(OR(AND($F8<=J$3, $F9 >= J$3), AND($F9<J$3, WORKDAY($F9, 22,Holiday!$A$1:$A$30)>J$3)), 1, 0)+IF(AND((J$3-$B$2)>=0,(J$3-$B$2)<30), 2,0) -> 1 | K9: =IF(OR(AND($F8<=K$3, $F9 >= K$3), AND($F9<K$3, WORKDAY($F9, 22,Holiday!$A$1:$A$30)>K$3)), 1, 0)+IF(AND((K$3-$B$2)>=0,(K$3-$B$2)<30), 2,0) -> 0 | L9: =IF(OR(AND($F8<=L$3, $F9 >= L$3), AND($F9<L$3, WORKDAY($F9, 22,Holiday!$A$1:$A$30)>L$3)), 1, 0)+IF(AND((L$3-$B$2)>=0,(L$3-$B$2)<30), 2,0) -> 0 | M9: =IF(OR(AND($F8<=M$3, $F9 >= M$3), AND($F9<M$3, WORKDAY($F9, 22,Holiday!$A$1:$A$30)>M$3)), 1, 0)+IF(AND((M$3-$B$2)>=0,(M$3-$B$2)<30), 2,0) -> 0 | N9: =IF(OR(AND($F8<=N$3, $F9 >= N$3), AND($F9<N$3, WORKDAY($F9, 22,Holiday!$A$1:$A$30)>N$3)), 1, 0)+IF(AND((N$3-$B$2)>=0,(N$3-$B$2)<30), 2,0) -> 0 | ... AO9: =IF(OR(AND($F8<=AO$3, $F9 >= AO$3), AND($F9<AO$3, WORKDAY($F9, 22,Holiday!$A$1:$A$30)>AO$3)), 1, 0)+IF(AND((AO$3-$B$2)>=0,(AO$3-$B$2)<30), 2,0) -> 0
B10: CAMobileAppBODForLoans | C10: DEV 1 | D10: 5 | E10: =ROUNDUP(D10*(1+$D$2),0) -> 8 | F10: =WORKDAY(F9,E10,Holiday!$A$1:$A$30) -> 46157 | G10: =IF(OR(AND($F9<=G$3, $F10 >= G$3), AND($F10<G$3, WORKDAY($F10, 22,Holiday!$A$1:$A$30)>G$3)), 1, 0)+IF(AND((G$3-$B$2)>=0,(G$3-$B$2)<30), 2,0) -> 0 | H10: =IF(OR(AND($F9<=H$3, $F10 >= H$3), AND($F10<H$3, WORKDAY($F10, 22,Holiday!$A$1:$A$30)>H$3)), 1, 0)+IF(AND((H$3-$B$2)>=0,(H$3-$B$2)<30), 2,0) -> 0 | I10: =IF(OR(AND($F9<=I$3, $F10 >= I$3), AND($F10<I$3, WORKDAY($F10, 22,Holiday!$A$1:$A$30)>I$3)), 1, 0)+IF(AND((I$3-$B$2)>=0,(I$3-$B$2)<30), 2,0) -> 0 | J10: =IF(OR(AND($F9<=J$3, $F10 >= J$3), AND($F10<J$3, WORKDAY($F10, 22,Holiday!$A$1:$A$30)>J$3)), 1, 0)+IF(AND((J$3-$B$2)>=0,(J$3-$B$2)<30), 2,0) -> 1 | K10: =IF(OR(AND($F9<=K$3, $F10 >= K$3), AND($F10<K$3, WORKDAY($F10, 22,Holiday!$A$1:$A$30)>K$3)), 1, 0)+IF(AND((K$3-$B$2)>=0,(K$3-$B$2)<30), 2,0) -> 1 | L10: =IF(OR(AND($F9<=L$3, $F10 >= L$3), AND($F10<L$3, WORKDAY($F10, 22,Holiday!$A$1:$A$30)>L$3)), 1, 0)+IF(AND((L$3-$B$2)>=0,(L$3-$B$2)<30), 2,0) -> 0 | M10: =IF(OR(AND($F9<=M$3, $F10 >= M$3), AND($F10<M$3, WORKDAY($F10, 22,Holiday!$A$1:$A$30)>M$3)), 1, 0)+IF(AND((M$3-$B$2)>=0,(M$3-$B$2)<30), 2,0) -> 0 | N10: =IF(OR(AND($F9<=N$3, $F10 >= N$3), AND($F10<N$3, WORKDAY($F10, 22,Holiday!$A$1:$A$30)>N$3)), 1, 0)+IF(AND((N$3-$B$2)>=0,(N$3-$B$2)<30), 2,0) -> 0 | ... AO10: =IF(OR(AND($F9<=AO$3, $F10 >= AO$3), AND($F10<AO$3, WORKDAY($F10, 22,Holiday!$A$1:$A$30)>AO$3)), 1, 0)+IF(AND((AO$3-$B$2)>=0,(AO$3-$B$2)<30), 2,0) -> 0
B11: PreDueAutodialerForLoans | C11: DEV 1 | D11: 8 | E11: =ROUNDUP(D11*(1+$D$2),0) -> 12 | F11: =WORKDAY(F10,E11,Holiday!$A$1:$A$30) -> 46175 | G11: =IF(OR(AND($F10<=G$3, $F11 >= G$3), AND($F11<G$3, WORKDAY($F11, 22,Holiday!$A$1:$A$30)>G$3)), 1, 0)+IF(AND((G$3-$B$2)>=0,(G$3-$B$2)<30), 2,0) -> 0 | H11: =IF(OR(AND($F10<=H$3, $F11 >= H$3), AND($F11<H$3, WORKDAY($F11, 22,Holiday!$A$1:$A$30)>H$3)), 1, 0)+IF(AND((H$3-$B$2)>=0,(H$3-$B$2)<30), 2,0) -> 0 | I11: =IF(OR(AND($F10<=I$3, $F11 >= I$3), AND($F11<I$3, WORKDAY($F11, 22,Holiday!$A$1:$A$30)>I$3)), 1, 0)+IF(AND((I$3-$B$2)>=0,(I$3-$B$2)<30), 2,0) -> 0 | J11: =IF(OR(AND($F10<=J$3, $F11 >= J$3), AND($F11<J$3, WORKDAY($F11, 22,Holiday!$A$1:$A$30)>J$3)), 1, 0)+IF(AND((J$3-$B$2)>=0,(J$3-$B$2)<30), 2,0) -> 0 | K11: =IF(OR(AND($F10<=K$3, $F11 >= K$3), AND($F11<K$3, WORKDAY($F11, 22,Holiday!$A$1:$A$30)>K$3)), 1, 0)+IF(AND((K$3-$B$2)>=0,(K$3-$B$2)<30), 2,0) -> 1 | L11: =IF(OR(AND($F10<=L$3, $F11 >= L$3), AND($F11<L$3, WORKDAY($F11, 22,Holiday!$A$1:$A$30)>L$3)), 1, 0)+IF(AND((L$3-$B$2)>=0,(L$3-$B$2)<30), 2,0) -> 0 | M11: =IF(OR(AND($F10<=M$3, $F11 >= M$3), AND($F11<M$3, WORKDAY($F11, 22,Holiday!$A$1:$A$30)>M$3)), 1, 0)+IF(AND((M$3-$B$2)>=0,(M$3-$B$2)<30), 2,0) -> 0 | N11: =IF(OR(AND($F10<=N$3, $F11 >= N$3), AND($F11<N$3, WORKDAY($F11, 22,Holiday!$A$1:$A$30)>N$3)), 1, 0)+IF(AND((N$3-$B$2)>=0,(N$3-$B$2)<30), 2,0) -> 0 | ... AO11: =IF(OR(AND($F10<=AO$3, $F11 >= AO$3), AND($F11<AO$3, WORKDAY($F11, 22,Holiday!$A$1:$A$30)>AO$3)), 1, 0)+IF(AND((AO$3-$B$2)>=0,(AO$3-$B$2)<30), 2,0) -> 0
B12: PrioritizeAuodialers | C12: DEV 1 | D12: 13 | E12: =ROUNDUP(D12*(1+$D$2),0) -> 20 | F12: =WORKDAY(F11,E12,Holiday!$A$1:$A$30) -> 46203 | G12: =IF(OR(AND($F11<=G$3, $F12 >= G$3), AND($F12<G$3, WORKDAY($F12, 22,Holiday!$A$1:$A$30)>G$3)), 1, 0)+IF(AND((G$3-$B$2)>=0,(G$3-$B$2)<30), 2,0) -> 0 | H12: =IF(OR(AND($F11<=H$3, $F12 >= H$3), AND($F12<H$3, WORKDAY($F12, 22,Holiday!$A$1:$A$30)>H$3)), 1, 0)+IF(AND((H$3-$B$2)>=0,(H$3-$B$2)<30), 2,0) -> 0 | I12: =IF(OR(AND($F11<=I$3, $F12 >= I$3), AND($F12<I$3, WORKDAY($F12, 22,Holiday!$A$1:$A$30)>I$3)), 1, 0)+IF(AND((I$3-$B$2)>=0,(I$3-$B$2)<30), 2,0) -> 0 | J12: =IF(OR(AND($F11<=J$3, $F12 >= J$3), AND($F12<J$3, WORKDAY($F12, 22,Holiday!$A$1:$A$30)>J$3)), 1, 0)+IF(AND((J$3-$B$2)>=0,(J$3-$B$2)<30), 2,0) -> 0 | K12: =IF(OR(AND($F11<=K$3, $F12 >= K$3), AND($F12<K$3, WORKDAY($F12, 22,Holiday!$A$1:$A$30)>K$3)), 1, 0)+IF(AND((K$3-$B$2)>=0,(K$3-$B$2)<30), 2,0) -> 1 | L12: =IF(OR(AND($F11<=L$3, $F12 >= L$3), AND($F12<L$3, WORKDAY($F12, 22,Holiday!$A$1:$A$30)>L$3)), 1, 0)+IF(AND((L$3-$B$2)>=0,(L$3-$B$2)<30), 2,0) -> 1 | M12: =IF(OR(AND($F11<=M$3, $F12 >= M$3), AND($F12<M$3, WORKDAY($F12, 22,Holiday!$A$1:$A$30)>M$3)), 1, 0)+IF(AND((M$3-$B$2)>=0,(M$3-$B$2)<30), 2,0) -> 0 | N12: =IF(OR(AND($F11<=N$3, $F12 >= N$3), AND($F12<N$3, WORKDAY($F12, 22,Holiday!$A$1:$A$30)>N$3)), 1, 0)+IF(AND((N$3-$B$2)>=0,(N$3-$B$2)<30), 2,0) -> 0 | ... AO12: =IF(OR(AND($F11<=AO$3, $F12 >= AO$3), AND($F12<AO$3, WORKDAY($F12, 22,Holiday!$A$1:$A$30)>AO$3)), 1, 0)+IF(AND((AO$3-$B$2)>=0,(AO$3-$B$2)<30), 2,0) -> 0
B13: PostDuePrioritizeAuodialers | C13: DEV 1 | D13: 13 | E13: =ROUNDUP(D13*(1+$D$2),0) -> 20 | F13: =WORKDAY(F12,E13,Holiday!$A$1:$A$30) -> 46231 | G13: =IF(OR(AND($F12<=G$3, $F13 >= G$3), AND($F13<G$3, WORKDAY($F13, 22,Holiday!$A$1:$A$30)>G$3)), 1, 0)+IF(AND((G$3-$B$2)>=0,(G$3-$B$2)<30), 2,0) -> 0 | H13: =IF(OR(AND($F12<=H$3, $F13 >= H$3), AND($F13<H$3, WORKDAY($F13, 22,Holiday!$A$1:$A$30)>H$3)), 1, 0)+IF(AND((H$3-$B$2)>=0,(H$3-$B$2)<30), 2,0) -> 0 | I13: =IF(OR(AND($F12<=I$3, $F13 >= I$3), AND($F13<I$3, WORKDAY($F13, 22,Holiday!$A$1:$A$30)>I$3)), 1, 0)+IF(AND((I$3-$B$2)>=0,(I$3-$B$2)<30), 2,0) -> 0 | J13: =IF(OR(AND($F12<=J$3, $F13 >= J$3), AND($F13<J$3, WORKDAY($F13, 22,Holiday!$A$1:$A$30)>J$3)), 1, 0)+IF(AND((J$3-$B$2)>=0,(J$3-$B$2)<30), 2,0) -> 0 | K13: =IF(OR(AND($F12<=K$3, $F13 >= K$3), AND($F13<K$3, WORKDAY($F13, 22,Holiday!$A$1:$A$30)>K$3)), 1, 0)+IF(AND((K$3-$B$2)>=0,(K$3-$B$2)<30), 2,0) -> 0 | L13: =IF(OR(AND($F12<=L$3, $F13 >= L$3), AND($F13<L$3, WORKDAY($F13, 22,Holiday!$A$1:$A$30)>L$3)), 1, 0)+IF(AND((L$3-$B$2)>=0,(L$3-$B$2)<30), 2,0) -> 1 | M13: =IF(OR(AND($F12<=M$3, $F13 >= M$3), AND($F13<M$3, WORKDAY($F13, 22,Holiday!$A$1:$A$30)>M$3)), 1, 0)+IF(AND((M$3-$B$2)>=0,(M$3-$B$2)<30), 2,0) -> 1 | N13: =IF(OR(AND($F12<=N$3, $F13 >= N$3), AND($F13<N$3, WORKDAY($F13, 22,Holiday!$A$1:$A$30)>N$3)), 1, 0)+IF(AND((N$3-$B$2)>=0,(N$3-$B$2)<30), 2,0) -> 0 | ... AO13: =IF(OR(AND($F12<=AO$3, $F13 >= AO$3), AND($F13<AO$3, WORKDAY($F13, 22,Holiday!$A$1:$A$30)>AO$3)), 1, 0)+IF(AND((AO$3-$B$2)>=0,(AO$3-$B$2)<30), 2,0) -> 0
B14: DailySyncUpForFinnOne | C14: DEV 1 | D14: 15 | E14: =ROUNDUP(D14*(1+$D$2),0) -> 23 | F14: =WORKDAY(F13,E14,Holiday!$A$1:$A$30) -> 46262 | G14: =IF(OR(AND($F13<=G$3, $F14 >= G$3), AND($F14<G$3, WORKDAY($F14, 22,Holiday!$A$1:$A$30)>G$3)), 1, 0)+IF(AND((G$3-$B$2)>=0,(G$3-$B$2)<30), 2,0) -> 0 | H14: =IF(OR(AND($F13<=H$3, $F14 >= H$3), AND($F14<H$3, WORKDAY($F14, 22,Holiday!$A$1:$A$30)>H$3)), 1, 0)+IF(AND((H$3-$B$2)>=0,(H$3-$B$2)<30), 2,0) -> 0 | I14: =IF(OR(AND($F13<=I$3, $F14 >= I$3), AND($F14<I$3, WORKDAY($F14, 22,Holiday!$A$1:$A$30)>I$3)), 1, 0)+IF(AND((I$3-$B$2)>=0,(I$3-$B$2)<30), 2,0) -> 0 | J14: =IF(OR(AND($F13<=J$3, $F14 >= J$3), AND($F14<J$3, WORKDAY($F14, 22,Holiday!$A$1:$A$30)>J$3)), 1, 0)+IF(AND((J$3-$B$2)>=0,(J$3-$B$2)<30), 2,0) -> 0 | K14: =IF(OR(AND($F13<=K$3, $F14 >= K$3), AND($F14<K$3, WORKDAY($F14, 22,Holiday!$A$1:$A$30)>K$3)), 1, 0)+IF(AND((K$3-$B$2)>=0,(K$3-$B$2)<30), 2,0) -> 0 | L14: =IF(OR(AND($F13<=L$3, $F14 >= L$3), AND($F14<L$3, WORKDAY($F14, 22,Holiday!$A$1:$A$30)>L$3)), 1, 0)+IF(AND((L$3-$B$2)>=0,(L$3-$B$2)<30), 2,0) -> 0 | M14: =IF(OR(AND($F13<=M$3, $F14 >= M$3), AND($F14<M$3, WORKDAY($F14, 22,Holiday!$A$1:$A$30)>M$3)), 1, 0)+IF(AND((M$3-$B$2)>=0,(M$3-$B$2)<30), 2,0) -> 1 | N14: =IF(OR(AND($F13<=N$3, $F14 >= N$3), AND($F14<N$3, WORKDAY($F14, 22,Holiday!$A$1:$A$30)>N$3)), 1, 0)+IF(AND((N$3-$B$2)>=0,(N$3-$B$2)<30), 2,0) -> 1 | ... AO14: =IF(OR(AND($F13<=AO$3, $F14 >= AO$3), AND($F14<AO$3, WORKDAY($F14, 22,Holiday!$A$1:$A$30)>AO$3)), 1, 0)+IF(AND((AO$3-$B$2)>=0,(AO$3-$B$2)<30), 2,0) -> 0
B15: ExceptionalDailySyncUpForFinnOne | C15: DEV 1 | D15: 15 | E15: =ROUNDUP(D15*(1+$D$2),0) -> 23 | F15: =WORKDAY(F14,E15,Holiday!$A$1:$A$30) -> 46296 | G15: =IF(OR(AND($F14<=G$3, $F15 >= G$3), AND($F15<G$3, WORKDAY($F15, 22,Holiday!$A$1:$A$30)>G$3)), 1, 0)+IF(AND((G$3-$B$2)>=0,(G$3-$B$2)<30), 2,0) -> 0 | H15: =IF(OR(AND($F14<=H$3, $F15 >= H$3), AND($F15<H$3, WORKDAY($F15, 22,Holiday!$A$1:$A$30)>H$3)), 1, 0)+IF(AND((H$3-$B$2)>=0,(H$3-$B$2)<30), 2,0) -> 0 | I15: =IF(OR(AND($F14<=I$3, $F15 >= I$3), AND($F15<I$3, WORKDAY($F15, 22,Holiday!$A$1:$A$30)>I$3)), 1, 0)+IF(AND((I$3-$B$2)>=0,(I$3-$B$2)<30), 2,0) -> 0 | J15: =IF(OR(AND($F14<=J$3, $F15 >= J$3), AND($F15<J$3, WORKDAY($F15, 22,Holiday!$A$1:$A$30)>J$3)), 1, 0)+IF(AND((J$3-$B$2)>=0,(J$3-$B$2)<30), 2,0) -> 0 | K15: =IF(OR(AND($F14<=K$3, $F15 >= K$3), AND($F15<K$3, WORKDAY($F15, 22,Holiday!$A$1:$A$30)>K$3)), 1, 0)+IF(AND((K$3-$B$2)>=0,(K$3-$B$2)<30), 2,0) -> 0 | L15: =IF(OR(AND($F14<=L$3, $F15 >= L$3), AND($F15<L$3, WORKDAY($F15, 22,Holiday!$A$1:$A$30)>L$3)), 1, 0)+IF(AND((L$3-$B$2)>=0,(L$3-$B$2)<30), 2,0) -> 0 | M15: =IF(OR(AND($F14<=M$3, $F15 >= M$3), AND($F15<M$3, WORKDAY($F15, 22,Holiday!$A$1:$A$30)>M$3)), 1, 0)+IF(AND((M$3-$B$2)>=0,(M$3-$B$2)<30), 2,0) -> 0 | N15: =IF(OR(AND($F14<=N$3, $F15 >= N$3), AND($F15<N$3, WORKDAY($F15, 22,Holiday!$A$1:$A$30)>N$3)), 1, 0)+IF(AND((N$3-$B$2)>=0,(N$3-$B$2)<30), 2,0) -> 1 | ... AO15: =IF(OR(AND($F14<=AO$3, $F15 >= AO$3), AND($F15<AO$3, WORKDAY($F15, 22,Holiday!$A$1:$A$30)>AO$3)), 1, 0)+IF(AND((AO$3-$B$2)>=0,(AO$3-$B$2)<30), 2,0) -> 0
B16: ExceptionalDailySyncUpForVisionPlus | C16: DEV 2 | D16: 13 | E16: =ROUNDUP(D16*(1+$D$2),0) -> 20 | F16: =WORKDAY(F5,E16,Holiday!$A$1:$A$30) -> 46093 | G16: =IF(OR(AND($F15<=G$3, $F16 >= G$3), AND($F16<G$3, WORKDAY($F16, 22,Holiday!$A$1:$A$30)>G$3)), 1, 0)+IF(AND((G$3-$B$2)>=0,(G$3-$B$2)<30), 2,0) -> 0 | H16: =IF(OR(AND($F15<=H$3, $F16 >= H$3), AND($F16<H$3, WORKDAY($F16, 22,Holiday!$A$1:$A$30)>H$3)), 1, 0)+IF(AND((H$3-$B$2)>=0,(H$3-$B$2)<30), 2,0) -> 0 | I16: =IF(OR(AND($F15<=I$3, $F16 >= I$3), AND($F16<I$3, WORKDAY($F16, 22,Holiday!$A$1:$A$30)>I$3)), 1, 0)+IF(AND((I$3-$B$2)>=0,(I$3-$B$2)<30), 2,0) -> 1 | J16: =IF(OR(AND($F15<=J$3, $F16 >= J$3), AND($F16<J$3, WORKDAY($F16, 22,Holiday!$A$1:$A$30)>J$3)), 1, 0)+IF(AND((J$3-$B$2)>=0,(J$3-$B$2)<30), 2,0) -> 0 | K16: =IF(OR(AND($F15<=K$3, $F16 >= K$3), AND($F16<K$3, WORKDAY($F16, 22,Holiday!$A$1:$A$30)>K$3)), 1, 0)+IF(AND((K$3-$B$2)>=0,(K$3-$B$2)<30), 2,0) -> 0 | L16: =IF(OR(AND($F15<=L$3, $F16 >= L$3), AND($F16<L$3, WORKDAY($F16, 22,Holiday!$A$1:$A$30)>L$3)), 1, 0)+IF(AND((L$3-$B$2)>=0,(L$3-$B$2)<30), 2,0) -> 0 | M16: =IF(OR(AND($F15<=M$3, $F16 >= M$3), AND($F16<M$3, WORKDAY($F16, 22,Holiday!$A$1:$A$30)>M$3)), 1, 0)+IF(AND((M$3-$B$2)>=0,(M$3-$B$2)<30), 2,0) -> 0 | N16: =IF(OR(AND($F15<=N$3, $F16 >= N$3), AND($F16<N$3, WORKDAY($F16, 22,Holiday!$A$1:$A$30)>N$3)), 1, 0)+IF(AND((N$3-$B$2)>=0,(N$3-$B$2)<30), 2,0) -> 0 | ... AO16: =IF(OR(AND($F15<=AO$3, $F16 >= AO$3), AND($F16<AO$3, WORKDAY($F16, 22,Holiday!$A$1:$A$30)>AO$3)), 1, 0)+IF(AND((AO$3-$B$2)>=0,(AO$3-$B$2)<30), 2,0) -> 0
B17: PostDueAutodialer | C17: DEV 2 | D17: 3 | E17: =ROUNDUP(D17*(1+$D$2),0) -> 5 | F17: =WORKDAY(F16,E17,Holiday!$A$1:$A$30) -> 46100 | G17: =IF(OR(AND($F16<=G$3, $F17 >= G$3), AND($F17<G$3, WORKDAY($F17, 22,Holiday!$A$1:$A$30)>G$3)), 1, 0)+IF(AND((G$3-$B$2)>=0,(G$3-$B$2)<30), 2,0) -> 0 | H17: =IF(OR(AND($F16<=H$3, $F17 >= H$3), AND($F17<H$3, WORKDAY($F17, 22,Holiday!$A$1:$A$30)>H$3)), 1, 0)+IF(AND((H$3-$B$2)>=0,(H$3-$B$2)<30), 2,0) -> 0 | I17: =IF(OR(AND($F16<=I$3, $F17 >= I$3), AND($F17<I$3, WORKDAY($F17, 22,Holiday!$A$1:$A$30)>I$3)), 1, 0)+IF(AND((I$3-$B$2)>=0,(I$3-$B$2)<30), 2,0) -> 1 | J17: =IF(OR(AND($F16<=J$3, $F17 >= J$3), AND($F17<J$3, WORKDAY($F17, 22,Holiday!$A$1:$A$30)>J$3)), 1, 0)+IF(AND((J$3-$B$2)>=0,(J$3-$B$2)<30), 2,0) -> 0 | K17: =IF(OR(AND($F16<=K$3, $F17 >= K$3), AND($F17<K$3, WORKDAY($F17, 22,Holiday!$A$1:$A$30)>K$3)), 1, 0)+IF(AND((K$3-$B$2)>=0,(K$3-$B$2)<30), 2,0) -> 0 | L17: =IF(OR(AND($F16<=L$3, $F17 >= L$3), AND($F17<L$3, WORKDAY($F17, 22,Holiday!$A$1:$A$30)>L$3)), 1, 0)+IF(AND((L$3-$B$2)>=0,(L$3-$B$2)<30), 2,0) -> 0 | M17: =IF(OR(AND($F16<=M$3, $F17 >= M$3), AND($F17<M$3, WORKDAY($F17, 22,Holiday!$A$1:$A$30)>M$3)), 1, 0)+IF(AND((M$3-$B$2)>=0,(M$3-$B$2)<30), 2,0) -> 0 | N17: =IF(OR(AND($F16<=N$3, $F17 >= N$3), AND($F17<N$3, WORKDAY($F17, 22,Holiday!$A$1:$A$30)>N$3)), 1, 0)+IF(AND((N$3-$B$2)>=0,(N$3-$B$2)<30), 2,0) -> 0 | ... AO17: =IF(OR(AND($F16<=AO$3, $F17 >= AO$3), AND($F17<AO$3, WORKDAY($F17, 22,Holiday!$A$1:$A$30)>AO$3)), 1, 0)+IF(AND((AO$3-$B$2)>=0,(AO$3-$B$2)<30), 2,0) -> 0
B18: DailySyncUpForVisionPlus | C18: DEV 2 | D18: 13 | E18: =ROUNDUP(D18*(1+$D$2),0) -> 20 | F18: =WORKDAY(F17,E18,Holiday!$A$1:$A$30) -> 46128 | G18: =IF(OR(AND($F17<=G$3, $F18 >= G$3), AND($F18<G$3, WORKDAY($F18, 22,Holiday!$A$1:$A$30)>G$3)), 1, 0)+IF(AND((G$3-$B$2)>=0,(G$3-$B$2)<30), 2,0) -> 0 | H18: =IF(OR(AND($F17<=H$3, $F18 >= H$3), AND($F18<H$3, WORKDAY($F18, 22,Holiday!$A$1:$A$30)>H$3)), 1, 0)+IF(AND((H$3-$B$2)>=0,(H$3-$B$2)<30), 2,0) -> 0 | I18: =IF(OR(AND($F17<=I$3, $F18 >= I$3), AND($F18<I$3, WORKDAY($F18, 22,Holiday!$A$1:$A$30)>I$3)), 1, 0)+IF(AND((I$3-$B$2)>=0,(I$3-$B$2)<30), 2,0) -> 1 | J18: =IF(OR(AND($F17<=J$3, $F18 >= J$3), AND($F18<J$3, WORKDAY($F18, 22,Holiday!$A$1:$A$30)>J$3)), 1, 0)+IF(AND((J$3-$B$2)>=0,(J$3-$B$2)<30), 2,0) -> 1 | K18: =IF(OR(AND($F17<=K$3, $F18 >= K$3), AND($F18<K$3, WORKDAY($F18, 22,Holiday!$A$1:$A$30)>K$3)), 1, 0)+IF(AND((K$3-$B$2)>=0,(K$3-$B$2)<30), 2,0) -> 0 | L18: =IF(OR(AND($F17<=L$3, $F18 >= L$3), AND($F18<L$3, WORKDAY($F18, 22,Holiday!$A$1:$A$30)>L$3)), 1, 0)+IF(AND((L$3-$B$2)>=0,(L$3-$B$2)<30), 2,0) -> 0 | M18: =IF(OR(AND($F17<=M$3, $F18 >= M$3), AND($F18<M$3, WORKDAY($F18, 22,Holiday!$A$1:$A$30)>M$3)), 1, 0)+IF(AND((M$3-$B$2)>=0,(M$3-$B$2)<30), 2,0) -> 0 | N18: =IF(OR(AND($F17<=N$3, $F18 >= N$3), AND($F18<N$3, WORKDAY($F18, 22,Holiday!$A$1:$A$30)>N$3)), 1, 0)+IF(AND((N$3-$B$2)>=0,(N$3-$B$2)<30), 2,0) -> 0 | ... AO18: =IF(OR(AND($F17<=AO$3, $F18 >= AO$3), AND($F18<AO$3, WORKDAY($F18, 22,Holiday!$A$1:$A$30)>AO$3)), 1, 0)+IF(AND((AO$3-$B$2)>=0,(AO$3-$B$2)<30), 2,0) -> 0
B19: CAMobileAppBODForCards | C19: DEV 2 | D19: 5 | E19: =ROUNDUP(D19*(1+$D$2),0) -> 8 | F19: =WORKDAY(F18,E19,Holiday!$A$1:$A$30) -> 46140 | G19: =IF(OR(AND($F18<=G$3, $F19 >= G$3), AND($F19<G$3, WORKDAY($F19, 22,Holiday!$A$1:$A$30)>G$3)), 1, 0)+IF(AND((G$3-$B$2)>=0,(G$3-$B$2)<30), 2,0) -> 0 | H19: =IF(OR(AND($F18<=H$3, $F19 >= H$3), AND($F19<H$3, WORKDAY($F19, 22,Holiday!$A$1:$A$30)>H$3)), 1, 0)+IF(AND((H$3-$B$2)>=0,(H$3-$B$2)<30), 2,0) -> 0 | I19: =IF(OR(AND($F18<=I$3, $F19 >= I$3), AND($F19<I$3, WORKDAY($F19, 22,Holiday!$A$1:$A$30)>I$3)), 1, 0)+IF(AND((I$3-$B$2)>=0,(I$3-$B$2)<30), 2,0) -> 0 | J19: =IF(OR(AND($F18<=J$3, $F19 >= J$3), AND($F19<J$3, WORKDAY($F19, 22,Holiday!$A$1:$A$30)>J$3)), 1, 0)+IF(AND((J$3-$B$2)>=0,(J$3-$B$2)<30), 2,0) -> 1 | K19: =IF(OR(AND($F18<=K$3, $F19 >= K$3), AND($F19<K$3, WORKDAY($F19, 22,Holiday!$A$1:$A$30)>K$3)), 1, 0)+IF(AND((K$3-$B$2)>=0,(K$3-$B$2)<30), 2,0) -> 0 | L19: =IF(OR(AND($F18<=L$3, $F19 >= L$3), AND($F19<L$3, WORKDAY($F19, 22,Holiday!$A$1:$A$30)>L$3)), 1, 0)+IF(AND((L$3-$B$2)>=0,(L$3-$B$2)<30), 2,0) -> 0 | M19: =IF(OR(AND($F18<=M$3, $F19 >= M$3), AND($F19<M$3, WORKDAY($F19, 22,Holiday!$A$1:$A$30)>M$3)), 1, 0)+IF(AND((M$3-$B$2)>=0,(M$3-$B$2)<30), 2,0) -> 0 | N19: =IF(OR(AND($F18<=N$3, $F19 >= N$3), AND($F19<N$3, WORKDAY($F19, 22,Holiday!$A$1:$A$30)>N$3)), 1, 0)+IF(AND((N$3-$B$2)>=0,(N$3-$B$2)<30), 2,0) -> 0 | ... AO19: =IF(OR(AND($F18<=AO$3, $F19 >= AO$3), AND($F19<AO$3, WORKDAY($F19, 22,Holiday!$A$1:$A$30)>AO$3)), 1, 0)+IF(AND((AO$3-$B$2)>=0,(AO$3-$B$2)<30), 2,0) -> 0
B20: PreDueAutodialerForCards | C20: DEV 2 | D20: 8 | E20: =ROUNDUP(D20*(1+$D$2),0) -> 12 | F20: =WORKDAY(F19,E20,Holiday!$A$1:$A$30) -> 46160 | G20: =IF(OR(AND($F19<=G$3, $F20 >= G$3), AND($F20<G$3, WORKDAY($F20, 22,Holiday!$A$1:$A$30)>G$3)), 1, 0)+IF(AND((G$3-$B$2)>=0,(G$3-$B$2)<30), 2,0) -> 0 | H20: =IF(OR(AND($F19<=H$3, $F20 >= H$3), AND($F20<H$3, WORKDAY($F20, 22,Holiday!$A$1:$A$30)>H$3)), 1, 0)+IF(AND((H$3-$B$2)>=0,(H$3-$B$2)<30), 2,0) -> 0 | I20: =IF(OR(AND($F19<=I$3, $F20 >= I$3), AND($F20<I$3, WORKDAY($F20, 22,Holiday!$A$1:$A$30)>I$3)), 1, 0)+IF(AND((I$3-$B$2)>=0,(I$3-$B$2)<30), 2,0) -> 0 | J20: =IF(OR(AND($F19<=J$3, $F20 >= J$3), AND($F20<J$3, WORKDAY($F20, 22,Holiday!$A$1:$A$30)>J$3)), 1, 0)+IF(AND((J$3-$B$2)>=0,(J$3-$B$2)<30), 2,0) -> 1 | K20: =IF(OR(AND($F19<=K$3, $F20 >= K$3), AND($F20<K$3, WORKDAY($F20, 22,Holiday!$A$1:$A$30)>K$3)), 1, 0)+IF(AND((K$3-$B$2)>=0,(K$3-$B$2)<30), 2,0) -> 1 | L20: =IF(OR(AND($F19<=L$3, $F20 >= L$3), AND($F20<L$3, WORKDAY($F20, 22,Holiday!$A$1:$A$30)>L$3)), 1, 0)+IF(AND((L$3-$B$2)>=0,(L$3-$B$2)<30), 2,0) -> 0 | M20: =IF(OR(AND($F19<=M$3, $F20 >= M$3), AND($F20<M$3, WORKDAY($F20, 22,Holiday!$A$1:$A$30)>M$3)), 1, 0)+IF(AND((M$3-$B$2)>=0,(M$3-$B$2)<30), 2,0) -> 0 | N20: =IF(OR(AND($F19<=N$3, $F20 >= N$3), AND($F20<N$3, WORKDAY($F20, 22,Holiday!$A$1:$A$30)>N$3)), 1, 0)+IF(AND((N$3-$B$2)>=0,(N$3-$B$2)<30), 2,0) -> 0 | ... AO20: =IF(OR(AND($F19<=AO$3, $F20 >= AO$3), AND($F20<AO$3, WORKDAY($F20, 22,Holiday!$A$1:$A$30)>AO$3)), 1, 0)+IF(AND((AO$3-$B$2)>=0,(AO$3-$B$2)<30), 2,0) -> 0
B21: RefreshFinacleData | C21: DEV 2 | D21: 8 | E21: =ROUNDUP(D21*(1+$D$2),0) -> 12 | F21: =WORKDAY(F20,E21,Holiday!$A$1:$A$30) -> 46176 | G21: =IF(OR(AND($F20<=G$3, $F21 >= G$3), AND($F21<G$3, WORKDAY($F21, 22,Holiday!$A$1:$A$30)>G$3)), 1, 0)+IF(AND((G$3-$B$2)>=0,(G$3-$B$2)<30), 2,0) -> 0 | H21: =IF(OR(AND($F20<=H$3, $F21 >= H$3), AND($F21<H$3, WORKDAY($F21, 22,Holiday!$A$1:$A$30)>H$3)), 1, 0)+IF(AND((H$3-$B$2)>=0,(H$3-$B$2)<30), 2,0) -> 0 | I21: =IF(OR(AND($F20<=I$3, $F21 >= I$3), AND($F21<I$3, WORKDAY($F21, 22,Holiday!$A$1:$A$30)>I$3)), 1, 0)+IF(AND((I$3-$B$2)>=0,(I$3-$B$2)<30), 2,0) -> 0 | J21: =IF(OR(AND($F20<=J$3, $F21 >= J$3), AND($F21<J$3, WORKDAY($F21, 22,Holiday!$A$1:$A$30)>J$3)), 1, 0)+IF(AND((J$3-$B$2)>=0,(J$3-$B$2)<30), 2,0) -> 0 | K21: =IF(OR(AND($F20<=K$3, $F21 >= K$3), AND($F21<K$3, WORKDAY($F21, 22,Holiday!$A$1:$A$30)>K$3)), 1, 0)+IF(AND((K$3-$B$2)>=0,(K$3-$B$2)<30), 2,0) -> 1 | L21: =IF(OR(AND($F20<=L$3, $F21 >= L$3), AND($F21<L$3, WORKDAY($F21, 22,Holiday!$A$1:$A$30)>L$3)), 1, 0)+IF(AND((L$3-$B$2)>=0,(L$3-$B$2)<30), 2,0) -> 0 | M21: =IF(OR(AND($F20<=M$3, $F21 >= M$3), AND($F21<M$3, WORKDAY($F21, 22,Holiday!$A$1:$A$30)>M$3)), 1, 0)+IF(AND((M$3-$B$2)>=0,(M$3-$B$2)<30), 2,0) -> 0 | N21: =IF(OR(AND($F20<=N$3, $F21 >= N$3), AND($F21<N$3, WORKDAY($F21, 22,Holiday!$A$1:$A$30)>N$3)), 1, 0)+IF(AND((N$3-$B$2)>=0,(N$3-$B$2)<30), 2,0) -> 0 | ... AO21: =IF(OR(AND($F20<=AO$3, $F21 >= AO$3), AND($F21<AO$3, WORKDAY($F21, 22,Holiday!$A$1:$A$30)>AO$3)), 1, 0)+IF(AND((AO$3-$B$2)>=0,(AO$3-$B$2)<30), 2,0) -> 0
B22: PreDueSMSAndVB | C22: DEV 2 | D22: 8 | E22: =ROUNDUP(D22*(1+$D$2),0) -> 12 | F22: =WORKDAY(F21,E22,Holiday!$A$1:$A$30) -> 46192 | G22: =IF(OR(AND($F21<=G$3, $F22 >= G$3), AND($F22<G$3, WORKDAY($F22, 22,Holiday!$A$1:$A$30)>G$3)), 1, 0)+IF(AND((G$3-$B$2)>=0,(G$3-$B$2)<30), 2,0) -> 0 | H22: =IF(OR(AND($F21<=H$3, $F22 >= H$3), AND($F22<H$3, WORKDAY($F22, 22,Holiday!$A$1:$A$30)>H$3)), 1, 0)+IF(AND((H$3-$B$2)>=0,(H$3-$B$2)<30), 2,0) -> 0 | I22: =IF(OR(AND($F21<=I$3, $F22 >= I$3), AND($F22<I$3, WORKDAY($F22, 22,Holiday!$A$1:$A$30)>I$3)), 1, 0)+IF(AND((I$3-$B$2)>=0,(I$3-$B$2)<30), 2,0) -> 0 | J22: =IF(OR(AND($F21<=J$3, $F22 >= J$3), AND($F22<J$3, WORKDAY($F22, 22,Holiday!$A$1:$A$30)>J$3)), 1, 0)+IF(AND((J$3-$B$2)>=0,(J$3-$B$2)<30), 2,0) -> 0 | K22: =IF(OR(AND($F21<=K$3, $F22 >= K$3), AND($F22<K$3, WORKDAY($F22, 22,Holiday!$A$1:$A$30)>K$3)), 1, 0)+IF(AND((K$3-$B$2)>=0,(K$3-$B$2)<30), 2,0) -> 1 | L22: =IF(OR(AND($F21<=L$3, $F22 >= L$3), AND($F22<L$3, WORKDAY($F22, 22,Holiday!$A$1:$A$30)>L$3)), 1, 0)+IF(AND((L$3-$B$2)>=0,(L$3-$B$2)<30), 2,0) -> 1 | M22: =IF(OR(AND($F21<=M$3, $F22 >= M$3), AND($F22<M$3, WORKDAY($F22, 22,Holiday!$A$1:$A$30)>M$3)), 1, 0)+IF(AND((M$3-$B$2)>=0,(M$3-$B$2)<30), 2,0) -> 0 | N22: =IF(OR(AND($F21<=N$3, $F22 >= N$3), AND($F22<N$3, WORKDAY($F22, 22,Holiday!$A$1:$A$30)>N$3)), 1, 0)+IF(AND((N$3-$B$2)>=0,(N$3-$B$2)<30), 2,0) -> 0 | ... AO22: =IF(OR(AND($F21<=AO$3, $F22 >= AO$3), AND($F22<AO$3, WORKDAY($F22, 22,Holiday!$A$1:$A$30)>AO$3)), 1, 0)+IF(AND((AO$3-$B$2)>=0,(AO$3-$B$2)<30), 2,0) -> 0
B23: RefreshVisionPlusData | C23: DEV 2 | D23: 5 | E23: =ROUNDUP(D23*(1+$D$2),0) -> 8 | F23: =WORKDAY(F22,E23,Holiday!$A$1:$A$30) -> 46204 | G23: =IF(OR(AND($F22<=G$3, $F23 >= G$3), AND($F23<G$3, WORKDAY($F23, 22,Holiday!$A$1:$A$30)>G$3)), 1, 0)+IF(AND((G$3-$B$2)>=0,(G$3-$B$2)<30), 2,0) -> 0 | H23: =IF(OR(AND($F22<=H$3, $F23 >= H$3), AND($F23<H$3, WORKDAY($F23, 22,Holiday!$A$1:$A$30)>H$3)), 1, 0)+IF(AND((H$3-$B$2)>=0,(H$3-$B$2)<30), 2,0) -> 0 | I23: =IF(OR(AND($F22<=I$3, $F23 >= I$3), AND($F23<I$3, WORKDAY($F23, 22,Holiday!$A$1:$A$30)>I$3)), 1, 0)+IF(AND((I$3-$B$2)>=0,(I$3-$B$2)<30), 2,0) -> 0 | J23: =IF(OR(AND($F22<=J$3, $F23 >= J$3), AND($F23<J$3, WORKDAY($F23, 22,Holiday!$A$1:$A$30)>J$3)), 1, 0)+IF(AND((J$3-$B$2)>=0,(J$3-$B$2)<30), 2,0) -> 0 | K23: =IF(OR(AND($F22<=K$3, $F23 >= K$3), AND($F23<K$3, WORKDAY($F23, 22,Holiday!$A$1:$A$30)>K$3)), 1, 0)+IF(AND((K$3-$B$2)>=0,(K$3-$B$2)<30), 2,0) -> 0 | L23: =IF(OR(AND($F22<=L$3, $F23 >= L$3), AND($F23<L$3, WORKDAY($F23, 22,Holiday!$A$1:$A$30)>L$3)), 1, 0)+IF(AND((L$3-$B$2)>=0,(L$3-$B$2)<30), 2,0) -> 1 | M23: =IF(OR(AND($F22<=M$3, $F23 >= M$3), AND($F23<M$3, WORKDAY($F23, 22,Holiday!$A$1:$A$30)>M$3)), 1, 0)+IF(AND((M$3-$B$2)>=0,(M$3-$B$2)<30), 2,0) -> 0 | N23: =IF(OR(AND($F22<=N$3, $F23 >= N$3), AND($F23<N$3, WORKDAY($F23, 22,Holiday!$A$1:$A$30)>N$3)), 1, 0)+IF(AND((N$3-$B$2)>=0,(N$3-$B$2)<30), 2,0) -> 0 | ... AO23: =IF(OR(AND($F22<=AO$3, $F23 >= AO$3), AND($F23<AO$3, WORKDAY($F23, 22,Holiday!$A$1:$A$30)>AO$3)), 1, 0)+IF(AND((AO$3-$B$2)>=0,(AO$3-$B$2)<30), 2,0) -> 0
B24: PostDueSMSAndVB | C24: DEV 2 | D24: 8 | E24: =ROUNDUP(D24*(1+$D$2),0) -> 12 | F24: =WORKDAY(F23,E24,Holiday!$A$1:$A$30) -> 46220 | G24: =IF(OR(AND($F23<=G$3, $F24 >= G$3), AND($F24<G$3, WORKDAY($F24, 22,Holiday!$A$1:$A$30)>G$3)), 1, 0)+IF(AND((G$3-$B$2)>=0,(G$3-$B$2)<30), 2,0) -> 0 | H24: =IF(OR(AND($F23<=H$3, $F24 >= H$3), AND($F24<H$3, WORKDAY($F24, 22,Holiday!$A$1:$A$30)>H$3)), 1, 0)+IF(AND((H$3-$B$2)>=0,(H$3-$B$2)<30), 2,0) -> 0 | I24: =IF(OR(AND($F23<=I$3, $F24 >= I$3), AND($F24<I$3, WORKDAY($F24, 22,Holiday!$A$1:$A$30)>I$3)), 1, 0)+IF(AND((I$3-$B$2)>=0,(I$3-$B$2)<30), 2,0) -> 0 | J24: =IF(OR(AND($F23<=J$3, $F24 >= J$3), AND($F24<J$3, WORKDAY($F24, 22,Holiday!$A$1:$A$30)>J$3)), 1, 0)+IF(AND((J$3-$B$2)>=0,(J$3-$B$2)<30), 2,0) -> 0 | K24: =IF(OR(AND($F23<=K$3, $F24 >= K$3), AND($F24<K$3, WORKDAY($F24, 22,Holiday!$A$1:$A$30)>K$3)), 1, 0)+IF(AND((K$3-$B$2)>=0,(K$3-$B$2)<30), 2,0) -> 0 | L24: =IF(OR(AND($F23<=L$3, $F24 >= L$3), AND($F24<L$3, WORKDAY($F24, 22,Holiday!$A$1:$A$30)>L$3)), 1, 0)+IF(AND((L$3-$B$2)>=0,(L$3-$B$2)<30), 2,0) -> 1 | M24: =IF(OR(AND($F23<=M$3, $F24 >= M$3), AND($F24<M$3, WORKDAY($F24, 22,Holiday!$A$1:$A$30)>M$3)), 1, 0)+IF(AND((M$3-$B$2)>=0,(M$3-$B$2)<30), 2,0) -> 1 | N24: =IF(OR(AND($F23<=N$3, $F24 >= N$3), AND($F24<N$3, WORKDAY($F24, 22,Holiday!$A$1:$A$30)>N$3)), 1, 0)+IF(AND((N$3-$B$2)>=0,(N$3-$B$2)<30), 2,0) -> 0 | ... AO24: =IF(OR(AND($F23<=AO$3, $F24 >= AO$3), AND($F24<AO$3, WORKDAY($F24, 22,Holiday!$A$1:$A$30)>AO$3)), 1, 0)+IF(AND((AO$3-$B$2)>=0,(AO$3-$B$2)<30), 2,0) -> 0
B25: RefreshFinnOneData | C25: DEV 2 | D25: 8 | E25: =ROUNDUP(D25*(1+$D$2),0) -> 12 | F25: =WORKDAY(F24,E25,Holiday!$A$1:$A$30) -> 46238 | G25: =IF(OR(AND($F24<=G$3, $F25 >= G$3), AND($F25<G$3, WORKDAY($F25, 22,Holiday!$A$1:$A$30)>G$3)), 1, 0)+IF(AND((G$3-$B$2)>=0,(G$3-$B$2)<30), 2,0) -> 0 | H25: =IF(OR(AND($F24<=H$3, $F25 >= H$3), AND($F25<H$3, WORKDAY($F25, 22,Holiday!$A$1:$A$30)>H$3)), 1, 0)+IF(AND((H$3-$B$2)>=0,(H$3-$B$2)<30), 2,0) -> 0 | I25: =IF(OR(AND($F24<=I$3, $F25 >= I$3), AND($F25<I$3, WORKDAY($F25, 22,Holiday!$A$1:$A$30)>I$3)), 1, 0)+IF(AND((I$3-$B$2)>=0,(I$3-$B$2)<30), 2,0) -> 0 | J25: =IF(OR(AND($F24<=J$3, $F25 >= J$3), AND($F25<J$3, WORKDAY($F25, 22,Holiday!$A$1:$A$30)>J$3)), 1, 0)+IF(AND((J$3-$B$2)>=0,(J$3-$B$2)<30), 2,0) -> 0 | K25: =IF(OR(AND($F24<=K$3, $F25 >= K$3), AND($F25<K$3, WORKDAY($F25, 22,Holiday!$A$1:$A$30)>K$3)), 1, 0)+IF(AND((K$3-$B$2)>=0,(K$3-$B$2)<30), 2,0) -> 0 | L25: =IF(OR(AND($F24<=L$3, $F25 >= L$3), AND($F25<L$3, WORKDAY($F25, 22,Holiday!$A$1:$A$30)>L$3)), 1, 0)+IF(AND((L$3-$B$2)>=0,(L$3-$B$2)<30), 2,0) -> 0 | M25: =IF(OR(AND($F24<=M$3, $F25 >= M$3), AND($F25<M$3, WORKDAY($F25, 22,Holiday!$A$1:$A$30)>M$3)), 1, 0)+IF(AND((M$3-$B$2)>=0,(M$3-$B$2)<30), 2,0) -> 1 | N25: =IF(OR(AND($F24<=N$3, $F25 >= N$3), AND($F25<N$3, WORKDAY($F25, 22,Holiday!$A$1:$A$30)>N$3)), 1, 0)+IF(AND((N$3-$B$2)>=0,(N$3-$B$2)<30), 2,0) -> 0 | ... AO25: =IF(OR(AND($F24<=AO$3, $F25 >= AO$3), AND($F25<AO$3, WORKDAY($F25, 22,Holiday!$A$1:$A$30)>AO$3)), 1, 0)+IF(AND((AO$3-$B$2)>=0,(AO$3-$B$2)<30), 2,0) -> 0
B26: ExtractProcessCollectionData | C26: DEV 2 | D26: 3 | E26: =ROUNDUP(D26*(1+$D$2),0) -> 5 | F26: =WORKDAY(F25,E26,Holiday!$A$1:$A$30) -> 46245 | G26: =IF(OR(AND($F25<=G$3, $F26 >= G$3), AND($F26<G$3, WORKDAY($F26, 22,Holiday!$A$1:$A$30)>G$3)), 1, 0)+IF(AND((G$3-$B$2)>=0,(G$3-$B$2)<30), 2,0) -> 0 | H26: =IF(OR(AND($F25<=H$3, $F26 >= H$3), AND($F26<H$3, WORKDAY($F26, 22,Holiday!$A$1:$A$30)>H$3)), 1, 0)+IF(AND((H$3-$B$2)>=0,(H$3-$B$2)<30), 2,0) -> 0 | I26: =IF(OR(AND($F25<=I$3, $F26 >= I$3), AND($F26<I$3, WORKDAY($F26, 22,Holiday!$A$1:$A$30)>I$3)), 1, 0)+IF(AND((I$3-$B$2)>=0,(I$3-$B$2)<30), 2,0) -> 0 | J26: =IF(OR(AND($F25<=J$3, $F26 >= J$3), AND($F26<J$3, WORKDAY($F26, 22,Holiday!$A$1:$A$30)>J$3)), 1, 0)+IF(AND((J$3-$B$2)>=0,(J$3-$B$2)<30), 2,0) -> 0 | K26: =IF(OR(AND($F25<=K$3, $F26 >= K$3), AND($F26<K$3, WORKDAY($F26, 22,Holiday!$A$1:$A$30)>K$3)), 1, 0)+IF(AND((K$3-$B$2)>=0,(K$3-$B$2)<30), 2,0) -> 0 | L26: =IF(OR(AND($F25<=L$3, $F26 >= L$3), AND($F26<L$3, WORKDAY($F26, 22,Holiday!$A$1:$A$30)>L$3)), 1, 0)+IF(AND((L$3-$B$2)>=0,(L$3-$B$2)<30), 2,0) -> 0 | M26: =IF(OR(AND($F25<=M$3, $F26 >= M$3), AND($F26<M$3, WORKDAY($F26, 22,Holiday!$A$1:$A$30)>M$3)), 1, 0)+IF(AND((M$3-$B$2)>=0,(M$3-$B$2)<30), 2,0) -> 1 | N26: =IF(OR(AND($F25<=N$3, $F26 >= N$3), AND($F26<N$3, WORKDAY($F26, 22,Holiday!$A$1:$A$30)>N$3)), 1, 0)+IF(AND((N$3-$B$2)>=0,(N$3-$B$2)<30), 2,0) -> 1 | ... AO26: =IF(OR(AND($F25<=AO$3, $F26 >= AO$3), AND($F26<AO$3, WORKDAY($F26, 22,Holiday!$A$1:$A$30)>AO$3)), 1, 0)+IF(AND((AO$3-$B$2)>=0,(AO$3-$B$2)<30), 2,0) -> 0
B27: Destination configurations | C27: DEV 2 | D27: 10 | E27: =ROUNDUP(D27*(1+$D$2),0) -> 15 | F27: =WORKDAY(F26,E27,Holiday!$A$1:$A$30) -> 46266 | G27: =IF(OR(AND($F26<=G$3, $F27 >= G$3), AND($F27<G$3, WORKDAY($F27, 22,Holiday!$A$1:$A$30)>G$3)), 1, 0)+IF(AND((G$3-$B$2)>=0,(G$3-$B$2)<30), 2,0) -> 0 | H27: =IF(OR(AND($F26<=H$3, $F27 >= H$3), AND($F27<H$3, WORKDAY($F27, 22,Holiday!$A$1:$A$30)>H$3)), 1, 0)+IF(AND((H$3-$B$2)>=0,(H$3-$B$2)<30), 2,0) -> 0 | I27: =IF(OR(AND($F26<=I$3, $F27 >= I$3), AND($F27<I$3, WORKDAY($F27, 22,Holiday!$A$1:$A$30)>I$3)), 1, 0)+IF(AND((I$3-$B$2)>=0,(I$3-$B$2)<30), 2,0) -> 0 | J27: =IF(OR(AND($F26<=J$3, $F27 >= J$3), AND($F27<J$3, WORKDAY($F27, 22,Holiday!$A$1:$A$30)>J$3)), 1, 0)+IF(AND((J$3-$B$2)>=0,(J$3-$B$2)<30), 2,0) -> 0 | K27: =IF(OR(AND($F26<=K$3, $F27 >= K$3), AND($F27<K$3, WORKDAY($F27, 22,Holiday!$A$1:$A$30)>K$3)), 1, 0)+IF(AND((K$3-$B$2)>=0,(K$3-$B$2)<30), 2,0) -> 0 | L27: =IF(OR(AND($F26<=L$3, $F27 >= L$3), AND($F27<L$3, WORKDAY($F27, 22,Holiday!$A$1:$A$30)>L$3)), 1, 0)+IF(AND((L$3-$B$2)>=0,(L$3-$B$2)<30), 2,0) -> 0 | M27: =IF(OR(AND($F26<=M$3, $F27 >= M$3), AND($F27<M$3, WORKDAY($F27, 22,Holiday!$A$1:$A$30)>M$3)), 1, 0)+IF(AND((M$3-$B$2)>=0,(M$3-$B$2)<30), 2,0) -> 0 | N27: =IF(OR(AND($F26<=N$3, $F27 >= N$3), AND($F27<N$3, WORKDAY($F27, 22,Holiday!$A$1:$A$30)>N$3)), 1, 0)+IF(AND((N$3-$B$2)>=0,(N$3-$B$2)<30), 2,0) -> 1 | ... AO27: =IF(OR(AND($F26<=AO$3, $F27 >= AO$3), AND($F27<AO$3, WORKDAY($F27, 22,Holiday!$A$1:$A$30)>AO$3)), 1, 0)+IF(AND((AO$3-$B$2)>=0,(AO$3-$B$2)<30), 2,0) -> 0
B28: Prioritize properties | C28: DEV 2 | D28: 10 | E28: =ROUNDUP(D28*(1+$D$2),0) -> 15 | F28: =WORKDAY(F27,E28,Holiday!$A$1:$A$30) -> 46288 | G28: =IF(OR(AND($F27<=G$3, $F28 >= G$3), AND($F28<G$3, WORKDAY($F28, 22,Holiday!$A$1:$A$30)>G$3)), 1, 0)+IF(AND((G$3-$B$2)>=0,(G$3-$B$2)<30), 2,0) -> 0 | H28: =IF(OR(AND($F27<=H$3, $F28 >= H$3), AND($F28<H$3, WORKDAY($F28, 22,Holiday!$A$1:$A$30)>H$3)), 1, 0)+IF(AND((H$3-$B$2)>=0,(H$3-$B$2)<30), 2,0) -> 0 | I28: =IF(OR(AND($F27<=I$3, $F28 >= I$3), AND($F28<I$3, WORKDAY($F28, 22,Holiday!$A$1:$A$30)>I$3)), 1, 0)+IF(AND((I$3-$B$2)>=0,(I$3-$B$2)<30), 2,0) -> 0 | J28: =IF(OR(AND($F27<=J$3, $F28 >= J$3), AND($F28<J$3, WORKDAY($F28, 22,Holiday!$A$1:$A$30)>J$3)), 1, 0)+IF(AND((J$3-$B$2)>=0,(J$3-$B$2)<30), 2,0) -> 0 | K28: =IF(OR(AND($F27<=K$3, $F28 >= K$3), AND($F28<K$3, WORKDAY($F28, 22,Holiday!$A$1:$A$30)>K$3)), 1, 0)+IF(AND((K$3-$B$2)>=0,(K$3-$B$2)<30), 2,0) -> 0 | L28: =IF(OR(AND($F27<=L$3, $F28 >= L$3), AND($F28<L$3, WORKDAY($F28, 22,Holiday!$A$1:$A$30)>L$3)), 1, 0)+IF(AND((L$3-$B$2)>=0,(L$3-$B$2)<30), 2,0) -> 0 | M28: =IF(OR(AND($F27<=M$3, $F28 >= M$3), AND($F28<M$3, WORKDAY($F28, 22,Holiday!$A$1:$A$30)>M$3)), 1, 0)+IF(AND((M$3-$B$2)>=0,(M$3-$B$2)<30), 2,0) -> 0 | N28: =IF(OR(AND($F27<=N$3, $F28 >= N$3), AND($F28<N$3, WORKDAY($F28, 22,Holiday!$A$1:$A$30)>N$3)), 1, 0)+IF(AND((N$3-$B$2)>=0,(N$3-$B$2)<30), 2,0) -> 1 | ... AO28: =IF(OR(AND($F27<=AO$3, $F28 >= AO$3), AND($F28<AO$3, WORKDAY($F28, 22,Holiday!$A$1:$A$30)>AO$3)), 1, 0)+IF(AND((AO$3-$B$2)>=0,(AO$3-$B$2)<30), 2,0) -> 0
B29: Decision Tree properties | C29: DEV 2 | D29: 10 | E29: =ROUNDUP(D29*(1+$D$2),0) -> 15 | F29: =WORKDAY(F28,E29,Holiday!$A$1:$A$30) -> 46309 | G29: =IF(OR(AND($F28<=G$3, $F29 >= G$3), AND($F29<G$3, WORKDAY($F29, 22,Holiday!$A$1:$A$30)>G$3)), 1, 0)+IF(AND((G$3-$B$2)>=0,(G$3-$B$2)<30), 2,0) -> 0 | H29: =IF(OR(AND($F28<=H$3, $F29 >= H$3), AND($F29<H$3, WORKDAY($F29, 22,Holiday!$A$1:$A$30)>H$3)), 1, 0)+IF(AND((H$3-$B$2)>=0,(H$3-$B$2)<30), 2,0) -> 0 | I29: =IF(OR(AND($F28<=I$3, $F29 >= I$3), AND($F29<I$3, WORKDAY($F29, 22,Holiday!$A$1:$A$30)>I$3)), 1, 0)+IF(AND((I$3-$B$2)>=0,(I$3-$B$2)<30), 2,0) -> 0 | J29: =IF(OR(AND($F28<=J$3, $F29 >= J$3), AND($F29<J$3, WORKDAY($F29, 22,Holiday!$A$1:$A$30)>J$3)), 1, 0)+IF(AND((J$3-$B$2)>=0,(J$3-$B$2)<30), 2,0) -> 0 | K29: =IF(OR(AND($F28<=K$3, $F29 >= K$3), AND($F29<K$3, WORKDAY($F29, 22,Holiday!$A$1:$A$30)>K$3)), 1, 0)+IF(AND((K$3-$B$2)>=0,(K$3-$B$2)<30), 2,0) -> 0 | L29: =IF(OR(AND($F28<=L$3, $F29 >= L$3), AND($F29<L$3, WORKDAY($F29, 22,Holiday!$A$1:$A$30)>L$3)), 1, 0)+IF(AND((L$3-$B$2)>=0,(L$3-$B$2)<30), 2,0) -> 0 | M29: =IF(OR(AND($F28<=M$3, $F29 >= M$3), AND($F29<M$3, WORKDAY($F29, 22,Holiday!$A$1:$A$30)>M$3)), 1, 0)+IF(AND((M$3-$B$2)>=0,(M$3-$B$2)<30), 2,0) -> 0 | N29: =IF(OR(AND($F28<=N$3, $F29 >= N$3), AND($F29<N$3, WORKDAY($F29, 22,Holiday!$A$1:$A$30)>N$3)), 1, 0)+IF(AND((N$3-$B$2)>=0,(N$3-$B$2)<30), 2,0) -> 0 | ... AO29: =IF(OR(AND($F28<=AO$3, $F29 >= AO$3), AND($F29<AO$3, WORKDAY($F29, 22,Holiday!$A$1:$A$30)>AO$3)), 1, 0)+IF(AND((AO$3-$B$2)>=0,(AO$3-$B$2)<30), 2,0) -> 0
B30: PreDueSubPoolAllocation | C30: DEV 3 | D30: 20 | E30: =ROUNDUP(D30*(1+$D$2),0) -> 30 | F30: =WORKDAY(F5,E30,Holiday!$A$1:$A$30) -> 46107 | G30: =IF(OR(AND($F29<=G$3, $F30 >= G$3), AND($F30<G$3, WORKDAY($F30, 22,Holiday!$A$1:$A$30)>G$3)), 1, 0)+IF(AND((G$3-$B$2)>=0,(G$3-$B$2)<30), 2,0) -> 0 | H30: =IF(OR(AND($F29<=H$3, $F30 >= H$3), AND($F30<H$3, WORKDAY($F30, 22,Holiday!$A$1:$A$30)>H$3)), 1, 0)+IF(AND((H$3-$B$2)>=0,(H$3-$B$2)<30), 2,0) -> 0 | I30: =IF(OR(AND($F29<=I$3, $F30 >= I$3), AND($F30<I$3, WORKDAY($F30, 22,Holiday!$A$1:$A$30)>I$3)), 1, 0)+IF(AND((I$3-$B$2)>=0,(I$3-$B$2)<30), 2,0) -> 1 | J30: =IF(OR(AND($F29<=J$3, $F30 >= J$3), AND($F30<J$3, WORKDAY($F30, 22,Holiday!$A$1:$A$30)>J$3)), 1, 0)+IF(AND((J$3-$B$2)>=0,(J$3-$B$2)<30), 2,0) -> 0 | K30: =IF(OR(AND($F29<=K$3, $F30 >= K$3), AND($F30<K$3, WORKDAY($F30, 22,Holiday!$A$1:$A$30)>K$3)), 1, 0)+IF(AND((K$3-$B$2)>=0,(K$3-$B$2)<30), 2,0) -> 0 | L30: =IF(OR(AND($F29<=L$3, $F30 >= L$3), AND($F30<L$3, WORKDAY($F30, 22,Holiday!$A$1:$A$30)>L$3)), 1, 0)+IF(AND((L$3-$B$2)>=0,(L$3-$B$2)<30), 2,0) -> 0 | M30: =IF(OR(AND($F29<=M$3, $F30 >= M$3), AND($F30<M$3, WORKDAY($F30, 22,Holiday!$A$1:$A$30)>M$3)), 1, 0)+IF(AND((M$3-$B$2)>=0,(M$3-$B$2)<30), 2,0) -> 0 | N30: =IF(OR(AND($F29<=N$3, $F30 >= N$3), AND($F30<N$3, WORKDAY($F30, 22,Holiday!$A$1:$A$30)>N$3)), 1, 0)+IF(AND((N$3-$B$2)>=0,(N$3-$B$2)<30), 2,0) -> 0 | ... AO30: =IF(OR(AND($F29<=AO$3, $F30 >= AO$3), AND($F30<AO$3, WORKDAY($F30, 22,Holiday!$A$1:$A$30)>AO$3)), 1, 0)+IF(AND((AO$3-$B$2)>=0,(AO$3-$B$2)<30), 2,0) -> 0
B31: SetUpBucketAllocations | C31: DEV 3 | D31: 20 | E31: =ROUNDUP(D31*(1+$D$2),0) -> 30 | F31: =WORKDAY(F30,E31,Holiday!$A$1:$A$30) -> 46153 | G31: =IF(OR(AND($F30<=G$3, $F31 >= G$3), AND($F31<G$3, WORKDAY($F31, 22,Holiday!$A$1:$A$30)>G$3)), 1, 0)+IF(AND((G$3-$B$2)>=0,(G$3-$B$2)<30), 2,0) -> 0 | H31: =IF(OR(AND($F30<=H$3, $F31 >= H$3), AND($F31<H$3, WORKDAY($F31, 22,Holiday!$A$1:$A$30)>H$3)), 1, 0)+IF(AND((H$3-$B$2)>=0,(H$3-$B$2)<30), 2,0) -> 0 | I31: =IF(OR(AND($F30<=I$3, $F31 >= I$3), AND($F31<I$3, WORKDAY($F31, 22,Holiday!$A$1:$A$30)>I$3)), 1, 0)+IF(AND((I$3-$B$2)>=0,(I$3-$B$2)<30), 2,0) -> 1 | J31: =IF(OR(AND($F30<=J$3, $F31 >= J$3), AND($F31<J$3, WORKDAY($F31, 22,Holiday!$A$1:$A$30)>J$3)), 1, 0)+IF(AND((J$3-$B$2)>=0,(J$3-$B$2)<30), 2,0) -> 1 | K31: =IF(OR(AND($F30<=K$3, $F31 >= K$3), AND($F31<K$3, WORKDAY($F31, 22,Holiday!$A$1:$A$30)>K$3)), 1, 0)+IF(AND((K$3-$B$2)>=0,(K$3-$B$2)<30), 2,0) -> 1 | L31: =IF(OR(AND($F30<=L$3, $F31 >= L$3), AND($F31<L$3, WORKDAY($F31, 22,Holiday!$A$1:$A$30)>L$3)), 1, 0)+IF(AND((L$3-$B$2)>=0,(L$3-$B$2)<30), 2,0) -> 0 | M31: =IF(OR(AND($F30<=M$3, $F31 >= M$3), AND($F31<M$3, WORKDAY($F31, 22,Holiday!$A$1:$A$30)>M$3)), 1, 0)+IF(AND((M$3-$B$2)>=0,(M$3-$B$2)<30), 2,0) -> 0 | N31: =IF(OR(AND($F30<=N$3, $F31 >= N$3), AND($F31<N$3, WORKDAY($F31, 22,Holiday!$A$1:$A$30)>N$3)), 1, 0)+IF(AND((N$3-$B$2)>=0,(N$3-$B$2)<30), 2,0) -> 0 | ... AO31: =IF(OR(AND($F30<=AO$3, $F31 >= AO$3), AND($F31<AO$3, WORKDAY($F31, 22,Holiday!$A$1:$A$30)>AO$3)), 1, 0)+IF(AND((AO$3-$B$2)>=0,(AO$3-$B$2)<30), 2,0) -> 0
B32: PostDueSubPoolAllocation | C32: DEV 3 | D32: 20 | E32: =ROUNDUP(D32*(1+$D$2),0) -> 30 | F32: =WORKDAY(F31,E32,Holiday!$A$1:$A$30) -> 46195 | G32: =IF(OR(AND($F31<=G$3, $F32 >= G$3), AND($F32<G$3, WORKDAY($F32, 22,Holiday!$A$1:$A$30)>G$3)), 1, 0)+IF(AND((G$3-$B$2)>=0,(G$3-$B$2)<30), 2,0) -> 0 | H32: =IF(OR(AND($F31<=H$3, $F32 >= H$3), AND($F32<H$3, WORKDAY($F32, 22,Holiday!$A$1:$A$30)>H$3)), 1, 0)+IF(AND((H$3-$B$2)>=0,(H$3-$B$2)<30), 2,0) -> 0 | I32: =IF(OR(AND($F31<=I$3, $F32 >= I$3), AND($F32<I$3, WORKDAY($F32, 22,Holiday!$A$1:$A$30)>I$3)), 1, 0)+IF(AND((I$3-$B$2)>=0,(I$3-$B$2)<30), 2,0) -> 0 | J32: =IF(OR(AND($F31<=J$3, $F32 >= J$3), AND($F32<J$3, WORKDAY($F32, 22,Holiday!$A$1:$A$30)>J$3)), 1, 0)+IF(AND((J$3-$B$2)>=0,(J$3-$B$2)<30), 2,0) -> 0 | K32: =IF(OR(AND($F31<=K$3, $F32 >= K$3), AND($F32<K$3, WORKDAY($F32, 22,Holiday!$A$1:$A$30)>K$3)), 1, 0)+IF(AND((K$3-$B$2)>=0,(K$3-$B$2)<30), 2,0) -> 1 | L32: =IF(OR(AND($F31<=L$3, $F32 >= L$3), AND($F32<L$3, WORKDAY($F32, 22,Holiday!$A$1:$A$30)>L$3)), 1, 0)+IF(AND((L$3-$B$2)>=0,(L$3-$B$2)<30), 2,0) -> 1 | M32: =IF(OR(AND($F31<=M$3, $F32 >= M$3), AND($F32<M$3, WORKDAY($F32, 22,Holiday!$A$1:$A$30)>M$3)), 1, 0)+IF(AND((M$3-$B$2)>=0,(M$3-$B$2)<30), 2,0) -> 0 | N32: =IF(OR(AND($F31<=N$3, $F32 >= N$3), AND($F32<N$3, WORKDAY($F32, 22,Holiday!$A$1:$A$30)>N$3)), 1, 0)+IF(AND((N$3-$B$2)>=0,(N$3-$B$2)<30), 2,0) -> 0 | ... AO32: =IF(OR(AND($F31<=AO$3, $F32 >= AO$3), AND($F32<AO$3, WORKDAY($F32, 22,Holiday!$A$1:$A$30)>AO$3)), 1, 0)+IF(AND((AO$3-$B$2)>=0,(AO$3-$B$2)<30), 2,0) -> 0
B33: SyncUpProcessForBIXCollectionData | C33: DEV 3 | D33: 20 | E33: =ROUNDUP(D33*(1+$D$2),0) -> 30 | F33: =WORKDAY(F32,E33,Holiday!$A$1:$A$30) -> 46237 | G33: =IF(OR(AND($F32<=G$3, $F33 >= G$3), AND($F33<G$3, WORKDAY($F33, 22,Holiday!$A$1:$A$30)>G$3)), 1, 0)+IF(AND((G$3-$B$2)>=0,(G$3-$B$2)<30), 2,0) -> 0 | H33: =IF(OR(AND($F32<=H$3, $F33 >= H$3), AND($F33<H$3, WORKDAY($F33, 22,Holiday!$A$1:$A$30)>H$3)), 1, 0)+IF(AND((H$3-$B$2)>=0,(H$3-$B$2)<30), 2,0) -> 0 | I33: =IF(OR(AND($F32<=I$3, $F33 >= I$3), AND($F33<I$3, WORKDAY($F33, 22,Holiday!$A$1:$A$30)>I$3)), 1, 0)+IF(AND((I$3-$B$2)>=0,(I$3-$B$2)<30), 2,0) -> 0 | J33: =IF(OR(AND($F32<=J$3, $F33 >= J$3), AND($F33<J$3, WORKDAY($F33, 22,Holiday!$A$1:$A$30)>J$3)), 1, 0)+IF(AND((J$3-$B$2)>=0,(J$3-$B$2)<30), 2,0) -> 0 | K33: =IF(OR(AND($F32<=K$3, $F33 >= K$3), AND($F33<K$3, WORKDAY($F33, 22,Holiday!$A$1:$A$30)>K$3)), 1, 0)+IF(AND((K$3-$B$2)>=0,(K$3-$B$2)<30), 2,0) -> 0 | L33: =IF(OR(AND($F32<=L$3, $F33 >= L$3), AND($F33<L$3, WORKDAY($F33, 22,Holiday!$A$1:$A$30)>L$3)), 1, 0)+IF(AND((L$3-$B$2)>=0,(L$3-$B$2)<30), 2,0) -> 1 | M33: =IF(OR(AND($F32<=M$3, $F33 >= M$3), AND($F33<M$3, WORKDAY($F33, 22,Holiday!$A$1:$A$30)>M$3)), 1, 0)+IF(AND((M$3-$B$2)>=0,(M$3-$B$2)<30), 2,0) -> 1 | N33: =IF(OR(AND($F32<=N$3, $F33 >= N$3), AND($F33<N$3, WORKDAY($F33, 22,Holiday!$A$1:$A$30)>N$3)), 1, 0)+IF(AND((N$3-$B$2)>=0,(N$3-$B$2)<30), 2,0) -> 0 | ... AO33: =IF(OR(AND($F32<=AO$3, $F33 >= AO$3), AND($F33<AO$3, WORKDAY($F33, 22,Holiday!$A$1:$A$30)>AO$3)), 1, 0)+IF(AND((AO$3-$B$2)>=0,(AO$3-$B$2)<30), 2,0) -> 0
B34: CAEODProcessForNFUReset | C34: DEV 3 | D34: 3 | E34: =ROUNDUP(D34*(1+$D$2),0) -> 5 | F34: =WORKDAY(F33,E34,Holiday!$A$1:$A$30) -> 46244 | G34: =IF(OR(AND($F33<=G$3, $F34 >= G$3), AND($F34<G$3, WORKDAY($F34, 22,Holiday!$A$1:$A$30)>G$3)), 1, 0)+IF(AND((G$3-$B$2)>=0,(G$3-$B$2)<30), 2,0) -> 0 | H34: =IF(OR(AND($F33<=H$3, $F34 >= H$3), AND($F34<H$3, WORKDAY($F34, 22,Holiday!$A$1:$A$30)>H$3)), 1, 0)+IF(AND((H$3-$B$2)>=0,(H$3-$B$2)<30), 2,0) -> 0 | I34: =IF(OR(AND($F33<=I$3, $F34 >= I$3), AND($F34<I$3, WORKDAY($F34, 22,Holiday!$A$1:$A$30)>I$3)), 1, 0)+IF(AND((I$3-$B$2)>=0,(I$3-$B$2)<30), 2,0) -> 0 | J34: =IF(OR(AND($F33<=J$3, $F34 >= J$3), AND($F34<J$3, WORKDAY($F34, 22,Holiday!$A$1:$A$30)>J$3)), 1, 0)+IF(AND((J$3-$B$2)>=0,(J$3-$B$2)<30), 2,0) -> 0 | K34: =IF(OR(AND($F33<=K$3, $F34 >= K$3), AND($F34<K$3, WORKDAY($F34, 22,Holiday!$A$1:$A$30)>K$3)), 1, 0)+IF(AND((K$3-$B$2)>=0,(K$3-$B$2)<30), 2,0) -> 0 | L34: =IF(OR(AND($F33<=L$3, $F34 >= L$3), AND($F34<L$3, WORKDAY($F34, 22,Holiday!$A$1:$A$30)>L$3)), 1, 0)+IF(AND((L$3-$B$2)>=0,(L$3-$B$2)<30), 2,0) -> 0 | M34: =IF(OR(AND($F33<=M$3, $F34 >= M$3), AND($F34<M$3, WORKDAY($F34, 22,Holiday!$A$1:$A$30)>M$3)), 1, 0)+IF(AND((M$3-$B$2)>=0,(M$3-$B$2)<30), 2,0) -> 1 | N34: =IF(OR(AND($F33<=N$3, $F34 >= N$3), AND($F34<N$3, WORKDAY($F34, 22,Holiday!$A$1:$A$30)>N$3)), 1, 0)+IF(AND((N$3-$B$2)>=0,(N$3-$B$2)<30), 2,0) -> 1 | ... AO34: =IF(OR(AND($F33<=AO$3, $F34 >= AO$3), AND($F34<AO$3, WORKDAY($F34, 22,Holiday!$A$1:$A$30)>AO$3)), 1, 0)+IF(AND((AO$3-$B$2)>=0,(AO$3-$B$2)<30), 2,0) -> 0
B35: CAResolveCollectionCases | C35: DEV 3 | D35: 5 | E35: =ROUNDUP(D35*(1+$D$2),0) -> 8 | F35: =WORKDAY(F34,E35,Holiday!$A$1:$A$30) -> 46254 | G35: =IF(OR(AND($F34<=G$3, $F35 >= G$3), AND($F35<G$3, WORKDAY($F35, 22,Holiday!$A$1:$A$30)>G$3)), 1, 0)+IF(AND((G$3-$B$2)>=0,(G$3-$B$2)<30), 2,0) -> 0 | H35: =IF(OR(AND($F34<=H$3, $F35 >= H$3), AND($F35<H$3, WORKDAY($F35, 22,Holiday!$A$1:$A$30)>H$3)), 1, 0)+IF(AND((H$3-$B$2)>=0,(H$3-$B$2)<30), 2,0) -> 0 | I35: =IF(OR(AND($F34<=I$3, $F35 >= I$3), AND($F35<I$3, WORKDAY($F35, 22,Holiday!$A$1:$A$30)>I$3)), 1, 0)+IF(AND((I$3-$B$2)>=0,(I$3-$B$2)<30), 2,0) -> 0 | J35: =IF(OR(AND($F34<=J$3, $F35 >= J$3), AND($F35<J$3, WORKDAY($F35, 22,Holiday!$A$1:$A$30)>J$3)), 1, 0)+IF(AND((J$3-$B$2)>=0,(J$3-$B$2)<30), 2,0) -> 0 | K35: =IF(OR(AND($F34<=K$3, $F35 >= K$3), AND($F35<K$3, WORKDAY($F35, 22,Holiday!$A$1:$A$30)>K$3)), 1, 0)+IF(AND((K$3-$B$2)>=0,(K$3-$B$2)<30), 2,0) -> 0 | L35: =IF(OR(AND($F34<=L$3, $F35 >= L$3), AND($F35<L$3, WORKDAY($F35, 22,Holiday!$A$1:$A$30)>L$3)), 1, 0)+IF(AND((L$3-$B$2)>=0,(L$3-$B$2)<30), 2,0) -> 0 | M35: =IF(OR(AND($F34<=M$3, $F35 >= M$3), AND($F35<M$3, WORKDAY($F35, 22,Holiday!$A$1:$A$30)>M$3)), 1, 0)+IF(AND((M$3-$B$2)>=0,(M$3-$B$2)<30), 2,0) -> 0 | N35: =IF(OR(AND($F34<=N$3, $F35 >= N$3), AND($F35<N$3, WORKDAY($F35, 22,Holiday!$A$1:$A$30)>N$3)), 1, 0)+IF(AND((N$3-$B$2)>=0,(N$3-$B$2)<30), 2,0) -> 1 | ... AO35: =IF(OR(AND($F34<=AO$3, $F35 >= AO$3), AND($F35<AO$3, WORKDAY($F35, 22,Holiday!$A$1:$A$30)>AO$3)), 1, 0)+IF(AND((AO$3-$B$2)>=0,(AO$3-$B$2)<30), 2,0) -> 0
B36: CAEODProcess | C36: DEV 3 | D36: 8 | E36: =ROUNDUP(D36*(1+$D$2),0) -> 12 | F36: =WORKDAY(F35,E36,Holiday!$A$1:$A$30) -> 46273 | G36: =IF(OR(AND($F35<=G$3, $F36 >= G$3), AND($F36<G$3, WORKDAY($F36, 22,Holiday!$A$1:$A$30)>G$3)), 1, 0)+IF(AND((G$3-$B$2)>=0,(G$3-$B$2)<30), 2,0) -> 0 | H36: =IF(OR(AND($F35<=H$3, $F36 >= H$3), AND($F36<H$3, WORKDAY($F36, 22,Holiday!$A$1:$A$30)>H$3)), 1, 0)+IF(AND((H$3-$B$2)>=0,(H$3-$B$2)<30), 2,0) -> 0 | I36: =IF(OR(AND($F35<=I$3, $F36 >= I$3), AND($F36<I$3, WORKDAY($F36, 22,Holiday!$A$1:$A$30)>I$3)), 1, 0)+IF(AND((I$3-$B$2)>=0,(I$3-$B$2)<30), 2,0) -> 0 | J36: =IF(OR(AND($F35<=J$3, $F36 >= J$3), AND($F36<J$3, WORKDAY($F36, 22,Holiday!$A$1:$A$30)>J$3)), 1, 0)+IF(AND((J$3-$B$2)>=0,(J$3-$B$2)<30), 2,0) -> 0 | K36: =IF(OR(AND($F35<=K$3, $F36 >= K$3), AND($F36<K$3, WORKDAY($F36, 22,Holiday!$A$1:$A$30)>K$3)), 1, 0)+IF(AND((K$3-$B$2)>=0,(K$3-$B$2)<30), 2,0) -> 0 | L36: =IF(OR(AND($F35<=L$3, $F36 >= L$3), AND($F36<L$3, WORKDAY($F36, 22,Holiday!$A$1:$A$30)>L$3)), 1, 0)+IF(AND((L$3-$B$2)>=0,(L$3-$B$2)<30), 2,0) -> 0 | M36: =IF(OR(AND($F35<=M$3, $F36 >= M$3), AND($F36<M$3, WORKDAY($F36, 22,Holiday!$A$1:$A$30)>M$3)), 1, 0)+IF(AND((M$3-$B$2)>=0,(M$3-$B$2)<30), 2,0) -> 0 | N36: =IF(OR(AND($F35<=N$3, $F36 >= N$3), AND($F36<N$3, WORKDAY($F36, 22,Holiday!$A$1:$A$30)>N$3)), 1, 0)+IF(AND((N$3-$B$2)>=0,(N$3-$B$2)<30), 2,0) -> 1 | ... AO36: =IF(OR(AND($F35<=AO$3, $F36 >= AO$3), AND($F36<AO$3, WORKDAY($F36, 22,Holiday!$A$1:$A$30)>AO$3)), 1, 0)+IF(AND((AO$3-$B$2)>=0,(AO$3-$B$2)<30), 2,0) -> 0
B37: SyncSurveyDataToBIX | C37: DEV 3 | D37: 8 | E37: =ROUNDUP(D37*(1+$D$2),0) -> 12 | F37: =WORKDAY(F36,E37,Holiday!$A$1:$A$30) -> 46289 | G37: =IF(OR(AND($F36<=G$3, $F37 >= G$3), AND($F37<G$3, WORKDAY($F37, 22,Holiday!$A$1:$A$30)>G$3)), 1, 0)+IF(AND((G$3-$B$2)>=0,(G$3-$B$2)<30), 2,0) -> 0 | H37: =IF(OR(AND($F36<=H$3, $F37 >= H$3), AND($F37<H$3, WORKDAY($F37, 22,Holiday!$A$1:$A$30)>H$3)), 1, 0)+IF(AND((H$3-$B$2)>=0,(H$3-$B$2)<30), 2,0) -> 0 | I37: =IF(OR(AND($F36<=I$3, $F37 >= I$3), AND($F37<I$3, WORKDAY($F37, 22,Holiday!$A$1:$A$30)>I$3)), 1, 0)+IF(AND((I$3-$B$2)>=0,(I$3-$B$2)<30), 2,0) -> 0 | J37: =IF(OR(AND($F36<=J$3, $F37 >= J$3), AND($F37<J$3, WORKDAY($F37, 22,Holiday!$A$1:$A$30)>J$3)), 1, 0)+IF(AND((J$3-$B$2)>=0,(J$3-$B$2)<30), 2,0) -> 0 | K37: =IF(OR(AND($F36<=K$3, $F37 >= K$3), AND($F37<K$3, WORKDAY($F37, 22,Holiday!$A$1:$A$30)>K$3)), 1, 0)+IF(AND((K$3-$B$2)>=0,(K$3-$B$2)<30), 2,0) -> 0 | L37: =IF(OR(AND($F36<=L$3, $F37 >= L$3), AND($F37<L$3, WORKDAY($F37, 22,Holiday!$A$1:$A$30)>L$3)), 1, 0)+IF(AND((L$3-$B$2)>=0,(L$3-$B$2)<30), 2,0) -> 0 | M37: =IF(OR(AND($F36<=M$3, $F37 >= M$3), AND($F37<M$3, WORKDAY($F37, 22,Holiday!$A$1:$A$30)>M$3)), 1, 0)+IF(AND((M$3-$B$2)>=0,(M$3-$B$2)<30), 2,0) -> 0 | N37: =IF(OR(AND($F36<=N$3, $F37 >= N$3), AND($F37<N$3, WORKDAY($F37, 22,Holiday!$A$1:$A$30)>N$3)), 1, 0)+IF(AND((N$3-$B$2)>=0,(N$3-$B$2)<30), 2,0) -> 1 | ... AO37: =IF(OR(AND($F36<=AO$3, $F37 >= AO$3), AND($F37<AO$3, WORKDAY($F37, 22,Holiday!$A$1:$A$30)>AO$3)), 1, 0)+IF(AND((AO$3-$B$2)>=0,(AO$3-$B$2)<30), 2,0) -> 0
B38: DailyCustomerSyncup | C38: DEV 3 | D38: 10 | E38: =ROUNDUP(D38*(1+$D$2),0) -> 15 | F38: =WORKDAY(F37,E38,Holiday!$A$1:$A$30) -> 46310 | G38: =IF(OR(AND($F37<=G$3, $F38 >= G$3), AND($F38<G$3, WORKDAY($F38, 22,Holiday!$A$1:$A$30)>G$3)), 1, 0)+IF(AND((G$3-$B$2)>=0,(G$3-$B$2)<30), 2,0) -> 0 | H38: =IF(OR(AND($F37<=H$3, $F38 >= H$3), AND($F38<H$3, WORKDAY($F38, 22,Holiday!$A$1:$A$30)>H$3)), 1, 0)+IF(AND((H$3-$B$2)>=0,(H$3-$B$2)<30), 2,0) -> 0 | I38: =IF(OR(AND($F37<=I$3, $F38 >= I$3), AND($F38<I$3, WORKDAY($F38, 22,Holiday!$A$1:$A$30)>I$3)), 1, 0)+IF(AND((I$3-$B$2)>=0,(I$3-$B$2)<30), 2,0) -> 0 | J38: =IF(OR(AND($F37<=J$3, $F38 >= J$3), AND($F38<J$3, WORKDAY($F38, 22,Holiday!$A$1:$A$30)>J$3)), 1, 0)+IF(AND((J$3-$B$2)>=0,(J$3-$B$2)<30), 2,0) -> 0 | K38: =IF(OR(AND($F37<=K$3, $F38 >= K$3), AND($F38<K$3, WORKDAY($F38, 22,Holiday!$A$1:$A$30)>K$3)), 1, 0)+IF(AND((K$3-$B$2)>=0,(K$3-$B$2)<30), 2,0) -> 0 | L38: =IF(OR(AND($F37<=L$3, $F38 >= L$3), AND($F38<L$3, WORKDAY($F38, 22,Holiday!$A$1:$A$30)>L$3)), 1, 0)+IF(AND((L$3-$B$2)>=0,(L$3-$B$2)<30), 2,0) -> 0 | M38: =IF(OR(AND($F37<=M$3, $F38 >= M$3), AND($F38<M$3, WORKDAY($F38, 22,Holiday!$A$1:$A$30)>M$3)), 1, 0)+IF(AND((M$3-$B$2)>=0,(M$3-$B$2)<30), 2,0) -> 0 | N38: =IF(OR(AND($F37<=N$3, $F38 >= N$3), AND($F38<N$3, WORKDAY($F38, 22,Holiday!$A$1:$A$30)>N$3)), 1, 0)+IF(AND((N$3-$B$2)>=0,(N$3-$B$2)<30), 2,0) -> 0 | ... AO38: =IF(OR(AND($F37<=AO$3, $F38 >= AO$3), AND($F38<AO$3, WORKDAY($F38, 22,Holiday!$A$1:$A$30)>AO$3)), 1, 0)+IF(AND((AO$3-$B$2)>=0,(AO$3-$B$2)<30), 2,0) -> 0
B39: MaskBlackListedPhone | C39: DEV 4 | D39: 8 | E39: =ROUNDUP(D39*(1+$D$2),0) -> 12 | F39: =WORKDAY(F5,E39,Holiday!$A$1:$A$30) -> 46083 | G39: =IF(OR(AND($F38<=G$3, $F39 >= G$3), AND($F39<G$3, WORKDAY($F39, 22,Holiday!$A$1:$A$30)>G$3)), 1, 0)+IF(AND((G$3-$B$2)>=0,(G$3-$B$2)<30), 2,0) -> 0 | H39: =IF(OR(AND($F38<=H$3, $F39 >= H$3), AND($F39<H$3, WORKDAY($F39, 22,Holiday!$A$1:$A$30)>H$3)), 1, 0)+IF(AND((H$3-$B$2)>=0,(H$3-$B$2)<30), 2,0) -> 1 | I39: =IF(OR(AND($F38<=I$3, $F39 >= I$3), AND($F39<I$3, WORKDAY($F39, 22,Holiday!$A$1:$A$30)>I$3)), 1, 0)+IF(AND((I$3-$B$2)>=0,(I$3-$B$2)<30), 2,0) -> 0 | J39: =IF(OR(AND($F38<=J$3, $F39 >= J$3), AND($F39<J$3, WORKDAY($F39, 22,Holiday!$A$1:$A$30)>J$3)), 1, 0)+IF(AND((J$3-$B$2)>=0,(J$3-$B$2)<30), 2,0) -> 0 | K39: =IF(OR(AND($F38<=K$3, $F39 >= K$3), AND($F39<K$3, WORKDAY($F39, 22,Holiday!$A$1:$A$30)>K$3)), 1, 0)+IF(AND((K$3-$B$2)>=0,(K$3-$B$2)<30), 2,0) -> 0 | L39: =IF(OR(AND($F38<=L$3, $F39 >= L$3), AND($F39<L$3, WORKDAY($F39, 22,Holiday!$A$1:$A$30)>L$3)), 1, 0)+IF(AND((L$3-$B$2)>=0,(L$3-$B$2)<30), 2,0) -> 0 | M39: =IF(OR(AND($F38<=M$3, $F39 >= M$3), AND($F39<M$3, WORKDAY($F39, 22,Holiday!$A$1:$A$30)>M$3)), 1, 0)+IF(AND((M$3-$B$2)>=0,(M$3-$B$2)<30), 2,0) -> 0 | N39: =IF(OR(AND($F38<=N$3, $F39 >= N$3), AND($F39<N$3, WORKDAY($F39, 22,Holiday!$A$1:$A$30)>N$3)), 1, 0)+IF(AND((N$3-$B$2)>=0,(N$3-$B$2)<30), 2,0) -> 0 | ... AO39: =IF(OR(AND($F38<=AO$3, $F39 >= AO$3), AND($F39<AO$3, WORKDAY($F39, 22,Holiday!$A$1:$A$30)>AO$3)), 1, 0)+IF(AND((AO$3-$B$2)>=0,(AO$3-$B$2)<30), 2,0) -> 0
B40: CAMobileAppEOD | C40: DEV 4 | D40: 10 | E40: =ROUNDUP(D40*(1+$D$2),0) -> 15 | F40: =WORKDAY(F39,E40,Holiday!$A$1:$A$30) -> 46104 | G40: =IF(OR(AND($F39<=G$3, $F40 >= G$3), AND($F40<G$3, WORKDAY($F40, 22,Holiday!$A$1:$A$30)>G$3)), 1, 0)+IF(AND((G$3-$B$2)>=0,(G$3-$B$2)<30), 2,0) -> 0 | H40: =IF(OR(AND($F39<=H$3, $F40 >= H$3), AND($F40<H$3, WORKDAY($F40, 22,Holiday!$A$1:$A$30)>H$3)), 1, 0)+IF(AND((H$3-$B$2)>=0,(H$3-$B$2)<30), 2,0) -> 1 | I40: =IF(OR(AND($F39<=I$3, $F40 >= I$3), AND($F40<I$3, WORKDAY($F40, 22,Holiday!$A$1:$A$30)>I$3)), 1, 0)+IF(AND((I$3-$B$2)>=0,(I$3-$B$2)<30), 2,0) -> 1 | J40: =IF(OR(AND($F39<=J$3, $F40 >= J$3), AND($F40<J$3, WORKDAY($F40, 22,Holiday!$A$1:$A$30)>J$3)), 1, 0)+IF(AND((J$3-$B$2)>=0,(J$3-$B$2)<30), 2,0) -> 0 | K40: =IF(OR(AND($F39<=K$3, $F40 >= K$3), AND($F40<K$3, WORKDAY($F40, 22,Holiday!$A$1:$A$30)>K$3)), 1, 0)+IF(AND((K$3-$B$2)>=0,(K$3-$B$2)<30), 2,0) -> 0 | L40: =IF(OR(AND($F39<=L$3, $F40 >= L$3), AND($F40<L$3, WORKDAY($F40, 22,Holiday!$A$1:$A$30)>L$3)), 1, 0)+IF(AND((L$3-$B$2)>=0,(L$3-$B$2)<30), 2,0) -> 0 | M40: =IF(OR(AND($F39<=M$3, $F40 >= M$3), AND($F40<M$3, WORKDAY($F40, 22,Holiday!$A$1:$A$30)>M$3)), 1, 0)+IF(AND((M$3-$B$2)>=0,(M$3-$B$2)<30), 2,0) -> 0 | N40: =IF(OR(AND($F39<=N$3, $F40 >= N$3), AND($F40<N$3, WORKDAY($F40, 22,Holiday!$A$1:$A$30)>N$3)), 1, 0)+IF(AND((N$3-$B$2)>=0,(N$3-$B$2)<30), 2,0) -> 0 | ... AO40: =IF(OR(AND($F39<=AO$3, $F40 >= AO$3), AND($F40<AO$3, WORKDAY($F40, 22,Holiday!$A$1:$A$30)>AO$3)), 1, 0)+IF(AND((AO$3-$B$2)>=0,(AO$3-$B$2)<30), 2,0) -> 0
B41: SyncFromICollectUploadTrailToPega | C41: DEV 4 | D41: 8 | E41: =ROUNDUP(D41*(1+$D$2),0) -> 12 | F41: =WORKDAY(F40,E41,Holiday!$A$1:$A$30) -> 46120 | G41: =IF(OR(AND($F40<=G$3, $F41 >= G$3), AND($F41<G$3, WORKDAY($F41, 22,Holiday!$A$1:$A$30)>G$3)), 1, 0)+IF(AND((G$3-$B$2)>=0,(G$3-$B$2)<30), 2,0) -> 0 | H41: =IF(OR(AND($F40<=H$3, $F41 >= H$3), AND($F41<H$3, WORKDAY($F41, 22,Holiday!$A$1:$A$30)>H$3)), 1, 0)+IF(AND((H$3-$B$2)>=0,(H$3-$B$2)<30), 2,0) -> 0 | I41: =IF(OR(AND($F40<=I$3, $F41 >= I$3), AND($F41<I$3, WORKDAY($F41, 22,Holiday!$A$1:$A$30)>I$3)), 1, 0)+IF(AND((I$3-$B$2)>=0,(I$3-$B$2)<30), 2,0) -> 1 | J41: =IF(OR(AND($F40<=J$3, $F41 >= J$3), AND($F41<J$3, WORKDAY($F41, 22,Holiday!$A$1:$A$30)>J$3)), 1, 0)+IF(AND((J$3-$B$2)>=0,(J$3-$B$2)<30), 2,0) -> 1 | K41: =IF(OR(AND($F40<=K$3, $F41 >= K$3), AND($F41<K$3, WORKDAY($F41, 22,Holiday!$A$1:$A$30)>K$3)), 1, 0)+IF(AND((K$3-$B$2)>=0,(K$3-$B$2)<30), 2,0) -> 0 | L41: =IF(OR(AND($F40<=L$3, $F41 >= L$3), AND($F41<L$3, WORKDAY($F41, 22,Holiday!$A$1:$A$30)>L$3)), 1, 0)+IF(AND((L$3-$B$2)>=0,(L$3-$B$2)<30), 2,0) -> 0 | M41: =IF(OR(AND($F40<=M$3, $F41 >= M$3), AND($F41<M$3, WORKDAY($F41, 22,Holiday!$A$1:$A$30)>M$3)), 1, 0)+IF(AND((M$3-$B$2)>=0,(M$3-$B$2)<30), 2,0) -> 0 | N41: =IF(OR(AND($F40<=N$3, $F41 >= N$3), AND($F41<N$3, WORKDAY($F41, 22,Holiday!$A$1:$A$30)>N$3)), 1, 0)+IF(AND((N$3-$B$2)>=0,(N$3-$B$2)<30), 2,0) -> 0 | ... AO41: =IF(OR(AND($F40<=AO$3, $F41 >= AO$3), AND($F41<AO$3, WORKDAY($F41, 22,Holiday!$A$1:$A$30)>AO$3)), 1, 0)+IF(AND((AO$3-$B$2)>=0,(AO$3-$B$2)<30), 2,0) -> 0
B42: SyncICollectDataToFollowUp | C42: DEV 4 | D42: 10 | E42: =ROUNDUP(D42*(1+$D$2),0) -> 15 | F42: =WORKDAY(F41,E42,Holiday!$A$1:$A$30) -> 46141 | G42: =IF(OR(AND($F41<=G$3, $F42 >= G$3), AND($F42<G$3, WORKDAY($F42, 22,Holiday!$A$1:$A$30)>G$3)), 1, 0)+IF(AND((G$3-$B$2)>=0,(G$3-$B$2)<30), 2,0) -> 0 | H42: =IF(OR(AND($F41<=H$3, $F42 >= H$3), AND($F42<H$3, WORKDAY($F42, 22,Holiday!$A$1:$A$30)>H$3)), 1, 0)+IF(AND((H$3-$B$2)>=0,(H$3-$B$2)<30), 2,0) -> 0 | I42: =IF(OR(AND($F41<=I$3, $F42 >= I$3), AND($F42<I$3, WORKDAY($F42, 22,Holiday!$A$1:$A$30)>I$3)), 1, 0)+IF(AND((I$3-$B$2)>=0,(I$3-$B$2)<30), 2,0) -> 0 | J42: =IF(OR(AND($F41<=J$3, $F42 >= J$3), AND($F42<J$3, WORKDAY($F42, 22,Holiday!$A$1:$A$30)>J$3)), 1, 0)+IF(AND((J$3-$B$2)>=0,(J$3-$B$2)<30), 2,0) -> 1 | K42: =IF(OR(AND($F41<=K$3, $F42 >= K$3), AND($F42<K$3, WORKDAY($F42, 22,Holiday!$A$1:$A$30)>K$3)), 1, 0)+IF(AND((K$3-$B$2)>=0,(K$3-$B$2)<30), 2,0) -> 0 | L42: =IF(OR(AND($F41<=L$3, $F42 >= L$3), AND($F42<L$3, WORKDAY($F42, 22,Holiday!$A$1:$A$30)>L$3)), 1, 0)+IF(AND((L$3-$B$2)>=0,(L$3-$B$2)<30), 2,0) -> 0 | M42: =IF(OR(AND($F41<=M$3, $F42 >= M$3), AND($F42<M$3, WORKDAY($F42, 22,Holiday!$A$1:$A$30)>M$3)), 1, 0)+IF(AND((M$3-$B$2)>=0,(M$3-$B$2)<30), 2,0) -> 0 | N42: =IF(OR(AND($F41<=N$3, $F42 >= N$3), AND($F42<N$3, WORKDAY($F42, 22,Holiday!$A$1:$A$30)>N$3)), 1, 0)+IF(AND((N$3-$B$2)>=0,(N$3-$B$2)<30), 2,0) -> 0 | ... AO42: =IF(OR(AND($F41<=AO$3, $F42 >= AO$3), AND($F42<AO$3, WORKDAY($F42, 22,Holiday!$A$1:$A$30)>AO$3)), 1, 0)+IF(AND((AO$3-$B$2)>=0,(AO$3-$B$2)<30), 2,0) -> 0
B43: CARiskSegmentSyncProcessForCards | C43: DEV 4 | D43: 10 | E43: =ROUNDUP(D43*(1+$D$2),0) -> 15 | F43: =WORKDAY(F42,E43,Holiday!$A$1:$A$30) -> 46164 | G43: =IF(OR(AND($F42<=G$3, $F43 >= G$3), AND($F43<G$3, WORKDAY($F43, 22,Holiday!$A$1:$A$30)>G$3)), 1, 0)+IF(AND((G$3-$B$2)>=0,(G$3-$B$2)<30), 2,0) -> 0 | H43: =IF(OR(AND($F42<=H$3, $F43 >= H$3), AND($F43<H$3, WORKDAY($F43, 22,Holiday!$A$1:$A$30)>H$3)), 1, 0)+IF(AND((H$3-$B$2)>=0,(H$3-$B$2)<30), 2,0) -> 0 | I43: =IF(OR(AND($F42<=I$3, $F43 >= I$3), AND($F43<I$3, WORKDAY($F43, 22,Holiday!$A$1:$A$30)>I$3)), 1, 0)+IF(AND((I$3-$B$2)>=0,(I$3-$B$2)<30), 2,0) -> 0 | J43: =IF(OR(AND($F42<=J$3, $F43 >= J$3), AND($F43<J$3, WORKDAY($F43, 22,Holiday!$A$1:$A$30)>J$3)), 1, 0)+IF(AND((J$3-$B$2)>=0,(J$3-$B$2)<30), 2,0) -> 1 | K43: =IF(OR(AND($F42<=K$3, $F43 >= K$3), AND($F43<K$3, WORKDAY($F43, 22,Holiday!$A$1:$A$30)>K$3)), 1, 0)+IF(AND((K$3-$B$2)>=0,(K$3-$B$2)<30), 2,0) -> 1 | L43: =IF(OR(AND($F42<=L$3, $F43 >= L$3), AND($F43<L$3, WORKDAY($F43, 22,Holiday!$A$1:$A$30)>L$3)), 1, 0)+IF(AND((L$3-$B$2)>=0,(L$3-$B$2)<30), 2,0) -> 0 | M43: =IF(OR(AND($F42<=M$3, $F43 >= M$3), AND($F43<M$3, WORKDAY($F43, 22,Holiday!$A$1:$A$30)>M$3)), 1, 0)+IF(AND((M$3-$B$2)>=0,(M$3-$B$2)<30), 2,0) -> 0 | N43: =IF(OR(AND($F42<=N$3, $F43 >= N$3), AND($F43<N$3, WORKDAY($F43, 22,Holiday!$A$1:$A$30)>N$3)), 1, 0)+IF(AND((N$3-$B$2)>=0,(N$3-$B$2)<30), 2,0) -> 0 | ... AO43: =IF(OR(AND($F42<=AO$3, $F43 >= AO$3), AND($F43<AO$3, WORKDAY($F43, 22,Holiday!$A$1:$A$30)>AO$3)), 1, 0)+IF(AND((AO$3-$B$2)>=0,(AO$3-$B$2)<30), 2,0) -> 0
B44: CARiskSegmentSyncProcess | C44: DEV 4 | D44: 8 | E44: =ROUNDUP(D44*(1+$D$2),0) -> 12 | F44: =WORKDAY(F43,E44,Holiday!$A$1:$A$30) -> 46182 | G44: =IF(OR(AND($F43<=G$3, $F44 >= G$3), AND($F44<G$3, WORKDAY($F44, 22,Holiday!$A$1:$A$30)>G$3)), 1, 0)+IF(AND((G$3-$B$2)>=0,(G$3-$B$2)<30), 2,0) -> 0 | H44: =IF(OR(AND($F43<=H$3, $F44 >= H$3), AND($F44<H$3, WORKDAY($F44, 22,Holiday!$A$1:$A$30)>H$3)), 1, 0)+IF(AND((H$3-$B$2)>=0,(H$3-$B$2)<30), 2,0) -> 0 | I44: =IF(OR(AND($F43<=I$3, $F44 >= I$3), AND($F44<I$3, WORKDAY($F44, 22,Holiday!$A$1:$A$30)>I$3)), 1, 0)+IF(AND((I$3-$B$2)>=0,(I$3-$B$2)<30), 2,0) -> 0 | J44: =IF(OR(AND($F43<=J$3, $F44 >= J$3), AND($F44<J$3, WORKDAY($F44, 22,Holiday!$A$1:$A$30)>J$3)), 1, 0)+IF(AND((J$3-$B$2)>=0,(J$3-$B$2)<30), 2,0) -> 0 | K44: =IF(OR(AND($F43<=K$3, $F44 >= K$3), AND($F44<K$3, WORKDAY($F44, 22,Holiday!$A$1:$A$30)>K$3)), 1, 0)+IF(AND((K$3-$B$2)>=0,(K$3-$B$2)<30), 2,0) -> 1 | L44: =IF(OR(AND($F43<=L$3, $F44 >= L$3), AND($F44<L$3, WORKDAY($F44, 22,Holiday!$A$1:$A$30)>L$3)), 1, 0)+IF(AND((L$3-$B$2)>=0,(L$3-$B$2)<30), 2,0) -> 1 | M44: =IF(OR(AND($F43<=M$3, $F44 >= M$3), AND($F44<M$3, WORKDAY($F44, 22,Holiday!$A$1:$A$30)>M$3)), 1, 0)+IF(AND((M$3-$B$2)>=0,(M$3-$B$2)<30), 2,0) -> 0 | N44: =IF(OR(AND($F43<=N$3, $F44 >= N$3), AND($F44<N$3, WORKDAY($F44, 22,Holiday!$A$1:$A$30)>N$3)), 1, 0)+IF(AND((N$3-$B$2)>=0,(N$3-$B$2)<30), 2,0) -> 0 | ... AO44: =IF(OR(AND($F43<=AO$3, $F44 >= AO$3), AND($F44<AO$3, WORKDAY($F44, 22,Holiday!$A$1:$A$30)>AO$3)), 1, 0)+IF(AND((AO$3-$B$2)>=0,(AO$3-$B$2)<30), 2,0) -> 0
B45: RetrieveCrcCardFact | C45: DEV 4 | D45: 5 | E45: =ROUNDUP(D45*(1+$D$2),0) -> 8 | F45: =WORKDAY(F44,E45,Holiday!$A$1:$A$30) -> 46192 | G45: =IF(OR(AND($F44<=G$3, $F45 >= G$3), AND($F45<G$3, WORKDAY($F45, 22,Holiday!$A$1:$A$30)>G$3)), 1, 0)+IF(AND((G$3-$B$2)>=0,(G$3-$B$2)<30), 2,0) -> 0 | H45: =IF(OR(AND($F44<=H$3, $F45 >= H$3), AND($F45<H$3, WORKDAY($F45, 22,Holiday!$A$1:$A$30)>H$3)), 1, 0)+IF(AND((H$3-$B$2)>=0,(H$3-$B$2)<30), 2,0) -> 0 | I45: =IF(OR(AND($F44<=I$3, $F45 >= I$3), AND($F45<I$3, WORKDAY($F45, 22,Holiday!$A$1:$A$30)>I$3)), 1, 0)+IF(AND((I$3-$B$2)>=0,(I$3-$B$2)<30), 2,0) -> 0 | J45: =IF(OR(AND($F44<=J$3, $F45 >= J$3), AND($F45<J$3, WORKDAY($F45, 22,Holiday!$A$1:$A$30)>J$3)), 1, 0)+IF(AND((J$3-$B$2)>=0,(J$3-$B$2)<30), 2,0) -> 0 | K45: =IF(OR(AND($F44<=K$3, $F45 >= K$3), AND($F45<K$3, WORKDAY($F45, 22,Holiday!$A$1:$A$30)>K$3)), 1, 0)+IF(AND((K$3-$B$2)>=0,(K$3-$B$2)<30), 2,0) -> 0 | L45: =IF(OR(AND($F44<=L$3, $F45 >= L$3), AND($F45<L$3, WORKDAY($F45, 22,Holiday!$A$1:$A$30)>L$3)), 1, 0)+IF(AND((L$3-$B$2)>=0,(L$3-$B$2)<30), 2,0) -> 1 | M45: =IF(OR(AND($F44<=M$3, $F45 >= M$3), AND($F45<M$3, WORKDAY($F45, 22,Holiday!$A$1:$A$30)>M$3)), 1, 0)+IF(AND((M$3-$B$2)>=0,(M$3-$B$2)<30), 2,0) -> 0 | N45: =IF(OR(AND($F44<=N$3, $F45 >= N$3), AND($F45<N$3, WORKDAY($F45, 22,Holiday!$A$1:$A$30)>N$3)), 1, 0)+IF(AND((N$3-$B$2)>=0,(N$3-$B$2)<30), 2,0) -> 0 | ... AO45: =IF(OR(AND($F44<=AO$3, $F45 >= AO$3), AND($F45<AO$3, WORKDAY($F45, 22,Holiday!$A$1:$A$30)>AO$3)), 1, 0)+IF(AND((AO$3-$B$2)>=0,(AO$3-$B$2)<30), 2,0) -> 0
B46: UpdatePlasticIDInCollexData | C46: DEV 4 | D46: 13 | E46: =ROUNDUP(D46*(1+$D$2),0) -> 20 | F46: =WORKDAY(F45,E46,Holiday!$A$1:$A$30) -> 46220 | G46: =IF(OR(AND($F45<=G$3, $F46 >= G$3), AND($F46<G$3, WORKDAY($F46, 22,Holiday!$A$1:$A$30)>G$3)), 1, 0)+IF(AND((G$3-$B$2)>=0,(G$3-$B$2)<30), 2,0) -> 0 | H46: =IF(OR(AND($F45<=H$3, $F46 >= H$3), AND($F46<H$3, WORKDAY($F46, 22,Holiday!$A$1:$A$30)>H$3)), 1, 0)+IF(AND((H$3-$B$2)>=0,(H$3-$B$2)<30), 2,0) -> 0 | I46: =IF(OR(AND($F45<=I$3, $F46 >= I$3), AND($F46<I$3, WORKDAY($F46, 22,Holiday!$A$1:$A$30)>I$3)), 1, 0)+IF(AND((I$3-$B$2)>=0,(I$3-$B$2)<30), 2,0) -> 0 | J46: =IF(OR(AND($F45<=J$3, $F46 >= J$3), AND($F46<J$3, WORKDAY($F46, 22,Holiday!$A$1:$A$30)>J$3)), 1, 0)+IF(AND((J$3-$B$2)>=0,(J$3-$B$2)<30), 2,0) -> 0 | K46: =IF(OR(AND($F45<=K$3, $F46 >= K$3), AND($F46<K$3, WORKDAY($F46, 22,Holiday!$A$1:$A$30)>K$3)), 1, 0)+IF(AND((K$3-$B$2)>=0,(K$3-$B$2)<30), 2,0) -> 0 | L46: =IF(OR(AND($F45<=L$3, $F46 >= L$3), AND($F46<L$3, WORKDAY($F46, 22,Holiday!$A$1:$A$30)>L$3)), 1, 0)+IF(AND((L$3-$B$2)>=0,(L$3-$B$2)<30), 2,0) -> 1 | M46: =IF(OR(AND($F45<=M$3, $F46 >= M$3), AND($F46<M$3, WORKDAY($F46, 22,Holiday!$A$1:$A$30)>M$3)), 1, 0)+IF(AND((M$3-$B$2)>=0,(M$3-$B$2)<30), 2,0) -> 1 | N46: =IF(OR(AND($F45<=N$3, $F46 >= N$3), AND($F46<N$3, WORKDAY($F46, 22,Holiday!$A$1:$A$30)>N$3)), 1, 0)+IF(AND((N$3-$B$2)>=0,(N$3-$B$2)<30), 2,0) -> 0 | ... AO46: =IF(OR(AND($F45<=AO$3, $F46 >= AO$3), AND($F46<AO$3, WORKDAY($F46, 22,Holiday!$A$1:$A$30)>AO$3)), 1, 0)+IF(AND((AO$3-$B$2)>=0,(AO$3-$B$2)<30), 2,0) -> 0
B47: Bulk Transfer Flow (4 flows) | C47: DEV 4 | D47: 15 | E47: =ROUNDUP(D47*(1+$D$2),0) -> 23 | F47: =WORKDAY(F46,E47,Holiday!$A$1:$A$30) -> 46253 | G47: =IF(OR(AND($F46<=G$3, $F47 >= G$3), AND($F47<G$3, WORKDAY($F47, 22,Holiday!$A$1:$A$30)>G$3)), 1, 0)+IF(AND((G$3-$B$2)>=0,(G$3-$B$2)<30), 2,0) -> 0 | H47: =IF(OR(AND($F46<=H$3, $F47 >= H$3), AND($F47<H$3, WORKDAY($F47, 22,Holiday!$A$1:$A$30)>H$3)), 1, 0)+IF(AND((H$3-$B$2)>=0,(H$3-$B$2)<30), 2,0) -> 0 | I47: =IF(OR(AND($F46<=I$3, $F47 >= I$3), AND($F47<I$3, WORKDAY($F47, 22,Holiday!$A$1:$A$30)>I$3)), 1, 0)+IF(AND((I$3-$B$2)>=0,(I$3-$B$2)<30), 2,0) -> 0 | J47: =IF(OR(AND($F46<=J$3, $F47 >= J$3), AND($F47<J$3, WORKDAY($F47, 22,Holiday!$A$1:$A$30)>J$3)), 1, 0)+IF(AND((J$3-$B$2)>=0,(J$3-$B$2)<30), 2,0) -> 0 | K47: =IF(OR(AND($F46<=K$3, $F47 >= K$3), AND($F47<K$3, WORKDAY($F47, 22,Holiday!$A$1:$A$30)>K$3)), 1, 0)+IF(AND((K$3-$B$2)>=0,(K$3-$B$2)<30), 2,0) -> 0 | L47: =IF(OR(AND($F46<=L$3, $F47 >= L$3), AND($F47<L$3, WORKDAY($F47, 22,Holiday!$A$1:$A$30)>L$3)), 1, 0)+IF(AND((L$3-$B$2)>=0,(L$3-$B$2)<30), 2,0) -> 0 | M47: =IF(OR(AND($F46<=M$3, $F47 >= M$3), AND($F47<M$3, WORKDAY($F47, 22,Holiday!$A$1:$A$30)>M$3)), 1, 0)+IF(AND((M$3-$B$2)>=0,(M$3-$B$2)<30), 2,0) -> 1 | N47: =IF(OR(AND($F46<=N$3, $F47 >= N$3), AND($F47<N$3, WORKDAY($F47, 22,Holiday!$A$1:$A$30)>N$3)), 1, 0)+IF(AND((N$3-$B$2)>=0,(N$3-$B$2)<30), 2,0) -> 1 | ... AO47: =IF(OR(AND($F46<=AO$3, $F47 >= AO$3), AND($F47<AO$3, WORKDAY($F47, 22,Holiday!$A$1:$A$30)>AO$3)), 1, 0)+IF(AND((AO$3-$B$2)>=0,(AO$3-$B$2)<30), 2,0) -> 0
B48: Bulk Follow Up Flow (1 flow) | C48: DEV 4 | D48: 3 | E48: =ROUNDUP(D48*(1+$D$2),0) -> 5 | F48: =WORKDAY(F47,E48,Holiday!$A$1:$A$30) -> 46260 | G48: =IF(OR(AND($F47<=G$3, $F48 >= G$3), AND($F48<G$3, WORKDAY($F48, 22,Holiday!$A$1:$A$30)>G$3)), 1, 0)+IF(AND((G$3-$B$2)>=0,(G$3-$B$2)<30), 2,0) -> 0 | H48: =IF(OR(AND($F47<=H$3, $F48 >= H$3), AND($F48<H$3, WORKDAY($F48, 22,Holiday!$A$1:$A$30)>H$3)), 1, 0)+IF(AND((H$3-$B$2)>=0,(H$3-$B$2)<30), 2,0) -> 0 | I48: =IF(OR(AND($F47<=I$3, $F48 >= I$3), AND($F48<I$3, WORKDAY($F48, 22,Holiday!$A$1:$A$30)>I$3)), 1, 0)+IF(AND((I$3-$B$2)>=0,(I$3-$B$2)<30), 2,0) -> 0 | J48: =IF(OR(AND($F47<=J$3, $F48 >= J$3), AND($F48<J$3, WORKDAY($F48, 22,Holiday!$A$1:$A$30)>J$3)), 1, 0)+IF(AND((J$3-$B$2)>=0,(J$3-$B$2)<30), 2,0) -> 0 | K48: =IF(OR(AND($F47<=K$3, $F48 >= K$3), AND($F48<K$3, WORKDAY($F48, 22,Holiday!$A$1:$A$30)>K$3)), 1, 0)+IF(AND((K$3-$B$2)>=0,(K$3-$B$2)<30), 2,0) -> 0 | L48: =IF(OR(AND($F47<=L$3, $F48 >= L$3), AND($F48<L$3, WORKDAY($F48, 22,Holiday!$A$1:$A$30)>L$3)), 1, 0)+IF(AND((L$3-$B$2)>=0,(L$3-$B$2)<30), 2,0) -> 0 | M48: =IF(OR(AND($F47<=M$3, $F48 >= M$3), AND($F48<M$3, WORKDAY($F48, 22,Holiday!$A$1:$A$30)>M$3)), 1, 0)+IF(AND((M$3-$B$2)>=0,(M$3-$B$2)<30), 2,0) -> 0 | N48: =IF(OR(AND($F47<=N$3, $F48 >= N$3), AND($F48<N$3, WORKDAY($F48, 22,Holiday!$A$1:$A$30)>N$3)), 1, 0)+IF(AND((N$3-$B$2)>=0,(N$3-$B$2)<30), 2,0) -> 1 | ... AO48: =IF(OR(AND($F47<=AO$3, $F48 >= AO$3), AND($F48<AO$3, WORKDAY($F48, 22,Holiday!$A$1:$A$30)>AO$3)), 1, 0)+IF(AND((AO$3-$B$2)>=0,(AO$3-$B$2)<30), 2,0) -> 0
B49: Field Allocations (2 flows) | C49: DEV 4 | D49: 8 | E49: =ROUNDUP(D49*(1+$D$2),0) -> 12 | F49: =WORKDAY(F48,E49,Holiday!$A$1:$A$30) -> 46279 | G49: =IF(OR(AND($F48<=G$3, $F49 >= G$3), AND($F49<G$3, WORKDAY($F49, 22,Holiday!$A$1:$A$30)>G$3)), 1, 0)+IF(AND((G$3-$B$2)>=0,(G$3-$B$2)<30), 2,0) -> 0 | H49: =IF(OR(AND($F48<=H$3, $F49 >= H$3), AND($F49<H$3, WORKDAY($F49, 22,Holiday!$A$1:$A$30)>H$3)), 1, 0)+IF(AND((H$3-$B$2)>=0,(H$3-$B$2)<30), 2,0) -> 0 | I49: =IF(OR(AND($F48<=I$3, $F49 >= I$3), AND($F49<I$3, WORKDAY($F49, 22,Holiday!$A$1:$A$30)>I$3)), 1, 0)+IF(AND((I$3-$B$2)>=0,(I$3-$B$2)<30), 2,0) -> 0 | J49: =IF(OR(AND($F48<=J$3, $F49 >= J$3), AND($F49<J$3, WORKDAY($F49, 22,Holiday!$A$1:$A$30)>J$3)), 1, 0)+IF(AND((J$3-$B$2)>=0,(J$3-$B$2)<30), 2,0) -> 0 | K49: =IF(OR(AND($F48<=K$3, $F49 >= K$3), AND($F49<K$3, WORKDAY($F49, 22,Holiday!$A$1:$A$30)>K$3)), 1, 0)+IF(AND((K$3-$B$2)>=0,(K$3-$B$2)<30), 2,0) -> 0 | L49: =IF(OR(AND($F48<=L$3, $F49 >= L$3), AND($F49<L$3, WORKDAY($F49, 22,Holiday!$A$1:$A$30)>L$3)), 1, 0)+IF(AND((L$3-$B$2)>=0,(L$3-$B$2)<30), 2,0) -> 0 | M49: =IF(OR(AND($F48<=M$3, $F49 >= M$3), AND($F49<M$3, WORKDAY($F49, 22,Holiday!$A$1:$A$30)>M$3)), 1, 0)+IF(AND((M$3-$B$2)>=0,(M$3-$B$2)<30), 2,0) -> 0 | N49: =IF(OR(AND($F48<=N$3, $F49 >= N$3), AND($F49<N$3, WORKDAY($F49, 22,Holiday!$A$1:$A$30)>N$3)), 1, 0)+IF(AND((N$3-$B$2)>=0,(N$3-$B$2)<30), 2,0) -> 1 | ... AO49: =IF(OR(AND($F48<=AO$3, $F49 >= AO$3), AND($F49<AO$3, WORKDAY($F49, 22,Holiday!$A$1:$A$30)>AO$3)), 1, 0)+IF(AND((AO$3-$B$2)>=0,(AO$3-$B$2)<30), 2,0) -> 0
B50: Intraday CallBack (1 flows) | C50: DEV 4 | D50: 5 | E50: =ROUNDUP(D50*(1+$D$2),0) -> 8 | F50: =WORKDAY(F49,E50,Holiday!$A$1:$A$30) -> 46289 | G50: =IF(OR(AND($F49<=G$3, $F50 >= G$3), AND($F50<G$3, WORKDAY($F50, 22,Holiday!$A$1:$A$30)>G$3)), 1, 0)+IF(AND((G$3-$B$2)>=0,(G$3-$B$2)<30), 2,0) -> 0 | H50: =IF(OR(AND($F49<=H$3, $F50 >= H$3), AND($F50<H$3, WORKDAY($F50, 22,Holiday!$A$1:$A$30)>H$3)), 1, 0)+IF(AND((H$3-$B$2)>=0,(H$3-$B$2)<30), 2,0) -> 0 | I50: =IF(OR(AND($F49<=I$3, $F50 >= I$3), AND($F50<I$3, WORKDAY($F50, 22,Holiday!$A$1:$A$30)>I$3)), 1, 0)+IF(AND((I$3-$B$2)>=0,(I$3-$B$2)<30), 2,0) -> 0 | J50: =IF(OR(AND($F49<=J$3, $F50 >= J$3), AND($F50<J$3, WORKDAY($F50, 22,Holiday!$A$1:$A$30)>J$3)), 1, 0)+IF(AND((J$3-$B$2)>=0,(J$3-$B$2)<30), 2,0) -> 0 | K50: =IF(OR(AND($F49<=K$3, $F50 >= K$3), AND($F50<K$3, WORKDAY($F50, 22,Holiday!$A$1:$A$30)>K$3)), 1, 0)+IF(AND((K$3-$B$2)>=0,(K$3-$B$2)<30), 2,0) -> 0 | L50: =IF(OR(AND($F49<=L$3, $F50 >= L$3), AND($F50<L$3, WORKDAY($F50, 22,Holiday!$A$1:$A$30)>L$3)), 1, 0)+IF(AND((L$3-$B$2)>=0,(L$3-$B$2)<30), 2,0) -> 0 | M50: =IF(OR(AND($F49<=M$3, $F50 >= M$3), AND($F50<M$3, WORKDAY($F50, 22,Holiday!$A$1:$A$30)>M$3)), 1, 0)+IF(AND((M$3-$B$2)>=0,(M$3-$B$2)<30), 2,0) -> 0 | N50: =IF(OR(AND($F49<=N$3, $F50 >= N$3), AND($F50<N$3, WORKDAY($F50, 22,Holiday!$A$1:$A$30)>N$3)), 1, 0)+IF(AND((N$3-$B$2)>=0,(N$3-$B$2)<30), 2,0) -> 0 | ... AO50: =IF(OR(AND($F49<=AO$3, $F50 >= AO$3), AND($F50<AO$3, WORKDAY($F50, 22,Holiday!$A$1:$A$30)>AO$3)), 1, 0)+IF(AND((AO$3-$B$2)>=0,(AO$3-$B$2)<30), 2,0) -> 0
B51: Switch Mode Allocation (1 flows) | C51: DEV 4 | D51: 5 | E51: =ROUNDUP(D51*(1+$D$2),0) -> 8 | F51: =WORKDAY(F50,E51,Holiday!$A$1:$A$30) -> 46301 | G51: =IF(OR(AND($F50<=G$3, $F51 >= G$3), AND($F51<G$3, WORKDAY($F51, 22,Holiday!$A$1:$A$30)>G$3)), 1, 0)+IF(AND((G$3-$B$2)>=0,(G$3-$B$2)<30), 2,0) -> 0 | H51: =IF(OR(AND($F50<=H$3, $F51 >= H$3), AND($F51<H$3, WORKDAY($F51, 22,Holiday!$A$1:$A$30)>H$3)), 1, 0)+IF(AND((H$3-$B$2)>=0,(H$3-$B$2)<30), 2,0) -> 0 | I51: =IF(OR(AND($F50<=I$3, $F51 >= I$3), AND($F51<I$3, WORKDAY($F51, 22,Holiday!$A$1:$A$30)>I$3)), 1, 0)+IF(AND((I$3-$B$2)>=0,(I$3-$B$2)<30), 2,0) -> 0 | J51: =IF(OR(AND($F50<=J$3, $F51 >= J$3), AND($F51<J$3, WORKDAY($F51, 22,Holiday!$A$1:$A$30)>J$3)), 1, 0)+IF(AND((J$3-$B$2)>=0,(J$3-$B$2)<30), 2,0) -> 0 | K51: =IF(OR(AND($F50<=K$3, $F51 >= K$3), AND($F51<K$3, WORKDAY($F51, 22,Holiday!$A$1:$A$30)>K$3)), 1, 0)+IF(AND((K$3-$B$2)>=0,(K$3-$B$2)<30), 2,0) -> 0 | L51: =IF(OR(AND($F50<=L$3, $F51 >= L$3), AND($F51<L$3, WORKDAY($F51, 22,Holiday!$A$1:$A$30)>L$3)), 1, 0)+IF(AND((L$3-$B$2)>=0,(L$3-$B$2)<30), 2,0) -> 0 | M51: =IF(OR(AND($F50<=M$3, $F51 >= M$3), AND($F51<M$3, WORKDAY($F51, 22,Holiday!$A$1:$A$30)>M$3)), 1, 0)+IF(AND((M$3-$B$2)>=0,(M$3-$B$2)<30), 2,0) -> 0 | N51: =IF(OR(AND($F50<=N$3, $F51 >= N$3), AND($F51<N$3, WORKDAY($F51, 22,Holiday!$A$1:$A$30)>N$3)), 1, 0)+IF(AND((N$3-$B$2)>=0,(N$3-$B$2)<30), 2,0) -> 0 | ... AO51: =IF(OR(AND($F50<=AO$3, $F51 >= AO$3), AND($F51<AO$3, WORKDAY($F51, 22,Holiday!$A$1:$A$30)>AO$3)), 1, 0)+IF(AND((AO$3-$B$2)>=0,(AO$3-$B$2)<30), 2,0) -> 0
B52: Sync Follow Up To BIX | C52: DEV 4 | D52: 3 | E52: =ROUNDUP(D52*(1+$D$2),0) -> 5 | F52: =WORKDAY(F51,E52,Holiday!$A$1:$A$30) -> 46308 | G52: =IF(OR(AND($F51<=G$3, $F52 >= G$3), AND($F52<G$3, WORKDAY($F52, 22,Holiday!$A$1:$A$30)>G$3)), 1, 0)+IF(AND((G$3-$B$2)>=0,(G$3-$B$2)<30), 2,0) -> 0 | H52: =IF(OR(AND($F51<=H$3, $F52 >= H$3), AND($F52<H$3, WORKDAY($F52, 22,Holiday!$A$1:$A$30)>H$3)), 1, 0)+IF(AND((H$3-$B$2)>=0,(H$3-$B$2)<30), 2,0) -> 0 | I52: =IF(OR(AND($F51<=I$3, $F52 >= I$3), AND($F52<I$3, WORKDAY($F52, 22,Holiday!$A$1:$A$30)>I$3)), 1, 0)+IF(AND((I$3-$B$2)>=0,(I$3-$B$2)<30), 2,0) -> 0 | J52: =IF(OR(AND($F51<=J$3, $F52 >= J$3), AND($F52<J$3, WORKDAY($F52, 22,Holiday!$A$1:$A$30)>J$3)), 1, 0)+IF(AND((J$3-$B$2)>=0,(J$3-$B$2)<30), 2,0) -> 0 | K52: =IF(OR(AND($F51<=K$3, $F52 >= K$3), AND($F52<K$3, WORKDAY($F52, 22,Holiday!$A$1:$A$30)>K$3)), 1, 0)+IF(AND((K$3-$B$2)>=0,(K$3-$B$2)<30), 2,0) -> 0 | L52: =IF(OR(AND($F51<=L$3, $F52 >= L$3), AND($F52<L$3, WORKDAY($F52, 22,Holiday!$A$1:$A$30)>L$3)), 1, 0)+IF(AND((L$3-$B$2)>=0,(L$3-$B$2)<30), 2,0) -> 0 | M52: =IF(OR(AND($F51<=M$3, $F52 >= M$3), AND($F52<M$3, WORKDAY($F52, 22,Holiday!$A$1:$A$30)>M$3)), 1, 0)+IF(AND((M$3-$B$2)>=0,(M$3-$B$2)<30), 2,0) -> 0 | N52: =IF(OR(AND($F51<=N$3, $F52 >= N$3), AND($F52<N$3, WORKDAY($F52, 22,Holiday!$A$1:$A$30)>N$3)), 1, 0)+IF(AND((N$3-$B$2)>=0,(N$3-$B$2)<30), 2,0) -> 0 | ... AO52: =IF(OR(AND($F51<=AO$3, $F52 >= AO$3), AND($F52<AO$3, WORKDAY($F52, 22,Holiday!$A$1:$A$30)>AO$3)), 1, 0)+IF(AND((AO$3-$B$2)>=0,(AO$3-$B$2)<30), 2,0) -> 0
B53: BPM
B54: Enviroment Preparation | C54: DEVs | D54: 20 | E54: =ROUNDUP(D54*(1+$D$2),0) -> 30 | F54: =WORKDAY(F3,E5,Holiday!$A$1:$A$30) -> 46065 | G54: =IF(OR(AND($F52<=G$3, $F54 >= G$3), AND($F54<G$3, WORKDAY($F54, 22,Holiday!$A$1:$A$30)>G$3)), 1, 0)+IF(AND((G$3-$B$2)>=0,(G$3-$B$2)<30), 2,0) -> 0 | H54: =IF(OR(AND($F52<=H$3, $F54 >= H$3), AND($F54<H$3, WORKDAY($F54, 22,Holiday!$A$1:$A$30)>H$3)), 1, 0)+IF(AND((H$3-$B$2)>=0,(H$3-$B$2)<30), 2,0) -> 1 | I54: =IF(OR(AND($F52<=I$3, $F54 >= I$3), AND($F54<I$3, WORKDAY($F54, 22,Holiday!$A$1:$A$30)>I$3)), 1, 0)+IF(AND((I$3-$B$2)>=0,(I$3-$B$2)<30), 2,0) -> 0 | J54: =IF(OR(AND($F52<=J$3, $F54 >= J$3), AND($F54<J$3, WORKDAY($F54, 22,Holiday!$A$1:$A$30)>J$3)), 1, 0)+IF(AND((J$3-$B$2)>=0,(J$3-$B$2)<30), 2,0) -> 0 | K54: =IF(OR(AND($F52<=K$3, $F54 >= K$3), AND($F54<K$3, WORKDAY($F54, 22,Holiday!$A$1:$A$30)>K$3)), 1, 0)+IF(AND((K$3-$B$2)>=0,(K$3-$B$2)<30), 2,0) -> 0 | L54: =IF(OR(AND($F52<=L$3, $F54 >= L$3), AND($F54<L$3, WORKDAY($F54, 22,Holiday!$A$1:$A$30)>L$3)), 1, 0)+IF(AND((L$3-$B$2)>=0,(L$3-$B$2)<30), 2,0) -> 0 | M54: =IF(OR(AND($F52<=M$3, $F54 >= M$3), AND($F54<M$3, WORKDAY($F54, 22,Holiday!$A$1:$A$30)>M$3)), 1, 0)+IF(AND((M$3-$B$2)>=0,(M$3-$B$2)<30), 2,0) -> 0 | N54: =IF(OR(AND($F52<=N$3, $F54 >= N$3), AND($F54<N$3, WORKDAY($F54, 22,Holiday!$A$1:$A$30)>N$3)), 1, 0)+IF(AND((N$3-$B$2)>=0,(N$3-$B$2)<30), 2,0) -> 0 | ... AO54: =IF(OR(AND($F52<=AO$3, $F54 >= AO$3), AND($F54<AO$3, WORKDAY($F54, 22,Holiday!$A$1:$A$30)>AO$3)), 1, 0)+IF(AND((AO$3-$B$2)>=0,(AO$3-$B$2)<30), 2,0) -> 0
B55: Contract/ Click to Call | C55: DEV 5 | D55: 10 | E55: =ROUNDUP(D55*(1+$D$2),0) -> 15 | F55: =WORKDAY(F54,E55,Holiday!A49:A78) -> 46086 | G55: =IF(OR(AND($F54<=G$3, $F55 >= G$3), AND($F55<G$3, WORKDAY($F55, 22,Holiday!$A$1:$A$30)>G$3)), 1, 0)+IF(AND((G$3-$B$2)>=0,(G$3-$B$2)<30), 2,0) -> 0 | H55: =IF(OR(AND($F54<=H$3, $F55 >= H$3), AND($F55<H$3, WORKDAY($F55, 22,Holiday!$A$1:$A$30)>H$3)), 1, 0)+IF(AND((H$3-$B$2)>=0,(H$3-$B$2)<30), 2,0) -> 1 | I55: =IF(OR(AND($F54<=I$3, $F55 >= I$3), AND($F55<I$3, WORKDAY($F55, 22,Holiday!$A$1:$A$30)>I$3)), 1, 0)+IF(AND((I$3-$B$2)>=0,(I$3-$B$2)<30), 2,0) -> 1 | J55: =IF(OR(AND($F54<=J$3, $F55 >= J$3), AND($F55<J$3, WORKDAY($F55, 22,Holiday!$A$1:$A$30)>J$3)), 1, 0)+IF(AND((J$3-$B$2)>=0,(J$3-$B$2)<30), 2,0) -> 0 | K55: =IF(OR(AND($F54<=K$3, $F55 >= K$3), AND($F55<K$3, WORKDAY($F55, 22,Holiday!$A$1:$A$30)>K$3)), 1, 0)+IF(AND((K$3-$B$2)>=0,(K$3-$B$2)<30), 2,0) -> 0 | L55: =IF(OR(AND($F54<=L$3, $F55 >= L$3), AND($F55<L$3, WORKDAY($F55, 22,Holiday!$A$1:$A$30)>L$3)), 1, 0)+IF(AND((L$3-$B$2)>=0,(L$3-$B$2)<30), 2,0) -> 0 | M55: =IF(OR(AND($F54<=M$3, $F55 >= M$3), AND($F55<M$3, WORKDAY($F55, 22,Holiday!$A$1:$A$30)>M$3)), 1, 0)+IF(AND((M$3-$B$2)>=0,(M$3-$B$2)<30), 2,0) -> 0 | N55: =IF(OR(AND($F54<=N$3, $F55 >= N$3), AND($F55<N$3, WORKDAY($F55, 22,Holiday!$A$1:$A$30)>N$3)), 1, 0)+IF(AND((N$3-$B$2)>=0,(N$3-$B$2)<30), 2,0) -> 0 | ... AO55: =IF(OR(AND($F54<=AO$3, $F55 >= AO$3), AND($F55<AO$3, WORKDAY($F55, 22,Holiday!$A$1:$A$30)>AO$3)), 1, 0)+IF(AND((AO$3-$B$2)>=0,(AO$3-$B$2)<30), 2,0) -> 0
B56: Admin Tools/ BIX Dashboard | C56: DEV 5 | D56: 10 | E56: =ROUNDUP(D56*(1+$D$2),0) -> 15 | F56: =WORKDAY(F55,E56,Holiday!A50:A79) -> 46107 | G56: =IF(OR(AND($F55<=G$3, $F56 >= G$3), AND($F56<G$3, WORKDAY($F56, 22,Holiday!$A$1:$A$30)>G$3)), 1, 0)+IF(AND((G$3-$B$2)>=0,(G$3-$B$2)<30), 2,0) -> 0 | H56: =IF(OR(AND($F55<=H$3, $F56 >= H$3), AND($F56<H$3, WORKDAY($F56, 22,Holiday!$A$1:$A$30)>H$3)), 1, 0)+IF(AND((H$3-$B$2)>=0,(H$3-$B$2)<30), 2,0) -> 0 | I56: =IF(OR(AND($F55<=I$3, $F56 >= I$3), AND($F56<I$3, WORKDAY($F56, 22,Holiday!$A$1:$A$30)>I$3)), 1, 0)+IF(AND((I$3-$B$2)>=0,(I$3-$B$2)<30), 2,0) -> 1 | J56: =IF(OR(AND($F55<=J$3, $F56 >= J$3), AND($F56<J$3, WORKDAY($F56, 22,Holiday!$A$1:$A$30)>J$3)), 1, 0)+IF(AND((J$3-$B$2)>=0,(J$3-$B$2)<30), 2,0) -> 0 | K56: =IF(OR(AND($F55<=K$3, $F56 >= K$3), AND($F56<K$3, WORKDAY($F56, 22,Holiday!$A$1:$A$30)>K$3)), 1, 0)+IF(AND((K$3-$B$2)>=0,(K$3-$B$2)<30), 2,0) -> 0 | L56: =IF(OR(AND($F55<=L$3, $F56 >= L$3), AND($F56<L$3, WORKDAY($F56, 22,Holiday!$A$1:$A$30)>L$3)), 1, 0)+IF(AND((L$3-$B$2)>=0,(L$3-$B$2)<30), 2,0) -> 0 | M56: =IF(OR(AND($F55<=M$3, $F56 >= M$3), AND($F56<M$3, WORKDAY($F56, 22,Holiday!$A$1:$A$30)>M$3)), 1, 0)+IF(AND((M$3-$B$2)>=0,(M$3-$B$2)<30), 2,0) -> 0 | N56: =IF(OR(AND($F55<=N$3, $F56 >= N$3), AND($F56<N$3, WORKDAY($F56, 22,Holiday!$A$1:$A$30)>N$3)), 1, 0)+IF(AND((N$3-$B$2)>=0,(N$3-$B$2)<30), 2,0) -> 0 | ... AO56: =IF(OR(AND($F55<=AO$3, $F56 >= AO$3), AND($F56<AO$3, WORKDAY($F56, 22,Holiday!$A$1:$A$30)>AO$3)), 1, 0)+IF(AND((AO$3-$B$2)>=0,(AO$3-$B$2)<30), 2,0) -> 0
B57: Admin Tools/ Bulk Actions | C57: DEV 5 | D57: 10 | E57: =ROUNDUP(D57*(1+$D$2),0) -> 15 | F57: =WORKDAY(F56,E57,Holiday!A51:A80) -> 46128 | G57: =IF(OR(AND($F56<=G$3, $F57 >= G$3), AND($F57<G$3, WORKDAY($F57, 22,Holiday!$A$1:$A$30)>G$3)), 1, 0)+IF(AND((G$3-$B$2)>=0,(G$3-$B$2)<30), 2,0) -> 0 | H57: =IF(OR(AND($F56<=H$3, $F57 >= H$3), AND($F57<H$3, WORKDAY($F57, 22,Holiday!$A$1:$A$30)>H$3)), 1, 0)+IF(AND((H$3-$B$2)>=0,(H$3-$B$2)<30), 2,0) -> 0 | I57: =IF(OR(AND($F56<=I$3, $F57 >= I$3), AND($F57<I$3, WORKDAY($F57, 22,Holiday!$A$1:$A$30)>I$3)), 1, 0)+IF(AND((I$3-$B$2)>=0,(I$3-$B$2)<30), 2,0) -> 1 | J57: =IF(OR(AND($F56<=J$3, $F57 >= J$3), AND($F57<J$3, WORKDAY($F57, 22,Holiday!$A$1:$A$30)>J$3)), 1, 0)+IF(AND((J$3-$B$2)>=0,(J$3-$B$2)<30), 2,0) -> 1 | K57: =IF(OR(AND($F56<=K$3, $F57 >= K$3), AND($F57<K$3, WORKDAY($F57, 22,Holiday!$A$1:$A$30)>K$3)), 1, 0)+IF(AND((K$3-$B$2)>=0,(K$3-$B$2)<30), 2,0) -> 0 | L57: =IF(OR(AND($F56<=L$3, $F57 >= L$3), AND($F57<L$3, WORKDAY($F57, 22,Holiday!$A$1:$A$30)>L$3)), 1, 0)+IF(AND((L$3-$B$2)>=0,(L$3-$B$2)<30), 2,0) -> 0 | M57: =IF(OR(AND($F56<=M$3, $F57 >= M$3), AND($F57<M$3, WORKDAY($F57, 22,Holiday!$A$1:$A$30)>M$3)), 1, 0)+IF(AND((M$3-$B$2)>=0,(M$3-$B$2)<30), 2,0) -> 0 | N57: =IF(OR(AND($F56<=N$3, $F57 >= N$3), AND($F57<N$3, WORKDAY($F57, 22,Holiday!$A$1:$A$30)>N$3)), 1, 0)+IF(AND((N$3-$B$2)>=0,(N$3-$B$2)<30), 2,0) -> 0 | ... AO57: =IF(OR(AND($F56<=AO$3, $F57 >= AO$3), AND($F57<AO$3, WORKDAY($F57, 22,Holiday!$A$1:$A$30)>AO$3)), 1, 0)+IF(AND((AO$3-$B$2)>=0,(AO$3-$B$2)<30), 2,0) -> 0
B58: Admin Tools/ Bulk Upload File Processing | C58: DEV 5 | D58: 10 | E58: =ROUNDUP(D58*(1+$D$2),0) -> 15 | F58: =WORKDAY(F57,E58,Holiday!A52:A81) -> 46149 | G58: =IF(OR(AND($F57<=G$3, $F58 >= G$3), AND($F58<G$3, WORKDAY($F58, 22,Holiday!$A$1:$A$30)>G$3)), 1, 0)+IF(AND((G$3-$B$2)>=0,(G$3-$B$2)<30), 2,0) -> 0 | H58: =IF(OR(AND($F57<=H$3, $F58 >= H$3), AND($F58<H$3, WORKDAY($F58, 22,Holiday!$A$1:$A$30)>H$3)), 1, 0)+IF(AND((H$3-$B$2)>=0,(H$3-$B$2)<30), 2,0) -> 0 | I58: =IF(OR(AND($F57<=I$3, $F58 >= I$3), AND($F58<I$3, WORKDAY($F58, 22,Holiday!$A$1:$A$30)>I$3)), 1, 0)+IF(AND((I$3-$B$2)>=0,(I$3-$B$2)<30), 2,0) -> 0 | J58: =IF(OR(AND($F57<=J$3, $F58 >= J$3), AND($F58<J$3, WORKDAY($F58, 22,Holiday!$A$1:$A$30)>J$3)), 1, 0)+IF(AND((J$3-$B$2)>=0,(J$3-$B$2)<30), 2,0) -> 1 | K58: =IF(OR(AND($F57<=K$3, $F58 >= K$3), AND($F58<K$3, WORKDAY($F58, 22,Holiday!$A$1:$A$30)>K$3)), 1, 0)+IF(AND((K$3-$B$2)>=0,(K$3-$B$2)<30), 2,0) -> 0 | L58: =IF(OR(AND($F57<=L$3, $F58 >= L$3), AND($F58<L$3, WORKDAY($F58, 22,Holiday!$A$1:$A$30)>L$3)), 1, 0)+IF(AND((L$3-$B$2)>=0,(L$3-$B$2)<30), 2,0) -> 0 | M58: =IF(OR(AND($F57<=M$3, $F58 >= M$3), AND($F58<M$3, WORKDAY($F58, 22,Holiday!$A$1:$A$30)>M$3)), 1, 0)+IF(AND((M$3-$B$2)>=0,(M$3-$B$2)<30), 2,0) -> 0 | N58: =IF(OR(AND($F57<=N$3, $F58 >= N$3), AND($F58<N$3, WORKDAY($F58, 22,Holiday!$A$1:$A$30)>N$3)), 1, 0)+IF(AND((N$3-$B$2)>=0,(N$3-$B$2)<30), 2,0) -> 0 | ... AO58: =IF(OR(AND($F57<=AO$3, $F58 >= AO$3), AND($F58<AO$3, WORKDAY($F58, 22,Holiday!$A$1:$A$30)>AO$3)), 1, 0)+IF(AND((AO$3-$B$2)>=0,(AO$3-$B$2)<30), 2,0) -> 0
B59: Admin Tools/ My Reportee | C59: DEV 5 | D59: 10 | E59: =ROUNDUP(D59*(1+$D$2),0) -> 15 | F59: =WORKDAY(F58,E59,Holiday!A53:A82) -> 46170 | G59: =IF(OR(AND($F58<=G$3, $F59 >= G$3), AND($F59<G$3, WORKDAY($F59, 22,Holiday!$A$1:$A$30)>G$3)), 1, 0)+IF(AND((G$3-$B$2)>=0,(G$3-$B$2)<30), 2,0) -> 0 | H59: =IF(OR(AND($F58<=H$3, $F59 >= H$3), AND($F59<H$3, WORKDAY($F59, 22,Holiday!$A$1:$A$30)>H$3)), 1, 0)+IF(AND((H$3-$B$2)>=0,(H$3-$B$2)<30), 2,0) -> 0 | I59: =IF(OR(AND($F58<=I$3, $F59 >= I$3), AND($F59<I$3, WORKDAY($F59, 22,Holiday!$A$1:$A$30)>I$3)), 1, 0)+IF(AND((I$3-$B$2)>=0,(I$3-$B$2)<30), 2,0) -> 0 | J59: =IF(OR(AND($F58<=J$3, $F59 >= J$3), AND($F59<J$3, WORKDAY($F59, 22,Holiday!$A$1:$A$30)>J$3)), 1, 0)+IF(AND((J$3-$B$2)>=0,(J$3-$B$2)<30), 2,0) -> 1 | K59: =IF(OR(AND($F58<=K$3, $F59 >= K$3), AND($F59<K$3, WORKDAY($F59, 22,Holiday!$A$1:$A$30)>K$3)), 1, 0)+IF(AND((K$3-$B$2)>=0,(K$3-$B$2)<30), 2,0) -> 1 | L59: =IF(OR(AND($F58<=L$3, $F59 >= L$3), AND($F59<L$3, WORKDAY($F59, 22,Holiday!$A$1:$A$30)>L$3)), 1, 0)+IF(AND((L$3-$B$2)>=0,(L$3-$B$2)<30), 2,0) -> 0 | M59: =IF(OR(AND($F58<=M$3, $F59 >= M$3), AND($F59<M$3, WORKDAY($F59, 22,Holiday!$A$1:$A$30)>M$3)), 1, 0)+IF(AND((M$3-$B$2)>=0,(M$3-$B$2)<30), 2,0) -> 0 | N59: =IF(OR(AND($F58<=N$3, $F59 >= N$3), AND($F59<N$3, WORKDAY($F59, 22,Holiday!$A$1:$A$30)>N$3)), 1, 0)+IF(AND((N$3-$B$2)>=0,(N$3-$B$2)<30), 2,0) -> 0 | ... AO59: =IF(OR(AND($F58<=AO$3, $F59 >= AO$3), AND($F59<AO$3, WORKDAY($F59, 22,Holiday!$A$1:$A$30)>AO$3)), 1, 0)+IF(AND((AO$3-$B$2)>=0,(AO$3-$B$2)<30), 2,0) -> 0
B60: Admin Tools/ Reset QR code Google Authenticator | C60: DEV 5 | D60: 10 | E60: =ROUNDUP(D60*(1+$D$2),0) -> 15 | F60: =WORKDAY(F59,E60,Holiday!A54:A83) -> 46191 | G60: =IF(OR(AND($F59<=G$3, $F60 >= G$3), AND($F60<G$3, WORKDAY($F60, 22,Holiday!$A$1:$A$30)>G$3)), 1, 0)+IF(AND((G$3-$B$2)>=0,(G$3-$B$2)<30), 2,0) -> 0 | H60: =IF(OR(AND($F59<=H$3, $F60 >= H$3), AND($F60<H$3, WORKDAY($F60, 22,Holiday!$A$1:$A$30)>H$3)), 1, 0)+IF(AND((H$3-$B$2)>=0,(H$3-$B$2)<30), 2,0) -> 0 | I60: =IF(OR(AND($F59<=I$3, $F60 >= I$3), AND($F60<I$3, WORKDAY($F60, 22,Holiday!$A$1:$A$30)>I$3)), 1, 0)+IF(AND((I$3-$B$2)>=0,(I$3-$B$2)<30), 2,0) -> 0 | J60: =IF(OR(AND($F59<=J$3, $F60 >= J$3), AND($F60<J$3, WORKDAY($F60, 22,Holiday!$A$1:$A$30)>J$3)), 1, 0)+IF(AND((J$3-$B$2)>=0,(J$3-$B$2)<30), 2,0) -> 0 | K60: =IF(OR(AND($F59<=K$3, $F60 >= K$3), AND($F60<K$3, WORKDAY($F60, 22,Holiday!$A$1:$A$30)>K$3)), 1, 0)+IF(AND((K$3-$B$2)>=0,(K$3-$B$2)<30), 2,0) -> 1 | L60: =IF(OR(AND($F59<=L$3, $F60 >= L$3), AND($F60<L$3, WORKDAY($F60, 22,Holiday!$A$1:$A$30)>L$3)), 1, 0)+IF(AND((L$3-$B$2)>=0,(L$3-$B$2)<30), 2,0) -> 1 | M60: =IF(OR(AND($F59<=M$3, $F60 >= M$3), AND($F60<M$3, WORKDAY($F60, 22,Holiday!$A$1:$A$30)>M$3)), 1, 0)+IF(AND((M$3-$B$2)>=0,(M$3-$B$2)<30), 2,0) -> 0 | N60: =IF(OR(AND($F59<=N$3, $F60 >= N$3), AND($F60<N$3, WORKDAY($F60, 22,Holiday!$A$1:$A$30)>N$3)), 1, 0)+IF(AND((N$3-$B$2)>=0,(N$3-$B$2)<30), 2,0) -> 0 | ... AO60: =IF(OR(AND($F59<=AO$3, $F60 >= AO$3), AND($F60<AO$3, WORKDAY($F60, 22,Holiday!$A$1:$A$30)>AO$3)), 1, 0)+IF(AND((AO$3-$B$2)>=0,(AO$3-$B$2)<30), 2,0) -> 0
B61: Admin Tools/ Sub Pool Distribution | C61: DEV 5 | D61: 10 | E61: =ROUNDUP(D61*(1+$D$2),0) -> 15 | F61: =WORKDAY(F60,E61,Holiday!A55:A84) -> 46212 | G61: =IF(OR(AND($F60<=G$3, $F61 >= G$3), AND($F61<G$3, WORKDAY($F61, 22,Holiday!$A$1:$A$30)>G$3)), 1, 0)+IF(AND((G$3-$B$2)>=0,(G$3-$B$2)<30), 2,0) -> 0 | H61: =IF(OR(AND($F60<=H$3, $F61 >= H$3), AND($F61<H$3, WORKDAY($F61, 22,Holiday!$A$1:$A$30)>H$3)), 1, 0)+IF(AND((H$3-$B$2)>=0,(H$3-$B$2)<30), 2,0) -> 0 | I61: =IF(OR(AND($F60<=I$3, $F61 >= I$3), AND($F61<I$3, WORKDAY($F61, 22,Holiday!$A$1:$A$30)>I$3)), 1, 0)+IF(AND((I$3-$B$2)>=0,(I$3-$B$2)<30), 2,0) -> 0 | J61: =IF(OR(AND($F60<=J$3, $F61 >= J$3), AND($F61<J$3, WORKDAY($F61, 22,Holiday!$A$1:$A$30)>J$3)), 1, 0)+IF(AND((J$3-$B$2)>=0,(J$3-$B$2)<30), 2,0) -> 0 | K61: =IF(OR(AND($F60<=K$3, $F61 >= K$3), AND($F61<K$3, WORKDAY($F61, 22,Holiday!$A$1:$A$30)>K$3)), 1, 0)+IF(AND((K$3-$B$2)>=0,(K$3-$B$2)<30), 2,0) -> 0 | L61: =IF(OR(AND($F60<=L$3, $F61 >= L$3), AND($F61<L$3, WORKDAY($F61, 22,Holiday!$A$1:$A$30)>L$3)), 1, 0)+IF(AND((L$3-$B$2)>=0,(L$3-$B$2)<30), 2,0) -> 1 | M61: =IF(OR(AND($F60<=M$3, $F61 >= M$3), AND($F61<M$3, WORKDAY($F61, 22,Holiday!$A$1:$A$30)>M$3)), 1, 0)+IF(AND((M$3-$B$2)>=0,(M$3-$B$2)<30), 2,0) -> 1 | N61: =IF(OR(AND($F60<=N$3, $F61 >= N$3), AND($F61<N$3, WORKDAY($F61, 22,Holiday!$A$1:$A$30)>N$3)), 1, 0)+IF(AND((N$3-$B$2)>=0,(N$3-$B$2)<30), 2,0) -> 0 | ... AO61: =IF(OR(AND($F60<=AO$3, $F61 >= AO$3), AND($F61<AO$3, WORKDAY($F61, 22,Holiday!$A$1:$A$30)>AO$3)), 1, 0)+IF(AND((AO$3-$B$2)>=0,(AO$3-$B$2)<30), 2,0) -> 0
B62: Admin Tools/ Summary Report View | C62: DEV 5 | D62: 10 | E62: =ROUNDUP(D62*(1+$D$2),0) -> 15 | F62: =WORKDAY(F61,E62,Holiday!A56:A85) -> 46233 | G62: =IF(OR(AND($F61<=G$3, $F62 >= G$3), AND($F62<G$3, WORKDAY($F62, 22,Holiday!$A$1:$A$30)>G$3)), 1, 0)+IF(AND((G$3-$B$2)>=0,(G$3-$B$2)<30), 2,0) -> 0 | H62: =IF(OR(AND($F61<=H$3, $F62 >= H$3), AND($F62<H$3, WORKDAY($F62, 22,Holiday!$A$1:$A$30)>H$3)), 1, 0)+IF(AND((H$3-$B$2)>=0,(H$3-$B$2)<30), 2,0) -> 0 | I62: =IF(OR(AND($F61<=I$3, $F62 >= I$3), AND($F62<I$3, WORKDAY($F62, 22,Holiday!$A$1:$A$30)>I$3)), 1, 0)+IF(AND((I$3-$B$2)>=0,(I$3-$B$2)<30), 2,0) -> 0 | J62: =IF(OR(AND($F61<=J$3, $F62 >= J$3), AND($F62<J$3, WORKDAY($F62, 22,Holiday!$A$1:$A$30)>J$3)), 1, 0)+IF(AND((J$3-$B$2)>=0,(J$3-$B$2)<30), 2,0) -> 0 | K62: =IF(OR(AND($F61<=K$3, $F62 >= K$3), AND($F62<K$3, WORKDAY($F62, 22,Holiday!$A$1:$A$30)>K$3)), 1, 0)+IF(AND((K$3-$B$2)>=0,(K$3-$B$2)<30), 2,0) -> 0 | L62: =IF(OR(AND($F61<=L$3, $F62 >= L$3), AND($F62<L$3, WORKDAY($F62, 22,Holiday!$A$1:$A$30)>L$3)), 1, 0)+IF(AND((L$3-$B$2)>=0,(L$3-$B$2)<30), 2,0) -> 0 | M62: =IF(OR(AND($F61<=M$3, $F62 >= M$3), AND($F62<M$3, WORKDAY($F62, 22,Holiday!$A$1:$A$30)>M$3)), 1, 0)+IF(AND((M$3-$B$2)>=0,(M$3-$B$2)<30), 2,0) -> 1 | N62: =IF(OR(AND($F61<=N$3, $F62 >= N$3), AND($F62<N$3, WORKDAY($F62, 22,Holiday!$A$1:$A$30)>N$3)), 1, 0)+IF(AND((N$3-$B$2)>=0,(N$3-$B$2)<30), 2,0) -> 0 | ... AO62: =IF(OR(AND($F61<=AO$3, $F62 >= AO$3), AND($F62<AO$3, WORKDAY($F62, 22,Holiday!$A$1:$A$30)>AO$3)), 1, 0)+IF(AND((AO$3-$B$2)>=0,(AO$3-$B$2)<30), 2,0) -> 0
B63: Admin Tools/ Unblock user | C63: DEV 5 | D63: 10 | E63: =ROUNDUP(D63*(1+$D$2),0) -> 15 | F63: =WORKDAY(F62,E63,Holiday!A57:A86) -> 46254 | G63: =IF(OR(AND($F62<=G$3, $F63 >= G$3), AND($F63<G$3, WORKDAY($F63, 22,Holiday!$A$1:$A$30)>G$3)), 1, 0)+IF(AND((G$3-$B$2)>=0,(G$3-$B$2)<30), 2,0) -> 0 | H63: =IF(OR(AND($F62<=H$3, $F63 >= H$3), AND($F63<H$3, WORKDAY($F63, 22,Holiday!$A$1:$A$30)>H$3)), 1, 0)+IF(AND((H$3-$B$2)>=0,(H$3-$B$2)<30), 2,0) -> 0 | I63: =IF(OR(AND($F62<=I$3, $F63 >= I$3), AND($F63<I$3, WORKDAY($F63, 22,Holiday!$A$1:$A$30)>I$3)), 1, 0)+IF(AND((I$3-$B$2)>=0,(I$3-$B$2)<30), 2,0) -> 0 | J63: =IF(OR(AND($F62<=J$3, $F63 >= J$3), AND($F63<J$3, WORKDAY($F63, 22,Holiday!$A$1:$A$30)>J$3)), 1, 0)+IF(AND((J$3-$B$2)>=0,(J$3-$B$2)<30), 2,0) -> 0 | K63: =IF(OR(AND($F62<=K$3, $F63 >= K$3), AND($F63<K$3, WORKDAY($F63, 22,Holiday!$A$1:$A$30)>K$3)), 1, 0)+IF(AND((K$3-$B$2)>=0,(K$3-$B$2)<30), 2,0) -> 0 | L63: =IF(OR(AND($F62<=L$3, $F63 >= L$3), AND($F63<L$3, WORKDAY($F63, 22,Holiday!$A$1:$A$30)>L$3)), 1, 0)+IF(AND((L$3-$B$2)>=0,(L$3-$B$2)<30), 2,0) -> 0 | M63: =IF(OR(AND($F62<=M$3, $F63 >= M$3), AND($F63<M$3, WORKDAY($F63, 22,Holiday!$A$1:$A$30)>M$3)), 1, 0)+IF(AND((M$3-$B$2)>=0,(M$3-$B$2)<30), 2,0) -> 1 | N63: =IF(OR(AND($F62<=N$3, $F63 >= N$3), AND($F63<N$3, WORKDAY($F63, 22,Holiday!$A$1:$A$30)>N$3)), 1, 0)+IF(AND((N$3-$B$2)>=0,(N$3-$B$2)<30), 2,0) -> 1 | ... AO63: =IF(OR(AND($F62<=AO$3, $F63 >= AO$3), AND($F63<AO$3, WORKDAY($F63, 22,Holiday!$A$1:$A$30)>AO$3)), 1, 0)+IF(AND((AO$3-$B$2)>=0,(AO$3-$B$2)<30), 2,0) -> 0
B64: Admin Tools/ Verify New Contact | C64: DEV 5 | D64: 10 | E64: =ROUNDUP(D64*(1+$D$2),0) -> 15 | F64: =WORKDAY(F63,E64,Holiday!A58:A87) -> 46275 | G64: =IF(OR(AND($F63<=G$3, $F64 >= G$3), AND($F64<G$3, WORKDAY($F64, 22,Holiday!$A$1:$A$30)>G$3)), 1, 0)+IF(AND((G$3-$B$2)>=0,(G$3-$B$2)<30), 2,0) -> 0 | H64: =IF(OR(AND($F63<=H$3, $F64 >= H$3), AND($F64<H$3, WORKDAY($F64, 22,Holiday!$A$1:$A$30)>H$3)), 1, 0)+IF(AND((H$3-$B$2)>=0,(H$3-$B$2)<30), 2,0) -> 0 | I64: =IF(OR(AND($F63<=I$3, $F64 >= I$3), AND($F64<I$3, WORKDAY($F64, 22,Holiday!$A$1:$A$30)>I$3)), 1, 0)+IF(AND((I$3-$B$2)>=0,(I$3-$B$2)<30), 2,0) -> 0 | J64: =IF(OR(AND($F63<=J$3, $F64 >= J$3), AND($F64<J$3, WORKDAY($F64, 22,Holiday!$A$1:$A$30)>J$3)), 1, 0)+IF(AND((J$3-$B$2)>=0,(J$3-$B$2)<30), 2,0) -> 0 | K64: =IF(OR(AND($F63<=K$3, $F64 >= K$3), AND($F64<K$3, WORKDAY($F64, 22,Holiday!$A$1:$A$30)>K$3)), 1, 0)+IF(AND((K$3-$B$2)>=0,(K$3-$B$2)<30), 2,0) -> 0 | L64: =IF(OR(AND($F63<=L$3, $F64 >= L$3), AND($F64<L$3, WORKDAY($F64, 22,Holiday!$A$1:$A$30)>L$3)), 1, 0)+IF(AND((L$3-$B$2)>=0,(L$3-$B$2)<30), 2,0) -> 0 | M64: =IF(OR(AND($F63<=M$3, $F64 >= M$3), AND($F64<M$3, WORKDAY($F64, 22,Holiday!$A$1:$A$30)>M$3)), 1, 0)+IF(AND((M$3-$B$2)>=0,(M$3-$B$2)<30), 2,0) -> 0 | N64: =IF(OR(AND($F63<=N$3, $F64 >= N$3), AND($F64<N$3, WORKDAY($F64, 22,Holiday!$A$1:$A$30)>N$3)), 1, 0)+IF(AND((N$3-$B$2)>=0,(N$3-$B$2)<30), 2,0) -> 1 | ... AO64: =IF(OR(AND($F63<=AO$3, $F64 >= AO$3), AND($F64<AO$3, WORKDAY($F64, 22,Holiday!$A$1:$A$30)>AO$3)), 1, 0)+IF(AND((AO$3-$B$2)>=0,(AO$3-$B$2)<30), 2,0) -> 0
B65: Admin Tools/ Verify Phone List | C65: DEV 5 | D65: 10 | E65: =ROUNDUP(D65*(1+$D$2),0) -> 15 | F65: =WORKDAY(F64,E65,Holiday!A59:A88) -> 46296 | G65: =IF(OR(AND($F64<=G$3, $F65 >= G$3), AND($F65<G$3, WORKDAY($F65, 22,Holiday!$A$1:$A$30)>G$3)), 1, 0)+IF(AND((G$3-$B$2)>=0,(G$3-$B$2)<30), 2,0) -> 0 | H65: =IF(OR(AND($F64<=H$3, $F65 >= H$3), AND($F65<H$3, WORKDAY($F65, 22,Holiday!$A$1:$A$30)>H$3)), 1, 0)+IF(AND((H$3-$B$2)>=0,(H$3-$B$2)<30), 2,0) -> 0 | I65: =IF(OR(AND($F64<=I$3, $F65 >= I$3), AND($F65<I$3, WORKDAY($F65, 22,Holiday!$A$1:$A$30)>I$3)), 1, 0)+IF(AND((I$3-$B$2)>=0,(I$3-$B$2)<30), 2,0) -> 0 | J65: =IF(OR(AND($F64<=J$3, $F65 >= J$3), AND($F65<J$3, WORKDAY($F65, 22,Holiday!$A$1:$A$30)>J$3)), 1, 0)+IF(AND((J$3-$B$2)>=0,(J$3-$B$2)<30), 2,0) -> 0 | K65: =IF(OR(AND($F64<=K$3, $F65 >= K$3), AND($F65<K$3, WORKDAY($F65, 22,Holiday!$A$1:$A$30)>K$3)), 1, 0)+IF(AND((K$3-$B$2)>=0,(K$3-$B$2)<30), 2,0) -> 0 | L65: =IF(OR(AND($F64<=L$3, $F65 >= L$3), AND($F65<L$3, WORKDAY($F65, 22,Holiday!$A$1:$A$30)>L$3)), 1, 0)+IF(AND((L$3-$B$2)>=0,(L$3-$B$2)<30), 2,0) -> 0 | M65: =IF(OR(AND($F64<=M$3, $F65 >= M$3), AND($F65<M$3, WORKDAY($F65, 22,Holiday!$A$1:$A$30)>M$3)), 1, 0)+IF(AND((M$3-$B$2)>=0,(M$3-$B$2)<30), 2,0) -> 0 | N65: =IF(OR(AND($F64<=N$3, $F65 >= N$3), AND($F65<N$3, WORKDAY($F65, 22,Holiday!$A$1:$A$30)>N$3)), 1, 0)+IF(AND((N$3-$B$2)>=0,(N$3-$B$2)<30), 2,0) -> 0 | ... AO65: =IF(OR(AND($F64<=AO$3, $F65 >= AO$3), AND($F65<AO$3, WORKDAY($F65, 22,Holiday!$A$1:$A$30)>AO$3)), 1, 0)+IF(AND((AO$3-$B$2)>=0,(AO$3-$B$2)<30), 2,0) -> 0
B66: Admin Tools/Invalidate Follow-up trail | C66: DEV 5 | D66: 10 | E66: =ROUNDUP(D66*(1+$D$2),0) -> 15 | F66: =WORKDAY(F65,E66,Holiday!A60:A89) -> 46317 | G66: =IF(OR(AND($F65<=G$3, $F66 >= G$3), AND($F66<G$3, WORKDAY($F66, 22,Holiday!$A$1:$A$30)>G$3)), 1, 0)+IF(AND((G$3-$B$2)>=0,(G$3-$B$2)<30), 2,0) -> 0 | H66: =IF(OR(AND($F65<=H$3, $F66 >= H$3), AND($F66<H$3, WORKDAY($F66, 22,Holiday!$A$1:$A$30)>H$3)), 1, 0)+IF(AND((H$3-$B$2)>=0,(H$3-$B$2)<30), 2,0) -> 0 | I66: =IF(OR(AND($F65<=I$3, $F66 >= I$3), AND($F66<I$3, WORKDAY($F66, 22,Holiday!$A$1:$A$30)>I$3)), 1, 0)+IF(AND((I$3-$B$2)>=0,(I$3-$B$2)<30), 2,0) -> 0 | J66: =IF(OR(AND($F65<=J$3, $F66 >= J$3), AND($F66<J$3, WORKDAY($F66, 22,Holiday!$A$1:$A$30)>J$3)), 1, 0)+IF(AND((J$3-$B$2)>=0,(J$3-$B$2)<30), 2,0) -> 0 | K66: =IF(OR(AND($F65<=K$3, $F66 >= K$3), AND($F66<K$3, WORKDAY($F66, 22,Holiday!$A$1:$A$30)>K$3)), 1, 0)+IF(AND((K$3-$B$2)>=0,(K$3-$B$2)<30), 2,0) -> 0 | L66: =IF(OR(AND($F65<=L$3, $F66 >= L$3), AND($F66<L$3, WORKDAY($F66, 22,Holiday!$A$1:$A$30)>L$3)), 1, 0)+IF(AND((L$3-$B$2)>=0,(L$3-$B$2)<30), 2,0) -> 0 | M66: =IF(OR(AND($F65<=M$3, $F66 >= M$3), AND($F66<M$3, WORKDAY($F66, 22,Holiday!$A$1:$A$30)>M$3)), 1, 0)+IF(AND((M$3-$B$2)>=0,(M$3-$B$2)<30), 2,0) -> 0 | N66: =IF(OR(AND($F65<=N$3, $F66 >= N$3), AND($F66<N$3, WORKDAY($F66, 22,Holiday!$A$1:$A$30)>N$3)), 1, 0)+IF(AND((N$3-$B$2)>=0,(N$3-$B$2)<30), 2,0) -> 0 | ... AO66: =IF(OR(AND($F65<=AO$3, $F66 >= AO$3), AND($F66<AO$3, WORKDAY($F66, 22,Holiday!$A$1:$A$30)>AO$3)), 1, 0)+IF(AND((AO$3-$B$2)>=0,(AO$3-$B$2)<30), 2,0) -> 0
... B72: Data Table/ Bulk Upload New Phone numbers | C72: DEV 5 | D72: 5 | E72: =ROUNDUP(D72*(1+$D$2),0) -> 8 | F72: =WORKDAY(F71,E72,Holiday!A66:A95) -> 46405 | G72: =IF(OR(AND($F71<=G$3, $F72 >= G$3), AND($F72<G$3, WORKDAY($F72, 22,Holiday!$A$1:$A$30)>G$3)), 1, 0)+IF(AND((G$3-$B$2)>=0,(G$3-$B$2)<30), 2,0) -> 0 | H72: =IF(OR(AND($F71<=H$3, $F72 >= H$3), AND($F72<H$3, WORKDAY($F72, 22,Holiday!$A$1:$A$30)>H$3)), 1, 0)+IF(AND((H$3-$B$2)>=0,(H$3-$B$2)<30), 2,0) -> 0 | I72: =IF(OR(AND($F71<=I$3, $F72 >= I$3), AND($F72<I$3, WORKDAY($F72, 22,Holiday!$A$1:$A$30)>I$3)), 1, 0)+IF(AND((I$3-$B$2)>=0,(I$3-$B$2)<30), 2,0) -> 0 | J72: =IF(OR(AND($F71<=J$3, $F72 >= J$3), AND($F72<J$3, WORKDAY($F72, 22,Holiday!$A$1:$A$30)>J$3)), 1, 0)+IF(AND((J$3-$B$2)>=0,(J$3-$B$2)<30), 2,0) -> 0 | K72: =IF(OR(AND($F71<=K$3, $F72 >= K$3), AND($F72<K$3, WORKDAY($F72, 22,Holiday!$A$1:$A$30)>K$3)), 1, 0)+IF(AND((K$3-$B$2)>=0,(K$3-$B$2)<30), 2,0) -> 0 | L72: =IF(OR(AND($F71<=L$3, $F72 >= L$3), AND($F72<L$3, WORKDAY($F72, 22,Holiday!$A$1:$A$30)>L$3)), 1, 0)+IF(AND((L$3-$B$2)>=0,(L$3-$B$2)<30), 2,0) -> 0 | M72: =IF(OR(AND($F71<=M$3, $F72 >= M$3), AND($F72<M$3, WORKDAY($F72, 22,Holiday!$A$1:$A$30)>M$3)), 1, 0)+IF(AND((M$3-$B$2)>=0,(M$3-$B$2)<30), 2,0) -> 0 | N72: =IF(OR(AND($F71<=N$3, $F72 >= N$3), AND($F72<N$3, WORKDAY($F72, 22,Holiday!$A$1:$A$30)>N$3)), 1, 0)+IF(AND((N$3-$B$2)>=0,(N$3-$B$2)<30), 2,0) -> 0 | ... AO72: =IF(OR(AND($F71<=AO$3, $F72 >= AO$3), AND($F72<AO$3, WORKDAY($F72, 22,Holiday!$A$1:$A$30)>AO$3)), 1, 0)+IF(AND((AO$3-$B$2)>=0,(AO$3-$B$2)<30), 2,0) -> 0
B73: Data Table/ Deliquency code | C73: DEV 6 | D73: 5 | E73: =ROUNDUP(D73*(1+$D$2),0) -> 8 | F73: =WORKDAY(F54,E73,Holiday!A67:A96) -> 46077 | G73: =IF(OR(AND($F72<=G$3, $F73 >= G$3), AND($F73<G$3, WORKDAY($F73, 22,Holiday!$A$1:$A$30)>G$3)), 1, 0)+IF(AND((G$3-$B$2)>=0,(G$3-$B$2)<30), 2,0) -> 0 | H73: =IF(OR(AND($F72<=H$3, $F73 >= H$3), AND($F73<H$3, WORKDAY($F73, 22,Holiday!$A$1:$A$30)>H$3)), 1, 0)+IF(AND((H$3-$B$2)>=0,(H$3-$B$2)<30), 2,0) -> 1 | I73: =IF(OR(AND($F72<=I$3, $F73 >= I$3), AND($F73<I$3, WORKDAY($F73, 22,Holiday!$A$1:$A$30)>I$3)), 1, 0)+IF(AND((I$3-$B$2)>=0,(I$3-$B$2)<30), 2,0) -> 0 | J73: =IF(OR(AND($F72<=J$3, $F73 >= J$3), AND($F73<J$3, WORKDAY($F73, 22,Holiday!$A$1:$A$30)>J$3)), 1, 0)+IF(AND((J$3-$B$2)>=0,(J$3-$B$2)<30), 2,0) -> 0 | K73: =IF(OR(AND($F72<=K$3, $F73 >= K$3), AND($F73<K$3, WORKDAY($F73, 22,Holiday!$A$1:$A$30)>K$3)), 1, 0)+IF(AND((K$3-$B$2)>=0,(K$3-$B$2)<30), 2,0) -> 0 | L73: =IF(OR(AND($F72<=L$3, $F73 >= L$3), AND($F73<L$3, WORKDAY($F73, 22,Holiday!$A$1:$A$30)>L$3)), 1, 0)+IF(AND((L$3-$B$2)>=0,(L$3-$B$2)<30), 2,0) -> 0 | M73: =IF(OR(AND($F72<=M$3, $F73 >= M$3), AND($F73<M$3, WORKDAY($F73, 22,Holiday!$A$1:$A$30)>M$3)), 1, 0)+IF(AND((M$3-$B$2)>=0,(M$3-$B$2)<30), 2,0) -> 0 | N73: =IF(OR(AND($F72<=N$3, $F73 >= N$3), AND($F73<N$3, WORKDAY($F73, 22,Holiday!$A$1:$A$30)>N$3)), 1, 0)+IF(AND((N$3-$B$2)>=0,(N$3-$B$2)<30), 2,0) -> 0 | ... AO73: =IF(OR(AND($F72<=AO$3, $F73 >= AO$3), AND($F73<AO$3, WORKDAY($F73, 22,Holiday!$A$1:$A$30)>AO$3)), 1, 0)+IF(AND((AO$3-$B$2)>=0,(AO$3-$B$2)<30), 2,0) -> 0
B74: Data table/ Distribution Capacity | C74: DEV 6 | D74: 5 | E74: =ROUNDUP(D74*(1+$D$2),0) -> 8 | F74: =WORKDAY(F73,E74,Holiday!A68:A97) -> 46087 | G74: =IF(OR(AND($F73<=G$3, $F74 >= G$3), AND($F74<G$3, WORKDAY($F74, 22,Holiday!$A$1:$A$30)>G$3)), 1, 0)+IF(AND((G$3-$B$2)>=0,(G$3-$B$2)<30), 2,0) -> 0 | H74: =IF(OR(AND($F73<=H$3, $F74 >= H$3), AND($F74<H$3, WORKDAY($F74, 22,Holiday!$A$1:$A$30)>H$3)), 1, 0)+IF(AND((H$3-$B$2)>=0,(H$3-$B$2)<30), 2,0) -> 1 | I74: =IF(OR(AND($F73<=I$3, $F74 >= I$3), AND($F74<I$3, WORKDAY($F74, 22,Holiday!$A$1:$A$30)>I$3)), 1, 0)+IF(AND((I$3-$B$2)>=0,(I$3-$B$2)<30), 2,0) -> 1 | J74: =IF(OR(AND($F73<=J$3, $F74 >= J$3), AND($F74<J$3, WORKDAY($F74, 22,Holiday!$A$1:$A$30)>J$3)), 1, 0)+IF(AND((J$3-$B$2)>=0,(J$3-$B$2)<30), 2,0) -> 0 | K74: =IF(OR(AND($F73<=K$3, $F74 >= K$3), AND($F74<K$3, WORKDAY($F74, 22,Holiday!$A$1:$A$30)>K$3)), 1, 0)+IF(AND((K$3-$B$2)>=0,(K$3-$B$2)<30), 2,0) -> 0 | L74: =IF(OR(AND($F73<=L$3, $F74 >= L$3), AND($F74<L$3, WORKDAY($F74, 22,Holiday!$A$1:$A$30)>L$3)), 1, 0)+IF(AND((L$3-$B$2)>=0,(L$3-$B$2)<30), 2,0) -> 0 | M74: =IF(OR(AND($F73<=M$3, $F74 >= M$3), AND($F74<M$3, WORKDAY($F74, 22,Holiday!$A$1:$A$30)>M$3)), 1, 0)+IF(AND((M$3-$B$2)>=0,(M$3-$B$2)<30), 2,0) -> 0 | N74: =IF(OR(AND($F73<=N$3, $F74 >= N$3), AND($F74<N$3, WORKDAY($F74, 22,Holiday!$A$1:$A$30)>N$3)), 1, 0)+IF(AND((N$3-$B$2)>=0,(N$3-$B$2)<30), 2,0) -> 0 | ... AO74: =IF(OR(AND($F73<=AO$3, $F74 >= AO$3), AND($F74<AO$3, WORKDAY($F74, 22,Holiday!$A$1:$A$30)>AO$3)), 1, 0)+IF(AND((AO$3-$B$2)>=0,(AO$3-$B$2)<30), 2,0) -> 0
B75: Data Table/ Eligible Deferred List | C75: DEV 6 | D75: 5 | E75: =ROUNDUP(D75*(1+$D$2),0) -> 8 | F75: =WORKDAY(F74,E75,Holiday!A69:A98) -> 46099 | G75: =IF(OR(AND($F74<=G$3, $F75 >= G$3), AND($F75<G$3, WORKDAY($F75, 22,Holiday!$A$1:$A$30)>G$3)), 1, 0)+IF(AND((G$3-$B$2)>=0,(G$3-$B$2)<30), 2,0) -> 0 | H75: =IF(OR(AND($F74<=H$3, $F75 >= H$3), AND($F75<H$3, WORKDAY($F75, 22,Holiday!$A$1:$A$30)>H$3)), 1, 0)+IF(AND((H$3-$B$2)>=0,(H$3-$B$2)<30), 2,0) -> 0 | I75: =IF(OR(AND($F74<=I$3, $F75 >= I$3), AND($F75<I$3, WORKDAY($F75, 22,Holiday!$A$1:$A$30)>I$3)), 1, 0)+IF(AND((I$3-$B$2)>=0,(I$3-$B$2)<30), 2,0) -> 1 | J75: =IF(OR(AND($F74<=J$3, $F75 >= J$3), AND($F75<J$3, WORKDAY($F75, 22,Holiday!$A$1:$A$30)>J$3)), 1, 0)+IF(AND((J$3-$B$2)>=0,(J$3-$B$2)<30), 2,0) -> 0 | K75: =IF(OR(AND($F74<=K$3, $F75 >= K$3), AND($F75<K$3, WORKDAY($F75, 22,Holiday!$A$1:$A$30)>K$3)), 1, 0)+IF(AND((K$3-$B$2)>=0,(K$3-$B$2)<30), 2,0) -> 0 | L75: =IF(OR(AND($F74<=L$3, $F75 >= L$3), AND($F75<L$3, WORKDAY($F75, 22,Holiday!$A$1:$A$30)>L$3)), 1, 0)+IF(AND((L$3-$B$2)>=0,(L$3-$B$2)<30), 2,0) -> 0 | M75: =IF(OR(AND($F74<=M$3, $F75 >= M$3), AND($F75<M$3, WORKDAY($F75, 22,Holiday!$A$1:$A$30)>M$3)), 1, 0)+IF(AND((M$3-$B$2)>=0,(M$3-$B$2)<30), 2,0) -> 0 | N75: =IF(OR(AND($F74<=N$3, $F75 >= N$3), AND($F75<N$3, WORKDAY($F75, 22,Holiday!$A$1:$A$30)>N$3)), 1, 0)+IF(AND((N$3-$B$2)>=0,(N$3-$B$2)<30), 2,0) -> 0 | ... AO75: =IF(OR(AND($F74<=AO$3, $F75 >= AO$3), AND($F75<AO$3, WORKDAY($F75, 22,Holiday!$A$1:$A$30)>AO$3)), 1, 0)+IF(AND((AO$3-$B$2)>=0,(AO$3-$B$2)<30), 2,0) -> 0
B76: Data Table/ FC Profile Details | C76: DEV 6 | D76: 5 | E76: =ROUNDUP(D76*(1+$D$2),0) -> 8 | F76: =WORKDAY(F75,E76,Holiday!A70:A99) -> 46111 | G76: =IF(OR(AND($F75<=G$3, $F76 >= G$3), AND($F76<G$3, WORKDAY($F76, 22,Holiday!$A$1:$A$30)>G$3)), 1, 0)+IF(AND((G$3-$B$2)>=0,(G$3-$B$2)<30), 2,0) -> 0 | H76: =IF(OR(AND($F75<=H$3, $F76 >= H$3), AND($F76<H$3, WORKDAY($F76, 22,Holiday!$A$1:$A$30)>H$3)), 1, 0)+IF(AND((H$3-$B$2)>=0,(H$3-$B$2)<30), 2,0) -> 0 | I76: =IF(OR(AND($F75<=I$3, $F76 >= I$3), AND($F76<I$3, WORKDAY($F76, 22,Holiday!$A$1:$A$30)>I$3)), 1, 0)+IF(AND((I$3-$B$2)>=0,(I$3-$B$2)<30), 2,0) -> 1 | J76: =IF(OR(AND($F75<=J$3, $F76 >= J$3), AND($F76<J$3, WORKDAY($F76, 22,Holiday!$A$1:$A$30)>J$3)), 1, 0)+IF(AND((J$3-$B$2)>=0,(J$3-$B$2)<30), 2,0) -> 0 | K76: =IF(OR(AND($F75<=K$3, $F76 >= K$3), AND($F76<K$3, WORKDAY($F76, 22,Holiday!$A$1:$A$30)>K$3)), 1, 0)+IF(AND((K$3-$B$2)>=0,(K$3-$B$2)<30), 2,0) -> 0 | L76: =IF(OR(AND($F75<=L$3, $F76 >= L$3), AND($F76<L$3, WORKDAY($F76, 22,Holiday!$A$1:$A$30)>L$3)), 1, 0)+IF(AND((L$3-$B$2)>=0,(L$3-$B$2)<30), 2,0) -> 0 | M76: =IF(OR(AND($F75<=M$3, $F76 >= M$3), AND($F76<M$3, WORKDAY($F76, 22,Holiday!$A$1:$A$30)>M$3)), 1, 0)+IF(AND((M$3-$B$2)>=0,(M$3-$B$2)<30), 2,0) -> 0 | N76: =IF(OR(AND($F75<=N$3, $F76 >= N$3), AND($F76<N$3, WORKDAY($F76, 22,Holiday!$A$1:$A$30)>N$3)), 1, 0)+IF(AND((N$3-$B$2)>=0,(N$3-$B$2)<30), 2,0) -> 0 | ... AO76: =IF(OR(AND($F75<=AO$3, $F76 >= AO$3), AND($F76<AO$3, WORKDAY($F76, 22,Holiday!$A$1:$A$30)>AO$3)), 1, 0)+IF(AND((AO$3-$B$2)>=0,(AO$3-$B$2)<30), 2,0) -> 0
B77: Data Table/ Intraday Callback Configuration | C77: DEV 6 | D77: 5 | E77: =ROUNDUP(D77*(1+$D$2),0) -> 8 | F77: =WORKDAY(F76,E77,Holiday!A71:A100) -> 46121 | G77: =IF(OR(AND($F76<=G$3, $F77 >= G$3), AND($F77<G$3, WORKDAY($F77, 22,Holiday!$A$1:$A$30)>G$3)), 1, 0)+IF(AND((G$3-$B$2)>=0,(G$3-$B$2)<30), 2,0) -> 0 | H77: =IF(OR(AND($F76<=H$3, $F77 >= H$3), AND($F77<H$3, WORKDAY($F77, 22,Holiday!$A$1:$A$30)>H$3)), 1, 0)+IF(AND((H$3-$B$2)>=0,(H$3-$B$2)<30), 2,0) -> 0 | I77: =IF(OR(AND($F76<=I$3, $F77 >= I$3), AND($F77<I$3, WORKDAY($F77, 22,Holiday!$A$1:$A$30)>I$3)), 1, 0)+IF(AND((I$3-$B$2)>=0,(I$3-$B$2)<30), 2,0) -> 1 | J77: =IF(OR(AND($F76<=J$3, $F77 >= J$3), AND($F77<J$3, WORKDAY($F77, 22,Holiday!$A$1:$A$30)>J$3)), 1, 0)+IF(AND((J$3-$B$2)>=0,(J$3-$B$2)<30), 2,0) -> 1 | K77: =IF(OR(AND($F76<=K$3, $F77 >= K$3), AND($F77<K$3, WORKDAY($F77, 22,Holiday!$A$1:$A$30)>K$3)), 1, 0)+IF(AND((K$3-$B$2)>=0,(K$3-$B$2)<30), 2,0) -> 0 | L77: =IF(OR(AND($F76<=L$3, $F77 >= L$3), AND($F77<L$3, WORKDAY($F77, 22,Holiday!$A$1:$A$30)>L$3)), 1, 0)+IF(AND((L$3-$B$2)>=0,(L$3-$B$2)<30), 2,0) -> 0 | M77: =IF(OR(AND($F76<=M$3, $F77 >= M$3), AND($F77<M$3, WORKDAY($F77, 22,Holiday!$A$1:$A$30)>M$3)), 1, 0)+IF(AND((M$3-$B$2)>=0,(M$3-$B$2)<30), 2,0) -> 0 | N77: =IF(OR(AND($F76<=N$3, $F77 >= N$3), AND($F77<N$3, WORKDAY($F77, 22,Holiday!$A$1:$A$30)>N$3)), 1, 0)+IF(AND((N$3-$B$2)>=0,(N$3-$B$2)<30), 2,0) -> 0 | ... AO77: =IF(OR(AND($F76<=AO$3, $F77 >= AO$3), AND($F77<AO$3, WORKDAY($F77, 22,Holiday!$A$1:$A$30)>AO$3)), 1, 0)+IF(AND((AO$3-$B$2)>=0,(AO$3-$B$2)<30), 2,0) -> 0
B78: Data Table/ List company B@W | C78: DEV 6 | D78: 5 | E78: =ROUNDUP(D78*(1+$D$2),0) -> 8 | F78: =WORKDAY(F77,E78,Holiday!A72:A101) -> 46133 | G78: =IF(OR(AND($F77<=G$3, $F78 >= G$3), AND($F78<G$3, WORKDAY($F78, 22,Holiday!$A$1:$A$30)>G$3)), 1, 0)+IF(AND((G$3-$B$2)>=0,(G$3-$B$2)<30), 2,0) -> 0 | H78: =IF(OR(AND($F77<=H$3, $F78 >= H$3), AND($F78<H$3, WORKDAY($F78, 22,Holiday!$A$1:$A$30)>H$3)), 1, 0)+IF(AND((H$3-$B$2)>=0,(H$3-$B$2)<30), 2,0) -> 0 | I78: =IF(OR(AND($F77<=I$3, $F78 >= I$3), AND($F78<I$3, WORKDAY($F78, 22,Holiday!$A$1:$A$30)>I$3)), 1, 0)+IF(AND((I$3-$B$2)>=0,(I$3-$B$2)<30), 2,0) -> 0 | J78: =IF(OR(AND($F77<=J$3, $F78 >= J$3), AND($F78<J$3, WORKDAY($F78, 22,Holiday!$A$1:$A$30)>J$3)), 1, 0)+IF(AND((J$3-$B$2)>=0,(J$3-$B$2)<30), 2,0) -> 1 | K78: =IF(OR(AND($F77<=K$3, $F78 >= K$3), AND($F78<K$3, WORKDAY($F78, 22,Holiday!$A$1:$A$30)>K$3)), 1, 0)+IF(AND((K$3-$B$2)>=0,(K$3-$B$2)<30), 2,0) -> 0 | L78: =IF(OR(AND($F77<=L$3, $F78 >= L$3), AND($F78<L$3, WORKDAY($F78, 22,Holiday!$A$1:$A$30)>L$3)), 1, 0)+IF(AND((L$3-$B$2)>=0,(L$3-$B$2)<30), 2,0) -> 0 | M78: =IF(OR(AND($F77<=M$3, $F78 >= M$3), AND($F78<M$3, WORKDAY($F78, 22,Holiday!$A$1:$A$30)>M$3)), 1, 0)+IF(AND((M$3-$B$2)>=0,(M$3-$B$2)<30), 2,0) -> 0 | N78: =IF(OR(AND($F77<=N$3, $F78 >= N$3), AND($F78<N$3, WORKDAY($F78, 22,Holiday!$A$1:$A$30)>N$3)), 1, 0)+IF(AND((N$3-$B$2)>=0,(N$3-$B$2)<30), 2,0) -> 0 | ... AO78: =IF(OR(AND($F77<=AO$3, $F78 >= AO$3), AND($F78<AO$3, WORKDAY($F78, 22,Holiday!$A$1:$A$30)>AO$3)), 1, 0)+IF(AND((AO$3-$B$2)>=0,(AO$3-$B$2)<30), 2,0) -> 0
B79: Data table/ Persons contacted | C79: DEV 6 | D79: 5 | E79: =ROUNDUP(D79*(1+$D$2),0) -> 8 | F79: =WORKDAY(F78,E79,Holiday!A73:A102) -> 46143 | G79: =IF(OR(AND($F78<=G$3, $F79 >= G$3), AND($F79<G$3, WORKDAY($F79, 22,Holiday!$A$1:$A$30)>G$3)), 1, 0)+IF(AND((G$3-$B$2)>=0,(G$3-$B$2)<30), 2,0) -> 0 | H79: =IF(OR(AND($F78<=H$3, $F79 >= H$3), AND($F79<H$3, WORKDAY($F79, 22,Holiday!$A$1:$A$30)>H$3)), 1, 0)+IF(AND((H$3-$B$2)>=0,(H$3-$B$2)<30), 2,0) -> 0 | I79: =IF(OR(AND($F78<=I$3, $F79 >= I$3), AND($F79<I$3, WORKDAY($F79, 22,Holiday!$A$1:$A$30)>I$3)), 1, 0)+IF(AND((I$3-$B$2)>=0,(I$3-$B$2)<30), 2,0) -> 0 | J79: =IF(OR(AND($F78<=J$3, $F79 >= J$3), AND($F79<J$3, WORKDAY($F79, 22,Holiday!$A$1:$A$30)>J$3)), 1, 0)+IF(AND((J$3-$B$2)>=0,(J$3-$B$2)<30), 2,0) -> 1 | K79: =IF(OR(AND($F78<=K$3, $F79 >= K$3), AND($F79<K$3, WORKDAY($F79, 22,Holiday!$A$1:$A$30)>K$3)), 1, 0)+IF(AND((K$3-$B$2)>=0,(K$3-$B$2)<30), 2,0) -> 0 | L79: =IF(OR(AND($F78<=L$3, $F79 >= L$3), AND($F79<L$3, WORKDAY($F79, 22,Holiday!$A$1:$A$30)>L$3)), 1, 0)+IF(AND((L$3-$B$2)>=0,(L$3-$B$2)<30), 2,0) -> 0 | M79: =IF(OR(AND($F78<=M$3, $F79 >= M$3), AND($F79<M$3, WORKDAY($F79, 22,Holiday!$A$1:$A$30)>M$3)), 1, 0)+IF(AND((M$3-$B$2)>=0,(M$3-$B$2)<30), 2,0) -> 0 | N79: =IF(OR(AND($F78<=N$3, $F79 >= N$3), AND($F79<N$3, WORKDAY($F79, 22,Holiday!$A$1:$A$30)>N$3)), 1, 0)+IF(AND((N$3-$B$2)>=0,(N$3-$B$2)<30), 2,0) -> 0 | ... AO79: =IF(OR(AND($F78<=AO$3, $F79 >= AO$3), AND($F79<AO$3, WORKDAY($F79, 22,Holiday!$A$1:$A$30)>AO$3)), 1, 0)+IF(AND((AO$3-$B$2)>=0,(AO$3-$B$2)<30), 2,0) -> 0
B80: Data Table/ Product list | C80: DEV 6 | D80: 5 | E80: =ROUNDUP(D80*(1+$D$2),0) -> 8 | F80: =WORKDAY(F79,E80,Holiday!A74:A103) -> 46155 | G80: =IF(OR(AND($F79<=G$3, $F80 >= G$3), AND($F80<G$3, WORKDAY($F80, 22,Holiday!$A$1:$A$30)>G$3)), 1, 0)+IF(AND((G$3-$B$2)>=0,(G$3-$B$2)<30), 2,0) -> 0 | H80: =IF(OR(AND($F79<=H$3, $F80 >= H$3), AND($F80<H$3, WORKDAY($F80, 22,Holiday!$A$1:$A$30)>H$3)), 1, 0)+IF(AND((H$3-$B$2)>=0,(H$3-$B$2)<30), 2,0) -> 0 | I80: =IF(OR(AND($F79<=I$3, $F80 >= I$3), AND($F80<I$3, WORKDAY($F80, 22,Holiday!$A$1:$A$30)>I$3)), 1, 0)+IF(AND((I$3-$B$2)>=0,(I$3-$B$2)<30), 2,0) -> 0 | J80: =IF(OR(AND($F79<=J$3, $F80 >= J$3), AND($F80<J$3, WORKDAY($F80, 22,Holiday!$A$1:$A$30)>J$3)), 1, 0)+IF(AND((J$3-$B$2)>=0,(J$3-$B$2)<30), 2,0) -> 1 | K80: =IF(OR(AND($F79<=K$3, $F80 >= K$3), AND($F80<K$3, WORKDAY($F80, 22,Holiday!$A$1:$A$30)>K$3)), 1, 0)+IF(AND((K$3-$B$2)>=0,(K$3-$B$2)<30), 2,0) -> 1 | L80: =IF(OR(AND($F79<=L$3, $F80 >= L$3), AND($F80<L$3, WORKDAY($F80, 22,Holiday!$A$1:$A$30)>L$3)), 1, 0)+IF(AND((L$3-$B$2)>=0,(L$3-$B$2)<30), 2,0) -> 0 | M80: =IF(OR(AND($F79<=M$3, $F80 >= M$3), AND($F80<M$3, WORKDAY($F80, 22,Holiday!$A$1:$A$30)>M$3)), 1, 0)+IF(AND((M$3-$B$2)>=0,(M$3-$B$2)<30), 2,0) -> 0 | N80: =IF(OR(AND($F79<=N$3, $F80 >= N$3), AND($F80<N$3, WORKDAY($F80, 22,Holiday!$A$1:$A$30)>N$3)), 1, 0)+IF(AND((N$3-$B$2)>=0,(N$3-$B$2)<30), 2,0) -> 0 | ... AO80: =IF(OR(AND($F79<=AO$3, $F80 >= AO$3), AND($F80<AO$3, WORKDAY($F80, 22,Holiday!$A$1:$A$30)>AO$3)), 1, 0)+IF(AND((AO$3-$B$2)>=0,(AO$3-$B$2)<30), 2,0) -> 0
B81: Data Table/ Route Robin NFU | C81: DEV 6 | D81: 5 | E81: =ROUNDUP(D81*(1+$D$2),0) -> 8 | F81: =WORKDAY(F80,E81,Holiday!A75:A104) -> 46167 | G81: =IF(OR(AND($F80<=G$3, $F81 >= G$3), AND($F81<G$3, WORKDAY($F81, 22,Holiday!$A$1:$A$30)>G$3)), 1, 0)+IF(AND((G$3-$B$2)>=0,(G$3-$B$2)<30), 2,0) -> 0 | H81: =IF(OR(AND($F80<=H$3, $F81 >= H$3), AND($F81<H$3, WORKDAY($F81, 22,Holiday!$A$1:$A$30)>H$3)), 1, 0)+IF(AND((H$3-$B$2)>=0,(H$3-$B$2)<30), 2,0) -> 0 | I81: =IF(OR(AND($F80<=I$3, $F81 >= I$3), AND($F81<I$3, WORKDAY($F81, 22,Holiday!$A$1:$A$30)>I$3)), 1, 0)+IF(AND((I$3-$B$2)>=0,(I$3-$B$2)<30), 2,0) -> 0 | J81: =IF(OR(AND($F80<=J$3, $F81 >= J$3), AND($F81<J$3, WORKDAY($F81, 22,Holiday!$A$1:$A$30)>J$3)), 1, 0)+IF(AND((J$3-$B$2)>=0,(J$3-$B$2)<30), 2,0) -> 0 | K81: =IF(OR(AND($F80<=K$3, $F81 >= K$3), AND($F81<K$3, WORKDAY($F81, 22,Holiday!$A$1:$A$30)>K$3)), 1, 0)+IF(AND((K$3-$B$2)>=0,(K$3-$B$2)<30), 2,0) -> 1 | L81: =IF(OR(AND($F80<=L$3, $F81 >= L$3), AND($F81<L$3, WORKDAY($F81, 22,Holiday!$A$1:$A$30)>L$3)), 1, 0)+IF(AND((L$3-$B$2)>=0,(L$3-$B$2)<30), 2,0) -> 0 | M81: =IF(OR(AND($F80<=M$3, $F81 >= M$3), AND($F81<M$3, WORKDAY($F81, 22,Holiday!$A$1:$A$30)>M$3)), 1, 0)+IF(AND((M$3-$B$2)>=0,(M$3-$B$2)<30), 2,0) -> 0 | N81: =IF(OR(AND($F80<=N$3, $F81 >= N$3), AND($F81<N$3, WORKDAY($F81, 22,Holiday!$A$1:$A$30)>N$3)), 1, 0)+IF(AND((N$3-$B$2)>=0,(N$3-$B$2)<30), 2,0) -> 0 | ... AO81: =IF(OR(AND($F80<=AO$3, $F81 >= AO$3), AND($F81<AO$3, WORKDAY($F81, 22,Holiday!$A$1:$A$30)>AO$3)), 1, 0)+IF(AND((AO$3-$B$2)>=0,(AO$3-$B$2)<30), 2,0) -> 0
B82: Data Table/ RouteRobinPoolCategories | C82: DEV 6 | D82: 5 | E82: =ROUNDUP(D82*(1+$D$2),0) -> 8 | F82: =WORKDAY(F81,E82,Holiday!A76:A105) -> 46177 | G82: =IF(OR(AND($F81<=G$3, $F82 >= G$3), AND($F82<G$3, WORKDAY($F82, 22,Holiday!$A$1:$A$30)>G$3)), 1, 0)+IF(AND((G$3-$B$2)>=0,(G$3-$B$2)<30), 2,0) -> 0 | H82: =IF(OR(AND($F81<=H$3, $F82 >= H$3), AND($F82<H$3, WORKDAY($F82, 22,Holiday!$A$1:$A$30)>H$3)), 1, 0)+IF(AND((H$3-$B$2)>=0,(H$3-$B$2)<30), 2,0) -> 0 | I82: =IF(OR(AND($F81<=I$3, $F82 >= I$3), AND($F82<I$3, WORKDAY($F82, 22,Holiday!$A$1:$A$30)>I$3)), 1, 0)+IF(AND((I$3-$B$2)>=0,(I$3-$B$2)<30), 2,0) -> 0 | J82: =IF(OR(AND($F81<=J$3, $F82 >= J$3), AND($F82<J$3, WORKDAY($F82, 22,Holiday!$A$1:$A$30)>J$3)), 1, 0)+IF(AND((J$3-$B$2)>=0,(J$3-$B$2)<30), 2,0) -> 0 | K82: =IF(OR(AND($F81<=K$3, $F82 >= K$3), AND($F82<K$3, WORKDAY($F82, 22,Holiday!$A$1:$A$30)>K$3)), 1, 0)+IF(AND((K$3-$B$2)>=0,(K$3-$B$2)<30), 2,0) -> 1 | L82: =IF(OR(AND($F81<=L$3, $F82 >= L$3), AND($F82<L$3, WORKDAY($F82, 22,Holiday!$A$1:$A$30)>L$3)), 1, 0)+IF(AND((L$3-$B$2)>=0,(L$3-$B$2)<30), 2,0) -> 0 | M82: =IF(OR(AND($F81<=M$3, $F82 >= M$3), AND($F82<M$3, WORKDAY($F82, 22,Holiday!$A$1:$A$30)>M$3)), 1, 0)+IF(AND((M$3-$B$2)>=0,(M$3-$B$2)<30), 2,0) -> 0 | N82: =IF(OR(AND($F81<=N$3, $F82 >= N$3), AND($F82<N$3, WORKDAY($F82, 22,Holiday!$A$1:$A$30)>N$3)), 1, 0)+IF(AND((N$3-$B$2)>=0,(N$3-$B$2)<30), 2,0) -> 0 | ... AO82: =IF(OR(AND($F81<=AO$3, $F82 >= AO$3), AND($F82<AO$3, WORKDAY($F82, 22,Holiday!$A$1:$A$30)>AO$3)), 1, 0)+IF(AND((AO$3-$B$2)>=0,(AO$3-$B$2)<30), 2,0) -> 0
B83: Data Table/ Segmentation | C83: DEV 6 | D83: 5 | E83: =ROUNDUP(D83*(1+$D$2),0) -> 8 | F83: =WORKDAY(F82,E83,Holiday!A77:A106) -> 46189 | G83: =IF(OR(AND($F82<=G$3, $F83 >= G$3), AND($F83<G$3, WORKDAY($F83, 22,Holiday!$A$1:$A$30)>G$3)), 1, 0)+IF(AND((G$3-$B$2)>=0,(G$3-$B$2)<30), 2,0) -> 0 | H83: =IF(OR(AND($F82<=H$3, $F83 >= H$3), AND($F83<H$3, WORKDAY($F83, 22,Holiday!$A$1:$A$30)>H$3)), 1, 0)+IF(AND((H$3-$B$2)>=0,(H$3-$B$2)<30), 2,0) -> 0 | I83: =IF(OR(AND($F82<=I$3, $F83 >= I$3), AND($F83<I$3, WORKDAY($F83, 22,Holiday!$A$1:$A$30)>I$3)), 1, 0)+IF(AND((I$3-$B$2)>=0,(I$3-$B$2)<30), 2,0) -> 0 | J83: =IF(OR(AND($F82<=J$3, $F83 >= J$3), AND($F83<J$3, WORKDAY($F83, 22,Holiday!$A$1:$A$30)>J$3)), 1, 0)+IF(AND((J$3-$B$2)>=0,(J$3-$B$2)<30), 2,0) -> 0 | K83: =IF(OR(AND($F82<=K$3, $F83 >= K$3), AND($F83<K$3, WORKDAY($F83, 22,Holiday!$A$1:$A$30)>K$3)), 1, 0)+IF(AND((K$3-$B$2)>=0,(K$3-$B$2)<30), 2,0) -> 1 | L83: =IF(OR(AND($F82<=L$3, $F83 >= L$3), AND($F83<L$3, WORKDAY($F83, 22,Holiday!$A$1:$A$30)>L$3)), 1, 0)+IF(AND((L$3-$B$2)>=0,(L$3-$B$2)<30), 2,0) -> 1 | M83: =IF(OR(AND($F82<=M$3, $F83 >= M$3), AND($F83<M$3, WORKDAY($F83, 22,Holiday!$A$1:$A$30)>M$3)), 1, 0)+IF(AND((M$3-$B$2)>=0,(M$3-$B$2)<30), 2,0) -> 0 | N83: =IF(OR(AND($F82<=N$3, $F83 >= N$3), AND($F83<N$3, WORKDAY($F83, 22,Holiday!$A$1:$A$30)>N$3)), 1, 0)+IF(AND((N$3-$B$2)>=0,(N$3-$B$2)<30), 2,0) -> 0 | ... AO83: =IF(OR(AND($F82<=AO$3, $F83 >= AO$3), AND($F83<AO$3, WORKDAY($F83, 22,Holiday!$A$1:$A$30)>AO$3)), 1, 0)+IF(AND((AO$3-$B$2)>=0,(AO$3-$B$2)<30), 2,0) -> 0
B84: Data Table/ Special Scheme Group | C84: DEV 6 | D84: 5 | E84: =ROUNDUP(D84*(1+$D$2),0) -> 8 | F84: =WORKDAY(F83,E84,Holiday!A78:A107) -> 46199 | G84: =IF(OR(AND($F83<=G$3, $F84 >= G$3), AND($F84<G$3, WORKDAY($F84, 22,Holiday!$A$1:$A$30)>G$3)), 1, 0)+IF(AND((G$3-$B$2)>=0,(G$3-$B$2)<30), 2,0) -> 0 | H84: =IF(OR(AND($F83<=H$3, $F84 >= H$3), AND($F84<H$3, WORKDAY($F84, 22,Holiday!$A$1:$A$30)>H$3)), 1, 0)+IF(AND((H$3-$B$2)>=0,(H$3-$B$2)<30), 2,0) -> 0 | I84: =IF(OR(AND($F83<=I$3, $F84 >= I$3), AND($F84<I$3, WORKDAY($F84, 22,Holiday!$A$1:$A$30)>I$3)), 1, 0)+IF(AND((I$3-$B$2)>=0,(I$3-$B$2)<30), 2,0) -> 0 | J84: =IF(OR(AND($F83<=J$3, $F84 >= J$3), AND($F84<J$3, WORKDAY($F84, 22,Holiday!$A$1:$A$30)>J$3)), 1, 0)+IF(AND((J$3-$B$2)>=0,(J$3-$B$2)<30), 2,0) -> 0 | K84: =IF(OR(AND($F83<=K$3, $F84 >= K$3), AND($F84<K$3, WORKDAY($F84, 22,Holiday!$A$1:$A$30)>K$3)), 1, 0)+IF(AND((K$3-$B$2)>=0,(K$3-$B$2)<30), 2,0) -> 0 | L84: =IF(OR(AND($F83<=L$3, $F84 >= L$3), AND($F84<L$3, WORKDAY($F84, 22,Holiday!$A$1:$A$30)>L$3)), 1, 0)+IF(AND((L$3-$B$2)>=0,(L$3-$B$2)<30), 2,0) -> 1 | M84: =IF(OR(AND($F83<=M$3, $F84 >= M$3), AND($F84<M$3, WORKDAY($F84, 22,Holiday!$A$1:$A$30)>M$3)), 1, 0)+IF(AND((M$3-$B$2)>=0,(M$3-$B$2)<30), 2,0) -> 0 | N84: =IF(OR(AND($F83<=N$3, $F84 >= N$3), AND($F84<N$3, WORKDAY($F84, 22,Holiday!$A$1:$A$30)>N$3)), 1, 0)+IF(AND((N$3-$B$2)>=0,(N$3-$B$2)<30), 2,0) -> 0 | ... AO84: =IF(OR(AND($F83<=AO$3, $F84 >= AO$3), AND($F84<AO$3, WORKDAY($F84, 22,Holiday!$A$1:$A$30)>AO$3)), 1, 0)+IF(AND((AO$3-$B$2)>=0,(AO$3-$B$2)<30), 2,0) -> 0
B85: Data Table/ Switch Mode Allocation | C85: DEV 6 | D85: 5 | E85: =ROUNDUP(D85*(1+$D$2),0) -> 8 | F85: =WORKDAY(F84,E85,Holiday!A79:A108) -> 46211 | G85: =IF(OR(AND($F84<=G$3, $F85 >= G$3), AND($F85<G$3, WORKDAY($F85, 22,Holiday!$A$1:$A$30)>G$3)), 1, 0)+IF(AND((G$3-$B$2)>=0,(G$3-$B$2)<30), 2,0) -> 0 | H85: =IF(OR(AND($F84<=H$3, $F85 >= H$3), AND($F85<H$3, WORKDAY($F85, 22,Holiday!$A$1:$A$30)>H$3)), 1, 0)+IF(AND((H$3-$B$2)>=0,(H$3-$B$2)<30), 2,0) -> 0 | I85: =IF(OR(AND($F84<=I$3, $F85 >= I$3), AND($F85<I$3, WORKDAY($F85, 22,Holiday!$A$1:$A$30)>I$3)), 1, 0)+IF(AND((I$3-$B$2)>=0,(I$3-$B$2)<30), 2,0) -> 0 | J85: =IF(OR(AND($F84<=J$3, $F85 >= J$3), AND($F85<J$3, WORKDAY($F85, 22,Holiday!$A$1:$A$30)>J$3)), 1, 0)+IF(AND((J$3-$B$2)>=0,(J$3-$B$2)<30), 2,0) -> 0 | K85: =IF(OR(AND($F84<=K$3, $F85 >= K$3), AND($F85<K$3, WORKDAY($F85, 22,Holiday!$A$1:$A$30)>K$3)), 1, 0)+IF(AND((K$3-$B$2)>=0,(K$3-$B$2)<30), 2,0) -> 0 | L85: =IF(OR(AND($F84<=L$3, $F85 >= L$3), AND($F85<L$3, WORKDAY($F85, 22,Holiday!$A$1:$A$30)>L$3)), 1, 0)+IF(AND((L$3-$B$2)>=0,(L$3-$B$2)<30), 2,0) -> 1 | M85: =IF(OR(AND($F84<=M$3, $F85 >= M$3), AND($F85<M$3, WORKDAY($F85, 22,Holiday!$A$1:$A$30)>M$3)), 1, 0)+IF(AND((M$3-$B$2)>=0,(M$3-$B$2)<30), 2,0) -> 0 | N85: =IF(OR(AND($F84<=N$3, $F85 >= N$3), AND($F85<N$3, WORKDAY($F85, 22,Holiday!$A$1:$A$30)>N$3)), 1, 0)+IF(AND((N$3-$B$2)>=0,(N$3-$B$2)<30), 2,0) -> 0 | ... AO85: =IF(OR(AND($F84<=AO$3, $F85 >= AO$3), AND($F85<AO$3, WORKDAY($F85, 22,Holiday!$A$1:$A$30)>AO$3)), 1, 0)+IF(AND((AO$3-$B$2)>=0,(AO$3-$B$2)<30), 2,0) -> 0
... B101: Decision table/ CheckForActionCodes | C101: DEV 6 | D101: 6 | E101: =ROUNDUP(D101*(1+$D$2),0) -> 9 | F101: =WORKDAY(F100,E101,Holiday!A95:A124) -> 46405 | G101: =IF(OR(AND($F100<=G$3, $F101 >= G$3), AND($F101<G$3, WORKDAY($F101, 22,Holiday!$A$1:$A$30)>G$3)), 1, 0)+IF(AND((G$3-$B$2)>=0,(G$3-$B$2)<30), 2,0) -> 0 | H101: =IF(OR(AND($F100<=H$3, $F101 >= H$3), AND($F101<H$3, WORKDAY($F101, 22,Holiday!$A$1:$A$30)>H$3)), 1, 0)+IF(AND((H$3-$B$2)>=0,(H$3-$B$2)<30), 2,0) -> 0 | I101: =IF(OR(AND($F100<=I$3, $F101 >= I$3), AND($F101<I$3, WORKDAY($F101, 22,Holiday!$A$1:$A$30)>I$3)), 1, 0)+IF(AND((I$3-$B$2)>=0,(I$3-$B$2)<30), 2,0) -> 0 | J101: =IF(OR(AND($F100<=J$3, $F101 >= J$3), AND($F101<J$3, WORKDAY($F101, 22,Holiday!$A$1:$A$30)>J$3)), 1, 0)+IF(AND((J$3-$B$2)>=0,(J$3-$B$2)<30), 2,0) -> 0 | K101: =IF(OR(AND($F100<=K$3, $F101 >= K$3), AND($F101<K$3, WORKDAY($F101, 22,Holiday!$A$1:$A$30)>K$3)), 1, 0)+IF(AND((K$3-$B$2)>=0,(K$3-$B$2)<30), 2,0) -> 0 | L101: =IF(OR(AND($F100<=L$3, $F101 >= L$3), AND($F101<L$3, WORKDAY($F101, 22,Holiday!$A$1:$A$30)>L$3)), 1, 0)+IF(AND((L$3-$B$2)>=0,(L$3-$B$2)<30), 2,0) -> 0 | M101: =IF(OR(AND($F100<=M$3, $F101 >= M$3), AND($F101<M$3, WORKDAY($F101, 22,Holiday!$A$1:$A$30)>M$3)), 1, 0)+IF(AND((M$3-$B$2)>=0,(M$3-$B$2)<30), 2,0) -> 0 | N101: =IF(OR(AND($F100<=N$3, $F101 >= N$3), AND($F101<N$3, WORKDAY($F101, 22,Holiday!$A$1:$A$30)>N$3)), 1, 0)+IF(AND((N$3-$B$2)>=0,(N$3-$B$2)<30), 2,0) -> 0 | ... AO101: =IF(OR(AND($F100<=AO$3, $F101 >= AO$3), AND($F101<AO$3, WORKDAY($F101, 22,Holiday!$A$1:$A$30)>AO$3)), 1, 0)+IF(AND((AO$3-$B$2)>=0,(AO$3-$B$2)<30), 2,0) -> 0
B102: Decision table/ Connected Call Code Configuration | C102: DEV 7 | D102: 6 | E102: =ROUNDUP(D102*(1+$D$2),0) -> 9 | F102: =WORKDAY(F54,E102,Holiday!A96:A125) -> 46078 | G102: =IF(OR(AND($F101<=G$3, $F102 >= G$3), AND($F102<G$3, WORKDAY($F102, 22,Holiday!$A$1:$A$30)>G$3)), 1, 0)+IF(AND((G$3-$B$2)>=0,(G$3-$B$2)<30), 2,0) -> 0 | H102: =IF(OR(AND($F101<=H$3, $F102 >= H$3), AND($F102<H$3, WORKDAY($F102, 22,Holiday!$A$1:$A$30)>H$3)), 1, 0)+IF(AND((H$3-$B$2)>=0,(H$3-$B$2)<30), 2,0) -> 1 | I102: =IF(OR(AND($F101<=I$3, $F102 >= I$3), AND($F102<I$3, WORKDAY($F102, 22,Holiday!$A$1:$A$30)>I$3)), 1, 0)+IF(AND((I$3-$B$2)>=0,(I$3-$B$2)<30), 2,0) -> 0 | J102: =IF(OR(AND($F101<=J$3, $F102 >= J$3), AND($F102<J$3, WORKDAY($F102, 22,Holiday!$A$1:$A$30)>J$3)), 1, 0)+IF(AND((J$3-$B$2)>=0,(J$3-$B$2)<30), 2,0) -> 0 | K102: =IF(OR(AND($F101<=K$3, $F102 >= K$3), AND($F102<K$3, WORKDAY($F102, 22,Holiday!$A$1:$A$30)>K$3)), 1, 0)+IF(AND((K$3-$B$2)>=0,(K$3-$B$2)<30), 2,0) -> 0 | L102: =IF(OR(AND($F101<=L$3, $F102 >= L$3), AND($F102<L$3, WORKDAY($F102, 22,Holiday!$A$1:$A$30)>L$3)), 1, 0)+IF(AND((L$3-$B$2)>=0,(L$3-$B$2)<30), 2,0) -> 0 | M102: =IF(OR(AND($F101<=M$3, $F102 >= M$3), AND($F102<M$3, WORKDAY($F102, 22,Holiday!$A$1:$A$30)>M$3)), 1, 0)+IF(AND((M$3-$B$2)>=0,(M$3-$B$2)<30), 2,0) -> 0 | N102: =IF(OR(AND($F101<=N$3, $F102 >= N$3), AND($F102<N$3, WORKDAY($F102, 22,Holiday!$A$1:$A$30)>N$3)), 1, 0)+IF(AND((N$3-$B$2)>=0,(N$3-$B$2)<30), 2,0) -> 0 | ... AO102: =IF(OR(AND($F101<=AO$3, $F102 >= AO$3), AND($F102<AO$3, WORKDAY($F102, 22,Holiday!$A$1:$A$30)>AO$3)), 1, 0)+IF(AND((AO$3-$B$2)>=0,(AO$3-$B$2)<30), 2,0) -> 0
B103: Decision table/ CRP-1992 SMS Message Template | C103: DEV 7 | D103: 6 | E103: =ROUNDUP(D103*(1+$D$2),0) -> 9 | F103: =WORKDAY(F102,E103,Holiday!A97:A126) -> 46091 | G103: =IF(OR(AND($F102<=G$3, $F103 >= G$3), AND($F103<G$3, WORKDAY($F103, 22,Holiday!$A$1:$A$30)>G$3)), 1, 0)+IF(AND((G$3-$B$2)>=0,(G$3-$B$2)<30), 2,0) -> 0 | H103: =IF(OR(AND($F102<=H$3, $F103 >= H$3), AND($F103<H$3, WORKDAY($F103, 22,Holiday!$A$1:$A$30)>H$3)), 1, 0)+IF(AND((H$3-$B$2)>=0,(H$3-$B$2)<30), 2,0) -> 1 | I103: =IF(OR(AND($F102<=I$3, $F103 >= I$3), AND($F103<I$3, WORKDAY($F103, 22,Holiday!$A$1:$A$30)>I$3)), 1, 0)+IF(AND((I$3-$B$2)>=0,(I$3-$B$2)<30), 2,0) -> 1 | J103: =IF(OR(AND($F102<=J$3, $F103 >= J$3), AND($F103<J$3, WORKDAY($F103, 22,Holiday!$A$1:$A$30)>J$3)), 1, 0)+IF(AND((J$3-$B$2)>=0,(J$3-$B$2)<30), 2,0) -> 0 | K103: =IF(OR(AND($F102<=K$3, $F103 >= K$3), AND($F103<K$3, WORKDAY($F103, 22,Holiday!$A$1:$A$30)>K$3)), 1, 0)+IF(AND((K$3-$B$2)>=0,(K$3-$B$2)<30), 2,0) -> 0 | L103: =IF(OR(AND($F102<=L$3, $F103 >= L$3), AND($F103<L$3, WORKDAY($F103, 22,Holiday!$A$1:$A$30)>L$3)), 1, 0)+IF(AND((L$3-$B$2)>=0,(L$3-$B$2)<30), 2,0) -> 0 | M103: =IF(OR(AND($F102<=M$3, $F103 >= M$3), AND($F103<M$3, WORKDAY($F103, 22,Holiday!$A$1:$A$30)>M$3)), 1, 0)+IF(AND((M$3-$B$2)>=0,(M$3-$B$2)<30), 2,0) -> 0 | N103: =IF(OR(AND($F102<=N$3, $F103 >= N$3), AND($F103<N$3, WORKDAY($F103, 22,Holiday!$A$1:$A$30)>N$3)), 1, 0)+IF(AND((N$3-$B$2)>=0,(N$3-$B$2)<30), 2,0) -> 0 | ... AO103: =IF(OR(AND($F102<=AO$3, $F103 >= AO$3), AND($F103<AO$3, WORKDAY($F103, 22,Holiday!$A$1:$A$30)>AO$3)), 1, 0)+IF(AND((AO$3-$B$2)>=0,(AO$3-$B$2)<30), 2,0) -> 0
B104: Decision table/ CRP-1992 ZNS Message Template | C104: DEV 7 | D104: 6 | E104: =ROUNDUP(D104*(1+$D$2),0) -> 9 | F104: =WORKDAY(F103,E104,Holiday!A98:A127) -> 46104 | G104: =IF(OR(AND($F103<=G$3, $F104 >= G$3), AND($F104<G$3, WORKDAY($F104, 22,Holiday!$A$1:$A$30)>G$3)), 1, 0)+IF(AND((G$3-$B$2)>=0,(G$3-$B$2)<30), 2,0) -> 0 | H104: =IF(OR(AND($F103<=H$3, $F104 >= H$3), AND($F104<H$3, WORKDAY($F104, 22,Holiday!$A$1:$A$30)>H$3)), 1, 0)+IF(AND((H$3-$B$2)>=0,(H$3-$B$2)<30), 2,0) -> 0 | I104: =IF(OR(AND($F103<=I$3, $F104 >= I$3), AND($F104<I$3, WORKDAY($F104, 22,Holiday!$A$1:$A$30)>I$3)), 1, 0)+IF(AND((I$3-$B$2)>=0,(I$3-$B$2)<30), 2,0) -> 1 | J104: =IF(OR(AND($F103<=J$3, $F104 >= J$3), AND($F104<J$3, WORKDAY($F104, 22,Holiday!$A$1:$A$30)>J$3)), 1, 0)+IF(AND((J$3-$B$2)>=0,(J$3-$B$2)<30), 2,0) -> 0 | K104: =IF(OR(AND($F103<=K$3, $F104 >= K$3), AND($F104<K$3, WORKDAY($F104, 22,Holiday!$A$1:$A$30)>K$3)), 1, 0)+IF(AND((K$3-$B$2)>=0,(K$3-$B$2)<30), 2,0) -> 0 | L104: =IF(OR(AND($F103<=L$3, $F104 >= L$3), AND($F104<L$3, WORKDAY($F104, 22,Holiday!$A$1:$A$30)>L$3)), 1, 0)+IF(AND((L$3-$B$2)>=0,(L$3-$B$2)<30), 2,0) -> 0 | M104: =IF(OR(AND($F103<=M$3, $F104 >= M$3), AND($F104<M$3, WORKDAY($F104, 22,Holiday!$A$1:$A$30)>M$3)), 1, 0)+IF(AND((M$3-$B$2)>=0,(M$3-$B$2)<30), 2,0) -> 0 | N104: =IF(OR(AND($F103<=N$3, $F104 >= N$3), AND($F104<N$3, WORKDAY($F104, 22,Holiday!$A$1:$A$30)>N$3)), 1, 0)+IF(AND((N$3-$B$2)>=0,(N$3-$B$2)<30), 2,0) -> 0 | ... AO104: =IF(OR(AND($F103<=AO$3, $F104 >= AO$3), AND($F104<AO$3, WORKDAY($F104, 22,Holiday!$A$1:$A$30)>AO$3)), 1, 0)+IF(AND((AO$3-$B$2)>=0,(AO$3-$B$2)<30), 2,0) -> 0
B105: Decision table/ Determine Call Script | C105: DEV 7 | D105: 6 | E105: =ROUNDUP(D105*(1+$D$2),0) -> 9 | F105: =WORKDAY(F104,E105,Holiday!A99:A128) -> 46115 | G105: =IF(OR(AND($F104<=G$3, $F105 >= G$3), AND($F105<G$3, WORKDAY($F105, 22,Holiday!$A$1:$A$30)>G$3)), 1, 0)+IF(AND((G$3-$B$2)>=0,(G$3-$B$2)<30), 2,0) -> 0 | H105: =IF(OR(AND($F104<=H$3, $F105 >= H$3), AND($F105<H$3, WORKDAY($F105, 22,Holiday!$A$1:$A$30)>H$3)), 1, 0)+IF(AND((H$3-$B$2)>=0,(H$3-$B$2)<30), 2,0) -> 0 | I105: =IF(OR(AND($F104<=I$3, $F105 >= I$3), AND($F105<I$3, WORKDAY($F105, 22,Holiday!$A$1:$A$30)>I$3)), 1, 0)+IF(AND((I$3-$B$2)>=0,(I$3-$B$2)<30), 2,0) -> 1 | J105: =IF(OR(AND($F104<=J$3, $F105 >= J$3), AND($F105<J$3, WORKDAY($F105, 22,Holiday!$A$1:$A$30)>J$3)), 1, 0)+IF(AND((J$3-$B$2)>=0,(J$3-$B$2)<30), 2,0) -> 0 | K105: =IF(OR(AND($F104<=K$3, $F105 >= K$3), AND($F105<K$3, WORKDAY($F105, 22,Holiday!$A$1:$A$30)>K$3)), 1, 0)+IF(AND((K$3-$B$2)>=0,(K$3-$B$2)<30), 2,0) -> 0 | L105: =IF(OR(AND($F104<=L$3, $F105 >= L$3), AND($F105<L$3, WORKDAY($F105, 22,Holiday!$A$1:$A$30)>L$3)), 1, 0)+IF(AND((L$3-$B$2)>=0,(L$3-$B$2)<30), 2,0) -> 0 | M105: =IF(OR(AND($F104<=M$3, $F105 >= M$3), AND($F105<M$3, WORKDAY($F105, 22,Holiday!$A$1:$A$30)>M$3)), 1, 0)+IF(AND((M$3-$B$2)>=0,(M$3-$B$2)<30), 2,0) -> 0 | N105: =IF(OR(AND($F104<=N$3, $F105 >= N$3), AND($F105<N$3, WORKDAY($F105, 22,Holiday!$A$1:$A$30)>N$3)), 1, 0)+IF(AND((N$3-$B$2)>=0,(N$3-$B$2)<30), 2,0) -> 0 | ... AO105: =IF(OR(AND($F104<=AO$3, $F105 >= AO$3), AND($F105<AO$3, WORKDAY($F105, 22,Holiday!$A$1:$A$30)>AO$3)), 1, 0)+IF(AND((AO$3-$B$2)>=0,(AO$3-$B$2)<30), 2,0) -> 0
B106: Decision table/ Determine Contract Type | C106: DEV 7 | D106: 6 | E106: =ROUNDUP(D106*(1+$D$2),0) -> 9 | F106: =WORKDAY(F105,E106,Holiday!A100:A129) -> 46128 | G106: =IF(OR(AND($F105<=G$3, $F106 >= G$3), AND($F106<G$3, WORKDAY($F106, 22,Holiday!$A$1:$A$30)>G$3)), 1, 0)+IF(AND((G$3-$B$2)>=0,(G$3-$B$2)<30), 2,0) -> 0 | H106: =IF(OR(AND($F105<=H$3, $F106 >= H$3), AND($F106<H$3, WORKDAY($F106, 22,Holiday!$A$1:$A$30)>H$3)), 1, 0)+IF(AND((H$3-$B$2)>=0,(H$3-$B$2)<30), 2,0) -> 0 | I106: =IF(OR(AND($F105<=I$3, $F106 >= I$3), AND($F106<I$3, WORKDAY($F106, 22,Holiday!$A$1:$A$30)>I$3)), 1, 0)+IF(AND((I$3-$B$2)>=0,(I$3-$B$2)<30), 2,0) -> 1 | J106: =IF(OR(AND($F105<=J$3, $F106 >= J$3), AND($F106<J$3, WORKDAY($F106, 22,Holiday!$A$1:$A$30)>J$3)), 1, 0)+IF(AND((J$3-$B$2)>=0,(J$3-$B$2)<30), 2,0) -> 1 | K106: =IF(OR(AND($F105<=K$3, $F106 >= K$3), AND($F106<K$3, WORKDAY($F106, 22,Holiday!$A$1:$A$30)>K$3)), 1, 0)+IF(AND((K$3-$B$2)>=0,(K$3-$B$2)<30), 2,0) -> 0 | L106: =IF(OR(AND($F105<=L$3, $F106 >= L$3), AND($F106<L$3, WORKDAY($F106, 22,Holiday!$A$1:$A$30)>L$3)), 1, 0)+IF(AND((L$3-$B$2)>=0,(L$3-$B$2)<30), 2,0) -> 0 | M106: =IF(OR(AND($F105<=M$3, $F106 >= M$3), AND($F106<M$3, WORKDAY($F106, 22,Holiday!$A$1:$A$30)>M$3)), 1, 0)+IF(AND((M$3-$B$2)>=0,(M$3-$B$2)<30), 2,0) -> 0 | N106: =IF(OR(AND($F105<=N$3, $F106 >= N$3), AND($F106<N$3, WORKDAY($F106, 22,Holiday!$A$1:$A$30)>N$3)), 1, 0)+IF(AND((N$3-$B$2)>=0,(N$3-$B$2)<30), 2,0) -> 0 | ... AO106: =IF(OR(AND($F105<=AO$3, $F106 >= AO$3), AND($F106<AO$3, WORKDAY($F106, 22,Holiday!$A$1:$A$30)>AO$3)), 1, 0)+IF(AND((AO$3-$B$2)>=0,(AO$3-$B$2)<30), 2,0) -> 0
B107: Decision table/ Determine Contract Type for FV | C107: DEV 7 | D107: 6 | E107: =ROUNDUP(D107*(1+$D$2),0) -> 9 | F107: =WORKDAY(F106,E107,Holiday!A101:A130) -> 46141 | G107: =IF(OR(AND($F106<=G$3, $F107 >= G$3), AND($F107<G$3, WORKDAY($F107, 22,Holiday!$A$1:$A$30)>G$3)), 1, 0)+IF(AND((G$3-$B$2)>=0,(G$3-$B$2)<30), 2,0) -> 0 | H107: =IF(OR(AND($F106<=H$3, $F107 >= H$3), AND($F107<H$3, WORKDAY($F107, 22,Holiday!$A$1:$A$30)>H$3)), 1, 0)+IF(AND((H$3-$B$2)>=0,(H$3-$B$2)<30), 2,0) -> 0 | I107: =IF(OR(AND($F106<=I$3, $F107 >= I$3), AND($F107<I$3, WORKDAY($F107, 22,Holiday!$A$1:$A$30)>I$3)), 1, 0)+IF(AND((I$3-$B$2)>=0,(I$3-$B$2)<30), 2,0) -> 0 | J107: =IF(OR(AND($F106<=J$3, $F107 >= J$3), AND($F107<J$3, WORKDAY($F107, 22,Holiday!$A$1:$A$30)>J$3)), 1, 0)+IF(AND((J$3-$B$2)>=0,(J$3-$B$2)<30), 2,0) -> 1 | K107: =IF(OR(AND($F106<=K$3, $F107 >= K$3), AND($F107<K$3, WORKDAY($F107, 22,Holiday!$A$1:$A$30)>K$3)), 1, 0)+IF(AND((K$3-$B$2)>=0,(K$3-$B$2)<30), 2,0) -> 0 | L107: =IF(OR(AND($F106<=L$3, $F107 >= L$3), AND($F107<L$3, WORKDAY($F107, 22,Holiday!$A$1:$A$30)>L$3)), 1, 0)+IF(AND((L$3-$B$2)>=0,(L$3-$B$2)<30), 2,0) -> 0 | M107: =IF(OR(AND($F106<=M$3, $F107 >= M$3), AND($F107<M$3, WORKDAY($F107, 22,Holiday!$A$1:$A$30)>M$3)), 1, 0)+IF(AND((M$3-$B$2)>=0,(M$3-$B$2)<30), 2,0) -> 0 | N107: =IF(OR(AND($F106<=N$3, $F107 >= N$3), AND($F107<N$3, WORKDAY($F107, 22,Holiday!$A$1:$A$30)>N$3)), 1, 0)+IF(AND((N$3-$B$2)>=0,(N$3-$B$2)<30), 2,0) -> 0 | ... AO107: =IF(OR(AND($F106<=AO$3, $F107 >= AO$3), AND($F107<AO$3, WORKDAY($F107, 22,Holiday!$A$1:$A$30)>AO$3)), 1, 0)+IF(AND((AO$3-$B$2)>=0,(AO$3-$B$2)<30), 2,0) -> 0
B108: Decision table/ Determine Eligibility Of Special case | C108: DEV 7 | D108: 6 | E108: =ROUNDUP(D108*(1+$D$2),0) -> 9 | F108: =WORKDAY(F107,E108,Holiday!A102:A131) -> 46154 | G108: =IF(OR(AND($F107<=G$3, $F108 >= G$3), AND($F108<G$3, WORKDAY($F108, 22,Holiday!$A$1:$A$30)>G$3)), 1, 0)+IF(AND((G$3-$B$2)>=0,(G$3-$B$2)<30), 2,0) -> 0 | H108: =IF(OR(AND($F107<=H$3, $F108 >= H$3), AND($F108<H$3, WORKDAY($F108, 22,Holiday!$A$1:$A$30)>H$3)), 1, 0)+IF(AND((H$3-$B$2)>=0,(H$3-$B$2)<30), 2,0) -> 0 | I108: =IF(OR(AND($F107<=I$3, $F108 >= I$3), AND($F108<I$3, WORKDAY($F108, 22,Holiday!$A$1:$A$30)>I$3)), 1, 0)+IF(AND((I$3-$B$2)>=0,(I$3-$B$2)<30), 2,0) -> 0 | J108: =IF(OR(AND($F107<=J$3, $F108 >= J$3), AND($F108<J$3, WORKDAY($F108, 22,Holiday!$A$1:$A$30)>J$3)), 1, 0)+IF(AND((J$3-$B$2)>=0,(J$3-$B$2)<30), 2,0) -> 1 | K108: =IF(OR(AND($F107<=K$3, $F108 >= K$3), AND($F108<K$3, WORKDAY($F108, 22,Holiday!$A$1:$A$30)>K$3)), 1, 0)+IF(AND((K$3-$B$2)>=0,(K$3-$B$2)<30), 2,0) -> 1 | L108: =IF(OR(AND($F107<=L$3, $F108 >= L$3), AND($F108<L$3, WORKDAY($F108, 22,Holiday!$A$1:$A$30)>L$3)), 1, 0)+IF(AND((L$3-$B$2)>=0,(L$3-$B$2)<30), 2,0) -> 0 | M108: =IF(OR(AND($F107<=M$3, $F108 >= M$3), AND($F108<M$3, WORKDAY($F108, 22,Holiday!$A$1:$A$30)>M$3)), 1, 0)+IF(AND((M$3-$B$2)>=0,(M$3-$B$2)<30), 2,0) -> 0 | N108: =IF(OR(AND($F107<=N$3, $F108 >= N$3), AND($F108<N$3, WORKDAY($F108, 22,Holiday!$A$1:$A$30)>N$3)), 1, 0)+IF(AND((N$3-$B$2)>=0,(N$3-$B$2)<30), 2,0) -> 0 | ... AO108: =IF(OR(AND($F107<=AO$3, $F108 >= AO$3), AND($F108<AO$3, WORKDAY($F108, 22,Holiday!$A$1:$A$30)>AO$3)), 1, 0)+IF(AND((AO$3-$B$2)>=0,(AO$3-$B$2)<30), 2,0) -> 0
B109: Decision table/ Determine Field Visit Allocation on Address | C109: DEV 7 | D109: 6 | E109: =ROUNDUP(D109*(1+$D$2),0) -> 9 | F109: =WORKDAY(F108,E109,Holiday!A103:A132) -> 46167 | G109: =IF(OR(AND($F108<=G$3, $F109 >= G$3), AND($F109<G$3, WORKDAY($F109, 22,Holiday!$A$1:$A$30)>G$3)), 1, 0)+IF(AND((G$3-$B$2)>=0,(G$3-$B$2)<30), 2,0) -> 0 | H109: =IF(OR(AND($F108<=H$3, $F109 >= H$3), AND($F109<H$3, WORKDAY($F109, 22,Holiday!$A$1:$A$30)>H$3)), 1, 0)+IF(AND((H$3-$B$2)>=0,(H$3-$B$2)<30), 2,0) -> 0 | I109: =IF(OR(AND($F108<=I$3, $F109 >= I$3), AND($F109<I$3, WORKDAY($F109, 22,Holiday!$A$1:$A$30)>I$3)), 1, 0)+IF(AND((I$3-$B$2)>=0,(I$3-$B$2)<30), 2,0) -> 0 | J109: =IF(OR(AND($F108<=J$3, $F109 >= J$3), AND($F109<J$3, WORKDAY($F109, 22,Holiday!$A$1:$A$30)>J$3)), 1, 0)+IF(AND((J$3-$B$2)>=0,(J$3-$B$2)<30), 2,0) -> 0 | K109: =IF(OR(AND($F108<=K$3, $F109 >= K$3), AND($F109<K$3, WORKDAY($F109, 22,Holiday!$A$1:$A$30)>K$3)), 1, 0)+IF(AND((K$3-$B$2)>=0,(K$3-$B$2)<30), 2,0) -> 1 | L109: =IF(OR(AND($F108<=L$3, $F109 >= L$3), AND($F109<L$3, WORKDAY($F109, 22,Holiday!$A$1:$A$30)>L$3)), 1, 0)+IF(AND((L$3-$B$2)>=0,(L$3-$B$2)<30), 2,0) -> 0 | M109: =IF(OR(AND($F108<=M$3, $F109 >= M$3), AND($F109<M$3, WORKDAY($F109, 22,Holiday!$A$1:$A$30)>M$3)), 1, 0)+IF(AND((M$3-$B$2)>=0,(M$3-$B$2)<30), 2,0) -> 0 | N109: =IF(OR(AND($F108<=N$3, $F109 >= N$3), AND($F109<N$3, WORKDAY($F109, 22,Holiday!$A$1:$A$30)>N$3)), 1, 0)+IF(AND((N$3-$B$2)>=0,(N$3-$B$2)<30), 2,0) -> 0 | ... AO109: =IF(OR(AND($F108<=AO$3, $F109 >= AO$3), AND($F109<AO$3, WORKDAY($F109, 22,Holiday!$A$1:$A$30)>AO$3)), 1, 0)+IF(AND((AO$3-$B$2)>=0,(AO$3-$B$2)<30), 2,0) -> 0
B110: Decision table/ Determine Intraday Callback Logic | C110: DEV 7 | D110: 6 | E110: =ROUNDUP(D110*(1+$D$2),0) -> 9 | F110: =WORKDAY(F109,E110,Holiday!A104:A133) -> 46178 | G110: =IF(OR(AND($F109<=G$3, $F110 >= G$3), AND($F110<G$3, WORKDAY($F110, 22,Holiday!$A$1:$A$30)>G$3)), 1, 0)+IF(AND((G$3-$B$2)>=0,(G$3-$B$2)<30), 2,0) -> 0 | H110: =IF(OR(AND($F109<=H$3, $F110 >= H$3), AND($F110<H$3, WORKDAY($F110, 22,Holiday!$A$1:$A$30)>H$3)), 1, 0)+IF(AND((H$3-$B$2)>=0,(H$3-$B$2)<30), 2,0) -> 0 | I110: =IF(OR(AND($F109<=I$3, $F110 >= I$3), AND($F110<I$3, WORKDAY($F110, 22,Holiday!$A$1:$A$30)>I$3)), 1, 0)+IF(AND((I$3-$B$2)>=0,(I$3-$B$2)<30), 2,0) -> 0 | J110: =IF(OR(AND($F109<=J$3, $F110 >= J$3), AND($F110<J$3, WORKDAY($F110, 22,Holiday!$A$1:$A$30)>J$3)), 1, 0)+IF(AND((J$3-$B$2)>=0,(J$3-$B$2)<30), 2,0) -> 0 | K110: =IF(OR(AND($F109<=K$3, $F110 >= K$3), AND($F110<K$3, WORKDAY($F110, 22,Holiday!$A$1:$A$30)>K$3)), 1, 0)+IF(AND((K$3-$B$2)>=0,(K$3-$B$2)<30), 2,0) -> 1 | L110: =IF(OR(AND($F109<=L$3, $F110 >= L$3), AND($F110<L$3, WORKDAY($F110, 22,Holiday!$A$1:$A$30)>L$3)), 1, 0)+IF(AND((L$3-$B$2)>=0,(L$3-$B$2)<30), 2,0) -> 0 | M110: =IF(OR(AND($F109<=M$3, $F110 >= M$3), AND($F110<M$3, WORKDAY($F110, 22,Holiday!$A$1:$A$30)>M$3)), 1, 0)+IF(AND((M$3-$B$2)>=0,(M$3-$B$2)<30), 2,0) -> 0 | N110: =IF(OR(AND($F109<=N$3, $F110 >= N$3), AND($F110<N$3, WORKDAY($F110, 22,Holiday!$A$1:$A$30)>N$3)), 1, 0)+IF(AND((N$3-$B$2)>=0,(N$3-$B$2)<30), 2,0) -> 0 | ... AO110: =IF(OR(AND($F109<=AO$3, $F110 >= AO$3), AND($F110<AO$3, WORKDAY($F110, 22,Holiday!$A$1:$A$30)>AO$3)), 1, 0)+IF(AND((AO$3-$B$2)>=0,(AO$3-$B$2)<30), 2,0) -> 0
B111: Decision table/ Determine Pool After Extended NFUTILLDATE | C111: DEV 7 | D111: 6 | E111: =ROUNDUP(D111*(1+$D$2),0) -> 9 | F111: =WORKDAY(F110,E111,Holiday!A105:A134) -> 46191 | G111: =IF(OR(AND($F110<=G$3, $F111 >= G$3), AND($F111<G$3, WORKDAY($F111, 22,Holiday!$A$1:$A$30)>G$3)), 1, 0)+IF(AND((G$3-$B$2)>=0,(G$3-$B$2)<30), 2,0) -> 0 | H111: =IF(OR(AND($F110<=H$3, $F111 >= H$3), AND($F111<H$3, WORKDAY($F111, 22,Holiday!$A$1:$A$30)>H$3)), 1, 0)+IF(AND((H$3-$B$2)>=0,(H$3-$B$2)<30), 2,0) -> 0 | I111: =IF(OR(AND($F110<=I$3, $F111 >= I$3), AND($F111<I$3, WORKDAY($F111, 22,Holiday!$A$1:$A$30)>I$3)), 1, 0)+IF(AND((I$3-$B$2)>=0,(I$3-$B$2)<30), 2,0) -> 0 | J111: =IF(OR(AND($F110<=J$3, $F111 >= J$3), AND($F111<J$3, WORKDAY($F111, 22,Holiday!$A$1:$A$30)>J$3)), 1, 0)+IF(AND((J$3-$B$2)>=0,(J$3-$B$2)<30), 2,0) -> 0 | K111: =IF(OR(AND($F110<=K$3, $F111 >= K$3), AND($F111<K$3, WORKDAY($F111, 22,Holiday!$A$1:$A$30)>K$3)), 1, 0)+IF(AND((K$3-$B$2)>=0,(K$3-$B$2)<30), 2,0) -> 1 | L111: =IF(OR(AND($F110<=L$3, $F111 >= L$3), AND($F111<L$3, WORKDAY($F111, 22,Holiday!$A$1:$A$30)>L$3)), 1, 0)+IF(AND((L$3-$B$2)>=0,(L$3-$B$2)<30), 2,0) -> 1 | M111: =IF(OR(AND($F110<=M$3, $F111 >= M$3), AND($F111<M$3, WORKDAY($F111, 22,Holiday!$A$1:$A$30)>M$3)), 1, 0)+IF(AND((M$3-$B$2)>=0,(M$3-$B$2)<30), 2,0) -> 0 | N111: =IF(OR(AND($F110<=N$3, $F111 >= N$3), AND($F111<N$3, WORKDAY($F111, 22,Holiday!$A$1:$A$30)>N$3)), 1, 0)+IF(AND((N$3-$B$2)>=0,(N$3-$B$2)<30), 2,0) -> 0 | ... AO111: =IF(OR(AND($F110<=AO$3, $F111 >= AO$3), AND($F111<AO$3, WORKDAY($F111, 22,Holiday!$A$1:$A$30)>AO$3)), 1, 0)+IF(AND((AO$3-$B$2)>=0,(AO$3-$B$2)<30), 2,0) -> 0
B112: Decision table/ Determine Pool Change Logic and Reset Sub Pool | C112: DEV 7 | D112: 6 | E112: =ROUNDUP(D112*(1+$D$2),0) -> 9 | F112: =WORKDAY(F111,E112,Holiday!A106:A135) -> 46204 | G112: =IF(OR(AND($F111<=G$3, $F112 >= G$3), AND($F112<G$3, WORKDAY($F112, 22,Holiday!$A$1:$A$30)>G$3)), 1, 0)+IF(AND((G$3-$B$2)>=0,(G$3-$B$2)<30), 2,0) -> 0 | H112: =IF(OR(AND($F111<=H$3, $F112 >= H$3), AND($F112<H$3, WORKDAY($F112, 22,Holiday!$A$1:$A$30)>H$3)), 1, 0)+IF(AND((H$3-$B$2)>=0,(H$3-$B$2)<30), 2,0) -> 0 | I112: =IF(OR(AND($F111<=I$3, $F112 >= I$3), AND($F112<I$3, WORKDAY($F112, 22,Holiday!$A$1:$A$30)>I$3)), 1, 0)+IF(AND((I$3-$B$2)>=0,(I$3-$B$2)<30), 2,0) -> 0 | J112: =IF(OR(AND($F111<=J$3, $F112 >= J$3), AND($F112<J$3, WORKDAY($F112, 22,Holiday!$A$1:$A$30)>J$3)), 1, 0)+IF(AND((J$3-$B$2)>=0,(J$3-$B$2)<30), 2,0) -> 0 | K112: =IF(OR(AND($F111<=K$3, $F112 >= K$3), AND($F112<K$3, WORKDAY($F112, 22,Holiday!$A$1:$A$30)>K$3)), 1, 0)+IF(AND((K$3-$B$2)>=0,(K$3-$B$2)<30), 2,0) -> 0 | L112: =IF(OR(AND($F111<=L$3, $F112 >= L$3), AND($F112<L$3, WORKDAY($F112, 22,Holiday!$A$1:$A$30)>L$3)), 1, 0)+IF(AND((L$3-$B$2)>=0,(L$3-$B$2)<30), 2,0) -> 1 | M112: =IF(OR(AND($F111<=M$3, $F112 >= M$3), AND($F112<M$3, WORKDAY($F112, 22,Holiday!$A$1:$A$30)>M$3)), 1, 0)+IF(AND((M$3-$B$2)>=0,(M$3-$B$2)<30), 2,0) -> 0 | N112: =IF(OR(AND($F111<=N$3, $F112 >= N$3), AND($F112<N$3, WORKDAY($F112, 22,Holiday!$A$1:$A$30)>N$3)), 1, 0)+IF(AND((N$3-$B$2)>=0,(N$3-$B$2)<30), 2,0) -> 0 | ... AO112: =IF(OR(AND($F111<=AO$3, $F112 >= AO$3), AND($F112<AO$3, WORKDAY($F112, 22,Holiday!$A$1:$A$30)>AO$3)), 1, 0)+IF(AND((AO$3-$B$2)>=0,(AO$3-$B$2)<30), 2,0) -> 0
B113: Decision table/ Determine POS Segment | C113: DEV 7 | D113: 6 | E113: =ROUNDUP(D113*(1+$D$2),0) -> 9 | F113: =WORKDAY(F112,E113,Holiday!A107:A136) -> 46217 | G113: =IF(OR(AND($F112<=G$3, $F113 >= G$3), AND($F113<G$3, WORKDAY($F113, 22,Holiday!$A$1:$A$30)>G$3)), 1, 0)+IF(AND((G$3-$B$2)>=0,(G$3-$B$2)<30), 2,0) -> 0 | H113: =IF(OR(AND($F112<=H$3, $F113 >= H$3), AND($F113<H$3, WORKDAY($F113, 22,Holiday!$A$1:$A$30)>H$3)), 1, 0)+IF(AND((H$3-$B$2)>=0,(H$3-$B$2)<30), 2,0) -> 0 | I113: =IF(OR(AND($F112<=I$3, $F113 >= I$3), AND($F113<I$3, WORKDAY($F113, 22,Holiday!$A$1:$A$30)>I$3)), 1, 0)+IF(AND((I$3-$B$2)>=0,(I$3-$B$2)<30), 2,0) -> 0 | J113: =IF(OR(AND($F112<=J$3, $F113 >= J$3), AND($F113<J$3, WORKDAY($F113, 22,Holiday!$A$1:$A$30)>J$3)), 1, 0)+IF(AND((J$3-$B$2)>=0,(J$3-$B$2)<30), 2,0) -> 0 | K113: =IF(OR(AND($F112<=K$3, $F113 >= K$3), AND($F113<K$3, WORKDAY($F113, 22,Holiday!$A$1:$A$30)>K$3)), 1, 0)+IF(AND((K$3-$B$2)>=0,(K$3-$B$2)<30), 2,0) -> 0 | L113: =IF(OR(AND($F112<=L$3, $F113 >= L$3), AND($F113<L$3, WORKDAY($F113, 22,Holiday!$A$1:$A$30)>L$3)), 1, 0)+IF(AND((L$3-$B$2)>=0,(L$3-$B$2)<30), 2,0) -> 1 | M113: =IF(OR(AND($F112<=M$3, $F113 >= M$3), AND($F113<M$3, WORKDAY($F113, 22,Holiday!$A$1:$A$30)>M$3)), 1, 0)+IF(AND((M$3-$B$2)>=0,(M$3-$B$2)<30), 2,0) -> 1 | N113: =IF(OR(AND($F112<=N$3, $F113 >= N$3), AND($F113<N$3, WORKDAY($F113, 22,Holiday!$A$1:$A$30)>N$3)), 1, 0)+IF(AND((N$3-$B$2)>=0,(N$3-$B$2)<30), 2,0) -> 0 | ... AO113: =IF(OR(AND($F112<=AO$3, $F113 >= AO$3), AND($F113<AO$3, WORKDAY($F113, 22,Holiday!$A$1:$A$30)>AO$3)), 1, 0)+IF(AND((AO$3-$B$2)>=0,(AO$3-$B$2)<30), 2,0) -> 0
B114: Decision table/ Determine Product Scheme Group | C114: DEV 7 | D114: 6 | E114: =ROUNDUP(D114*(1+$D$2),0) -> 9 | F114: =WORKDAY(F113,E114,Holiday!A108:A137) -> 46230 | G114: =IF(OR(AND($F113<=G$3, $F114 >= G$3), AND($F114<G$3, WORKDAY($F114, 22,Holiday!$A$1:$A$30)>G$3)), 1, 0)+IF(AND((G$3-$B$2)>=0,(G$3-$B$2)<30), 2,0) -> 0 | H114: =IF(OR(AND($F113<=H$3, $F114 >= H$3), AND($F114<H$3, WORKDAY($F114, 22,Holiday!$A$1:$A$30)>H$3)), 1, 0)+IF(AND((H$3-$B$2)>=0,(H$3-$B$2)<30), 2,0) -> 0 | I114: =IF(OR(AND($F113<=I$3, $F114 >= I$3), AND($F114<I$3, WORKDAY($F114, 22,Holiday!$A$1:$A$30)>I$3)), 1, 0)+IF(AND((I$3-$B$2)>=0,(I$3-$B$2)<30), 2,0) -> 0 | J114: =IF(OR(AND($F113<=J$3, $F114 >= J$3), AND($F114<J$3, WORKDAY($F114, 22,Holiday!$A$1:$A$30)>J$3)), 1, 0)+IF(AND((J$3-$B$2)>=0,(J$3-$B$2)<30), 2,0) -> 0 | K114: =IF(OR(AND($F113<=K$3, $F114 >= K$3), AND($F114<K$3, WORKDAY($F114, 22,Holiday!$A$1:$A$30)>K$3)), 1, 0)+IF(AND((K$3-$B$2)>=0,(K$3-$B$2)<30), 2,0) -> 0 | L114: =IF(OR(AND($F113<=L$3, $F114 >= L$3), AND($F114<L$3, WORKDAY($F114, 22,Holiday!$A$1:$A$30)>L$3)), 1, 0)+IF(AND((L$3-$B$2)>=0,(L$3-$B$2)<30), 2,0) -> 0 | M114: =IF(OR(AND($F113<=M$3, $F114 >= M$3), AND($F114<M$3, WORKDAY($F114, 22,Holiday!$A$1:$A$30)>M$3)), 1, 0)+IF(AND((M$3-$B$2)>=0,(M$3-$B$2)<30), 2,0) -> 1 | N114: =IF(OR(AND($F113<=N$3, $F114 >= N$3), AND($F114<N$3, WORKDAY($F114, 22,Holiday!$A$1:$A$30)>N$3)), 1, 0)+IF(AND((N$3-$B$2)>=0,(N$3-$B$2)<30), 2,0) -> 0 | ... AO114: =IF(OR(AND($F113<=AO$3, $F114 >= AO$3), AND($F114<AO$3, WORKDAY($F114, 22,Holiday!$A$1:$A$30)>AO$3)), 1, 0)+IF(AND((AO$3-$B$2)>=0,(AO$3-$B$2)<30), 2,0) -> 0
... B128: Decision table/ Post due SMS/ZMS templates. | C128: DEV 7 | D128: 6 | E128: =ROUNDUP(D128*(1+$D$2),0) -> 9 | F128: =WORKDAY(F127,E128,Holiday!A122:A151) -> 46406 | G128: =IF(OR(AND($F127<=G$3, $F128 >= G$3), AND($F128<G$3, WORKDAY($F128, 22,Holiday!$A$1:$A$30)>G$3)), 1, 0)+IF(AND((G$3-$B$2)>=0,(G$3-$B$2)<30), 2,0) -> 0 | H128: =IF(OR(AND($F127<=H$3, $F128 >= H$3), AND($F128<H$3, WORKDAY($F128, 22,Holiday!$A$1:$A$30)>H$3)), 1, 0)+IF(AND((H$3-$B$2)>=0,(H$3-$B$2)<30), 2,0) -> 0 | I128: =IF(OR(AND($F127<=I$3, $F128 >= I$3), AND($F128<I$3, WORKDAY($F128, 22,Holiday!$A$1:$A$30)>I$3)), 1, 0)+IF(AND((I$3-$B$2)>=0,(I$3-$B$2)<30), 2,0) -> 0 | J128: =IF(OR(AND($F127<=J$3, $F128 >= J$3), AND($F128<J$3, WORKDAY($F128, 22,Holiday!$A$1:$A$30)>J$3)), 1, 0)+IF(AND((J$3-$B$2)>=0,(J$3-$B$2)<30), 2,0) -> 0 | K128: =IF(OR(AND($F127<=K$3, $F128 >= K$3), AND($F128<K$3, WORKDAY($F128, 22,Holiday!$A$1:$A$30)>K$3)), 1, 0)+IF(AND((K$3-$B$2)>=0,(K$3-$B$2)<30), 2,0) -> 0 | L128: =IF(OR(AND($F127<=L$3, $F128 >= L$3), AND($F128<L$3, WORKDAY($F128, 22,Holiday!$A$1:$A$30)>L$3)), 1, 0)+IF(AND((L$3-$B$2)>=0,(L$3-$B$2)<30), 2,0) -> 0 | M128: =IF(OR(AND($F127<=M$3, $F128 >= M$3), AND($F128<M$3, WORKDAY($F128, 22,Holiday!$A$1:$A$30)>M$3)), 1, 0)+IF(AND((M$3-$B$2)>=0,(M$3-$B$2)<30), 2,0) -> 0 | N128: =IF(OR(AND($F127<=N$3, $F128 >= N$3), AND($F128<N$3, WORKDAY($F128, 22,Holiday!$A$1:$A$30)>N$3)), 1, 0)+IF(AND((N$3-$B$2)>=0,(N$3-$B$2)<30), 2,0) -> 0 | ... AO128: =IF(OR(AND($F127<=AO$3, $F128 >= AO$3), AND($F128<AO$3, WORKDAY($F128, 22,Holiday!$A$1:$A$30)>AO$3)), 1, 0)+IF(AND((AO$3-$B$2)>=0,(AO$3-$B$2)<30), 2,0) -> 0
B129: Decision table/ PostDue Voice Blaster Eligibility | C129: DEV 8 | D129: 6 | E129: =ROUNDUP(D129*(1+$D$2),0) -> 9 | F129: =WORKDAY(F54,E129,Holiday!A123:A152) -> 46078 | G129: =IF(OR(AND($F128<=G$3, $F129 >= G$3), AND($F129<G$3, WORKDAY($F129, 22,Holiday!$A$1:$A$30)>G$3)), 1, 0)+IF(AND((G$3-$B$2)>=0,(G$3-$B$2)<30), 2,0) -> 0 | H129: =IF(OR(AND($F128<=H$3, $F129 >= H$3), AND($F129<H$3, WORKDAY($F129, 22,Holiday!$A$1:$A$30)>H$3)), 1, 0)+IF(AND((H$3-$B$2)>=0,(H$3-$B$2)<30), 2,0) -> 1 | I129: =IF(OR(AND($F128<=I$3, $F129 >= I$3), AND($F129<I$3, WORKDAY($F129, 22,Holiday!$A$1:$A$30)>I$3)), 1, 0)+IF(AND((I$3-$B$2)>=0,(I$3-$B$2)<30), 2,0) -> 0 | J129: =IF(OR(AND($F128<=J$3, $F129 >= J$3), AND($F129<J$3, WORKDAY($F129, 22,Holiday!$A$1:$A$30)>J$3)), 1, 0)+IF(AND((J$3-$B$2)>=0,(J$3-$B$2)<30), 2,0) -> 0 | K129: =IF(OR(AND($F128<=K$3, $F129 >= K$3), AND($F129<K$3, WORKDAY($F129, 22,Holiday!$A$1:$A$30)>K$3)), 1, 0)+IF(AND((K$3-$B$2)>=0,(K$3-$B$2)<30), 2,0) -> 0 | L129: =IF(OR(AND($F128<=L$3, $F129 >= L$3), AND($F129<L$3, WORKDAY($F129, 22,Holiday!$A$1:$A$30)>L$3)), 1, 0)+IF(AND((L$3-$B$2)>=0,(L$3-$B$2)<30), 2,0) -> 0 | M129: =IF(OR(AND($F128<=M$3, $F129 >= M$3), AND($F129<M$3, WORKDAY($F129, 22,Holiday!$A$1:$A$30)>M$3)), 1, 0)+IF(AND((M$3-$B$2)>=0,(M$3-$B$2)<30), 2,0) -> 0 | N129: =IF(OR(AND($F128<=N$3, $F129 >= N$3), AND($F129<N$3, WORKDAY($F129, 22,Holiday!$A$1:$A$30)>N$3)), 1, 0)+IF(AND((N$3-$B$2)>=0,(N$3-$B$2)<30), 2,0) -> 0 | ... AO129: =IF(OR(AND($F128<=AO$3, $F129 >= AO$3), AND($F129<AO$3, WORKDAY($F129, 22,Holiday!$A$1:$A$30)>AO$3)), 1, 0)+IF(AND((AO$3-$B$2)>=0,(AO$3-$B$2)<30), 2,0) -> 0
B130: Decision table/ Pre due SMS/ZMS templates. | C130: DEV 8 | D130: 6 | E130: =ROUNDUP(D130*(1+$D$2),0) -> 9 | F130: =WORKDAY(F129,E130,Holiday!A124:A153) -> 46091 | G130: =IF(OR(AND($F129<=G$3, $F130 >= G$3), AND($F130<G$3, WORKDAY($F130, 22,Holiday!$A$1:$A$30)>G$3)), 1, 0)+IF(AND((G$3-$B$2)>=0,(G$3-$B$2)<30), 2,0) -> 0 | H130: =IF(OR(AND($F129<=H$3, $F130 >= H$3), AND($F130<H$3, WORKDAY($F130, 22,Holiday!$A$1:$A$30)>H$3)), 1, 0)+IF(AND((H$3-$B$2)>=0,(H$3-$B$2)<30), 2,0) -> 1 | I130: =IF(OR(AND($F129<=I$3, $F130 >= I$3), AND($F130<I$3, WORKDAY($F130, 22,Holiday!$A$1:$A$30)>I$3)), 1, 0)+IF(AND((I$3-$B$2)>=0,(I$3-$B$2)<30), 2,0) -> 1 | J130: =IF(OR(AND($F129<=J$3, $F130 >= J$3), AND($F130<J$3, WORKDAY($F130, 22,Holiday!$A$1:$A$30)>J$3)), 1, 0)+IF(AND((J$3-$B$2)>=0,(J$3-$B$2)<30), 2,0) -> 0 | K130: =IF(OR(AND($F129<=K$3, $F130 >= K$3), AND($F130<K$3, WORKDAY($F130, 22,Holiday!$A$1:$A$30)>K$3)), 1, 0)+IF(AND((K$3-$B$2)>=0,(K$3-$B$2)<30), 2,0) -> 0 | L130: =IF(OR(AND($F129<=L$3, $F130 >= L$3), AND($F130<L$3, WORKDAY($F130, 22,Holiday!$A$1:$A$30)>L$3)), 1, 0)+IF(AND((L$3-$B$2)>=0,(L$3-$B$2)<30), 2,0) -> 0 | M130: =IF(OR(AND($F129<=M$3, $F130 >= M$3), AND($F130<M$3, WORKDAY($F130, 22,Holiday!$A$1:$A$30)>M$3)), 1, 0)+IF(AND((M$3-$B$2)>=0,(M$3-$B$2)<30), 2,0) -> 0 | N130: =IF(OR(AND($F129<=N$3, $F130 >= N$3), AND($F130<N$3, WORKDAY($F130, 22,Holiday!$A$1:$A$30)>N$3)), 1, 0)+IF(AND((N$3-$B$2)>=0,(N$3-$B$2)<30), 2,0) -> 0 | ... AO130: =IF(OR(AND($F129<=AO$3, $F130 >= AO$3), AND($F130<AO$3, WORKDAY($F130, 22,Holiday!$A$1:$A$30)>AO$3)), 1, 0)+IF(AND((AO$3-$B$2)>=0,(AO$3-$B$2)<30), 2,0) -> 0
B131: Decision table/ Predue Eligible Autodialer Accounts-MBW | C131: DEV 8 | D131: 6 | E131: =ROUNDUP(D131*(1+$D$2),0) -> 9 | F131: =WORKDAY(F130,E131,Holiday!A125:A154) -> 46104 | G131: =IF(OR(AND($F130<=G$3, $F131 >= G$3), AND($F131<G$3, WORKDAY($F131, 22,Holiday!$A$1:$A$30)>G$3)), 1, 0)+IF(AND((G$3-$B$2)>=0,(G$3-$B$2)<30), 2,0) -> 0 | H131: =IF(OR(AND($F130<=H$3, $F131 >= H$3), AND($F131<H$3, WORKDAY($F131, 22,Holiday!$A$1:$A$30)>H$3)), 1, 0)+IF(AND((H$3-$B$2)>=0,(H$3-$B$2)<30), 2,0) -> 0 | I131: =IF(OR(AND($F130<=I$3, $F131 >= I$3), AND($F131<I$3, WORKDAY($F131, 22,Holiday!$A$1:$A$30)>I$3)), 1, 0)+IF(AND((I$3-$B$2)>=0,(I$3-$B$2)<30), 2,0) -> 1 | J131: =IF(OR(AND($F130<=J$3, $F131 >= J$3), AND($F131<J$3, WORKDAY($F131, 22,Holiday!$A$1:$A$30)>J$3)), 1, 0)+IF(AND((J$3-$B$2)>=0,(J$3-$B$2)<30), 2,0) -> 0 | K131: =IF(OR(AND($F130<=K$3, $F131 >= K$3), AND($F131<K$3, WORKDAY($F131, 22,Holiday!$A$1:$A$30)>K$3)), 1, 0)+IF(AND((K$3-$B$2)>=0,(K$3-$B$2)<30), 2,0) -> 0 | L131: =IF(OR(AND($F130<=L$3, $F131 >= L$3), AND($F131<L$3, WORKDAY($F131, 22,Holiday!$A$1:$A$30)>L$3)), 1, 0)+IF(AND((L$3-$B$2)>=0,(L$3-$B$2)<30), 2,0) -> 0 | M131: =IF(OR(AND($F130<=M$3, $F131 >= M$3), AND($F131<M$3, WORKDAY($F131, 22,Holiday!$A$1:$A$30)>M$3)), 1, 0)+IF(AND((M$3-$B$2)>=0,(M$3-$B$2)<30), 2,0) -> 0 | N131: =IF(OR(AND($F130<=N$3, $F131 >= N$3), AND($F131<N$3, WORKDAY($F131, 22,Holiday!$A$1:$A$30)>N$3)), 1, 0)+IF(AND((N$3-$B$2)>=0,(N$3-$B$2)<30), 2,0) -> 0 | ... AO131: =IF(OR(AND($F130<=AO$3, $F131 >= AO$3), AND($F131<AO$3, WORKDAY($F131, 22,Holiday!$A$1:$A$30)>AO$3)), 1, 0)+IF(AND((AO$3-$B$2)>=0,(AO$3-$B$2)<30), 2,0) -> 0
B132: Decision table/ Predue Eligible Autodialer Card Accounts | C132: DEV 8 | D132: 6 | E132: =ROUNDUP(D132*(1+$D$2),0) -> 9 | F132: =WORKDAY(F131,E132,Holiday!A126:A155) -> 46115 | G132: =IF(OR(AND($F131<=G$3, $F132 >= G$3), AND($F132<G$3, WORKDAY($F132, 22,Holiday!$A$1:$A$30)>G$3)), 1, 0)+IF(AND((G$3-$B$2)>=0,(G$3-$B$2)<30), 2,0) -> 0 | H132: =IF(OR(AND($F131<=H$3, $F132 >= H$3), AND($F132<H$3, WORKDAY($F132, 22,Holiday!$A$1:$A$30)>H$3)), 1, 0)+IF(AND((H$3-$B$2)>=0,(H$3-$B$2)<30), 2,0) -> 0 | I132: =IF(OR(AND($F131<=I$3, $F132 >= I$3), AND($F132<I$3, WORKDAY($F132, 22,Holiday!$A$1:$A$30)>I$3)), 1, 0)+IF(AND((I$3-$B$2)>=0,(I$3-$B$2)<30), 2,0) -> 1 | J132: =IF(OR(AND($F131<=J$3, $F132 >= J$3), AND($F132<J$3, WORKDAY($F132, 22,Holiday!$A$1:$A$30)>J$3)), 1, 0)+IF(AND((J$3-$B$2)>=0,(J$3-$B$2)<30), 2,0) -> 0 | K132: =IF(OR(AND($F131<=K$3, $F132 >= K$3), AND($F132<K$3, WORKDAY($F132, 22,Holiday!$A$1:$A$30)>K$3)), 1, 0)+IF(AND((K$3-$B$2)>=0,(K$3-$B$2)<30), 2,0) -> 0 | L132: =IF(OR(AND($F131<=L$3, $F132 >= L$3), AND($F132<L$3, WORKDAY($F132, 22,Holiday!$A$1:$A$30)>L$3)), 1, 0)+IF(AND((L$3-$B$2)>=0,(L$3-$B$2)<30), 2,0) -> 0 | M132: =IF(OR(AND($F131<=M$3, $F132 >= M$3), AND($F132<M$3, WORKDAY($F132, 22,Holiday!$A$1:$A$30)>M$3)), 1, 0)+IF(AND((M$3-$B$2)>=0,(M$3-$B$2)<30), 2,0) -> 0 | N132: =IF(OR(AND($F131<=N$3, $F132 >= N$3), AND($F132<N$3, WORKDAY($F132, 22,Holiday!$A$1:$A$30)>N$3)), 1, 0)+IF(AND((N$3-$B$2)>=0,(N$3-$B$2)<30), 2,0) -> 0 | ... AO132: =IF(OR(AND($F131<=AO$3, $F132 >= AO$3), AND($F132<AO$3, WORKDAY($F132, 22,Holiday!$A$1:$A$30)>AO$3)), 1, 0)+IF(AND((AO$3-$B$2)>=0,(AO$3-$B$2)<30), 2,0) -> 0
B133: Decision table/ Predue Eligible Autodialer Loan Accounts | C133: DEV 8 | D133: 6 | E133: =ROUNDUP(D133*(1+$D$2),0) -> 9 | F133: =WORKDAY(F132,E133,Holiday!A127:A156) -> 46128 | G133: =IF(OR(AND($F132<=G$3, $F133 >= G$3), AND($F133<G$3, WORKDAY($F133, 22,Holiday!$A$1:$A$30)>G$3)), 1, 0)+IF(AND((G$3-$B$2)>=0,(G$3-$B$2)<30), 2,0) -> 0 | H133: =IF(OR(AND($F132<=H$3, $F133 >= H$3), AND($F133<H$3, WORKDAY($F133, 22,Holiday!$A$1:$A$30)>H$3)), 1, 0)+IF(AND((H$3-$B$2)>=0,(H$3-$B$2)<30), 2,0) -> 0 | I133: =IF(OR(AND($F132<=I$3, $F133 >= I$3), AND($F133<I$3, WORKDAY($F133, 22,Holiday!$A$1:$A$30)>I$3)), 1, 0)+IF(AND((I$3-$B$2)>=0,(I$3-$B$2)<30), 2,0) -> 1 | J133: =IF(OR(AND($F132<=J$3, $F133 >= J$3), AND($F133<J$3, WORKDAY($F133, 22,Holiday!$A$1:$A$30)>J$3)), 1, 0)+IF(AND((J$3-$B$2)>=0,(J$3-$B$2)<30), 2,0) -> 1 | K133: =IF(OR(AND($F132<=K$3, $F133 >= K$3), AND($F133<K$3, WORKDAY($F133, 22,Holiday!$A$1:$A$30)>K$3)), 1, 0)+IF(AND((K$3-$B$2)>=0,(K$3-$B$2)<30), 2,0) -> 0 | L133: =IF(OR(AND($F132<=L$3, $F133 >= L$3), AND($F133<L$3, WORKDAY($F133, 22,Holiday!$A$1:$A$30)>L$3)), 1, 0)+IF(AND((L$3-$B$2)>=0,(L$3-$B$2)<30), 2,0) -> 0 | M133: =IF(OR(AND($F132<=M$3, $F133 >= M$3), AND($F133<M$3, WORKDAY($F133, 22,Holiday!$A$1:$A$30)>M$3)), 1, 0)+IF(AND((M$3-$B$2)>=0,(M$3-$B$2)<30), 2,0) -> 0 | N133: =IF(OR(AND($F132<=N$3, $F133 >= N$3), AND($F133<N$3, WORKDAY($F133, 22,Holiday!$A$1:$A$30)>N$3)), 1, 0)+IF(AND((N$3-$B$2)>=0,(N$3-$B$2)<30), 2,0) -> 0 | ... AO133: =IF(OR(AND($F132<=AO$3, $F133 >= AO$3), AND($F133<AO$3, WORKDAY($F133, 22,Holiday!$A$1:$A$30)>AO$3)), 1, 0)+IF(AND((AO$3-$B$2)>=0,(AO$3-$B$2)<30), 2,0) -> 0
...

Sheet Holiday
A1: 45901
A2: 45902
A3: 46023
A4: 46142
A5: 46143
A6: 46267

Sheet Setting
A1: BA+QA Rate | B1: BPM Start date | C1: ETL Start date
A2: 0.5 | B2: 46023 | C2: 46023
