Workbook

Sheet Mẫu Thiết lập ban đầu
B1: MẪU BIỂU ĐỒ GANTT | I1: Mẹo sử dụng Smartsheet ➜ | O1: Lịch trình trực quan của biểu đồ Gantt cho phép bạn xem chi tiết mỗi công việc cũng như các phần thuộc về dự án. | AH1: Tham khảo khóa học:
AH2: Khóa học Kỹ năng lập kế hoạch và viết báo cáo tại Học Viện Quản Lý PACE
B3: TIÊU ĐỀ DỰ ÁN | D3: DEMO QUẢN LÝ DỰ ÁN A BẰNG GANTT CHART | I3: TÊN CÔNG TY | P3: Học Viện Quản Lý PACE
B4: NGƯỜI QUẢN LÝ DỰ ÁN | D4: Nguyễn Thành Phú | I4: NGÀY | P4: =TODAY() -> 45909
B5: LIÊN HỆ | D5: https://bit.ly/nguyen-thanh-phu | I5: Xem hướng dẫn chi tiết: Vẽ sơ đồ GANTT CHART
B7: SỐ CẤU TRÚC PHÂN CHIA CÔNG VIỆC (WBS) | C7: TIÊU ĐỀ CÔNG VIỆC | D7: NGƯỜI PHỤ TRÁCH CÔNG VIỆC | E7: NGÀY BẮT ĐẦU | F7: NGÀY ĐẾN HẠN | G7: THỜI GIAN | H7: PHẦN TRĂM CÔNG VIỆC HOÀN THÀNH | I7: GIAI ĐOẠN 1 | X7: GIAI ĐOẠN 2 | AM7: GIAI ĐOẠN 3 | BB7: GIAI ĐOẠN 4
I8: TUẦN 1 | N8: TUẦN 2 | S8: TUẦN 3 | X8: TUẦN 4 | AC8: TUẦN 5 | AH8: TUẦN 6 | AM8: TUẦN 7 | AR8: TUẦN 8 | AW8: TUẦN 9 | BB8: TUẦN 10 | BG8: TUẦN 11 | BL8: TUẦN 12
I9: T2 | J9: T3 | K9: T4 | L9: T5 | M9: T6 | N9: T2 | O9: T3 | P9: T4 | Q9: T5 | R9: T6 | S9: T2 | T9: T3 | U9: T4 | V9: T5 | W9: T6 | X9: T2 | Y9: T3 | Z9: T4 | AA9: T5 | AB9: T6 | AC9: T2 | AD9: T3 | AE9: T4 | AF9: T5 | AG9: T6 | AH9: T2 | AI9: T3 | AJ9: T4 | AK9: T5 | AL9: T6 | AM9: T2 | AN9: T3 | AO9: T4 | AP9: T5 | AQ9: T6 | AR9: T2 | AS9: T3 | AT9: T4 | AU9: T5 | AV9: T6 | AW9: T2 | AX9: T3 | AY9: T4 | AZ9: T5 | BA9: T6 | BB9: T2 | BC9: T3 | BD9: T4 | BE9: T5 | BF9: T6 | BG9: T2 | BH9: T3 | BI9: T4 | BJ9: T5 | BK9: T6 | BL9: T2 | BM9: T3 | BN9: T4 | BO9: T5 | BP9: T6
B10: 1 | C10: Lên ý tưởng và thiết lập dự án
B11: 43101 | C11: Hiến chương dự án | D11: Tên người | E11: =TODAY() -> 45909 | F11: =E11+3 -> 45912 | G11: =DAYS360(E11,F11) -> 3 | H11: 0
B12: 1.1.1 | C12: Bản sửa đổi hiến chương dự án | D12: Tên người | E12: =F11 -> 45912 | F12: =E12+1 -> 45913 | G12: =DAYS360(E12,F12) -> 1 | H12: 0
B13: 43132 | C13: Nghiên cứu | D13: Tên người | E13: =E12 -> 45912 | F13: =E13+6 -> 45918 | G13: =DAYS360(E13,F13) -> 6 | H13: 0
B14: 43160 | C14: Dự toán | D14: Tên người | E14: =E13+1 -> 45913 | F14: =E14+6 -> 45919 | G14: =DAYS360(E14,F14) -> 6 | H14: 0
B15: 43191 | C15: Các bên liên quan | D15: Tên người | E15: =E14+2 -> 45915 | F15: =E15+4 -> 45919 | G15: =DAYS360(E15,F15) -> 4 | H15: 0
B16: 43221 | C16: Nguyên tắc | D16: Tên người | E16: =E15+1 -> 45916 | F16: =E16+3 -> 45919 | G16: =DAYS360(E16,F16) -> 3 | H16: 0
B17: 43252 | C17: Thiết lập dự án | D17: Tên người | E17: =F16+1 -> 45920 | F17: =E17+1 -> 45921 | G17: =DAYS360(E17,F17) -> 1 | H17: 0
B18: 2 | C18: Định nghĩa và hoạch định dự án
B19: 43102 | C19: Đặt ra mục tiêu và phạm vi | D19: Tên người | E19: =F17+1 -> 45922 | F19: =E19+4 -> 45926 | G19: 4 | H19: 0
B20: 43133 | C20: Ngân sách | D20: Tên người | E20: =F19+1 -> 45927 | F20: =E20+3 -> 45930 | G20: 3 | H20: 0
B21: 43161 | C21: Kế hoạch truyền thông | D21: Tên người | E21: ... | F21: ... | G21: 0 | H21: 0
B22: 43192 | C22: Quản lý rủi ro | D22: Tên người | E22: ... | F22: ... | G22: 0 | H22: 0
B23: 3 | C23: Lên ý tưởng và thiết lập dự án
B24: 3.1 | C24: Trạng thái và theo dõi | D24: Tên người | E24: ... | F24: ... | G24: 0 | H24: 0
B25: 3.2 | C25: Chỉ số đo lường hiệu quả công việc (KPI) | D25: Tên người | E25: ... | F25: ... | G25: 0 | H25: 0
B26: 3.2.1 | C26: Giám sát | D26: Tên người | E26: ... | F26: ... | G26: 0 | H26: 0
B27: 3.2.2 | C27: Dự đoán | D27: Tên người | E27: ... | F27: ... | G27: 0 | H27: 0
B28: 3.3 | C28: Bản cập nhật dự án | D28: Tên người | E28: ... | F28: ... | G28: 0 | H28: 0
B29: 3.3.1 | C29: Bản cập nhật biểu đồ | D29: Tên người | E29: ... | F29: ... | G29: 0 | H29: 0
B30: 4 | C30: Hiệu quả của dự án / Giám sát
B31: 43104 | C31: Mục tiêu của dự án | D31: Tên người | E31: ... | F31: ... | G31: 0 | H31: 0
B32: 43135 | C32: Kết quả chuyển giao có chất lượng | D32: Tên người | E32: ... | F32: ... | G32: 0 | H32: 0
B33: 43163 | C33: Theo dõi nỗ lực và chi phí | D33: Tên người | E33: ... | F33: ... | G33: 0 | H33: 0
B34: 43194 | C34: Hiệu quả của dự án | D34: Tên người | E34: ... | F34: ... | G34: 0 | H34: 0
L35: Today
B36: Tham khảo khóa học:
B37: Khóa học Kỹ năng lập kế hoạch và viết báo cáo tại Học Viện Quản Lý PACE

Sheet Mẫu tiến trình chạy
B1: MẪU BIỂU ĐỒ GANTT | I1: Mẹo sử dụng Smartsheet ➜ | O1: Lịch trình trực quan của biểu đồ Gantt cho phép bạn xem chi tiết mỗi công việc cũng như các phần thuộc về dự án.
B3: TIÊU ĐỀ DỰ ÁN | D3: DEMO QUẢN LÝ DỰ ÁN A BẰNG GANTT CHART | I3: TÊN CÔNG TY | P3: Học Viện Quản Lý PACE | AE3: Tham khảo khóa học:
B4: NGƯỜI QUẢN LÝ DỰ ÁN | D4: Nguyễn Thành Phú | I4: NGÀY | P4: =TODAY() -> 45909 | AE4: Khóa học Kỹ năng lập kế hoạch và viết báo cáo tại Học Viện Quản Lý PACE
B5: LIÊN HỆ | D5: https://bit.ly/nguyen-thanh-phu | I5: Xem hướng dẫn chi tiết: Vẽ sơ đồ GANTT CHART
B7: SỐ CẤU TRÚC PHÂN CHIA CÔNG VIỆC (WBS) | C7: TIÊU ĐỀ CÔNG VIỆC | D7: NGƯỜI PHỤ TRÁCH CÔNG VIỆC | E7: NGÀY BẮT ĐẦU | F7: NGÀY ĐẾN HẠN | G7: THỜI GIAN | H7: PHẦN TRĂM CÔNG VIỆC HOÀN THÀNH | I7: GIAI ĐOẠN 1 | X7: GIAI ĐOẠN 2 | AM7: GIAI ĐOẠN 3 | BB7: GIAI ĐOẠN 4
I8: TUẦN 1 | N8: TUẦN 2 | S8: TUẦN 3 | X8: TUẦN 4 | AC8: TUẦN 5 | AH8: TUẦN 6 | AM8: TUẦN 7 | AR8: TUẦN 8 | AW8: TUẦN 9 | BB8: TUẦN 10 | BG8: TUẦN 11 | BL8: TUẦN 12
I9: T2 | J9: T3 | K9: T4 | L9: T5 | M9: T6 | N9: T2 | O9: T3 | P9: T4 | Q9: T5 | R9: T6 | S9: T2 | T9: T3 | U9: T4 | V9: T5 | W9: T6 | X9: T2 | Y9: T3 | Z9: T4 | AA9: T5 | AB9: T6 | AC9: T2 | AD9: T3 | AE9: T4 | AF9: T5 | AG9: T6 | AH9: T2 | AI9: T3 | AJ9: T4 | AK9: T5 | AL9: T6 | AM9: T2 | AN9: T3 | AO9: T4 | AP9: T5 | AQ9: T6 | AR9: T2 | AS9: T3 | AT9: T4 | AU9: T5 | AV9: T6 | AW9: T2 | AX9: T3 | AY9: T4 | AZ9: T5 | BA9: T6 | BB9: T2 | BC9: T3 | BD9: T4 | BE9: T5 | BF9: T6 | BG9: T2 | BH9: T3 | BI9: T4 | BJ9: T5 | BK9: T6 | BL9: T2 | BM9: T3 | BN9: T4 | BO9: T5 | BP9: T6
B10: 1 | C10: Lên ý tưởng và thiết lập dự án
B11: 43101 | C11: Hiến chương dự án | D11: Tên người | E11: =TODAY() -> 45909 | F11: =E11+3 -> 45912 | G11: =DAYS360(E11,F11) -> 3 | H11: 1
B12: 1.1.1 | C12: Bản sửa đổi hiến chương dự án | D12: Tên người | E12: =F11 -> 45912 | F12: =E12+1 -> 45913 | G12: =DAYS360(E12,F12) -> 1 | H12: 1
B13: 43132 | C13: Nghiên cứu | D13: Tên người | E13: =E12 -> 45912 | F13: =E13+6 -> 45918 | G13: =DAYS360(E13,F13) -> 6 | H13: 0.9
B14: 43160 | C14: Dự toán | D14: Tên người | E14: =E13+1 -> 45913 | F14: =E14+6 -> 45919 | G14: =DAYS360(E14,F14) -> 6 | H14: 0.4
B15: 43191 | C15: Các bên liên quan | D15: Tên người | E15: =E14+2 -> 45915 | F15: =E15+4 -> 45919 | G15: =DAYS360(E15,F15) -> 4 | H15: 0.7
B16: 43221 | C16: Nguyên tắc | D16: Tên người | E16: =E15+1 -> 45916 | F16: =E16+3 -> 45919 | G16: =DAYS360(E16,F16) -> 3 | H16: 0.6
B17: 43252 | C17: Thiết lập dự án | D17: Tên người | E17: =F16+1 -> 45920 | F17: =E17+1 -> 45921 | G17: =DAYS360(E17,F17) -> 1 | H17: 0
B18: 2 | C18: Định nghĩa và hoạch định dự án
B19: 43102 | C19: Đặt ra mục tiêu và phạm vi | D19: Tên người | E19: =F17+1 -> 45922 | F19: =E19+4 -> 45926 | G19: 4 | H19: 0.22
B20: 43133 | C20: Ngân sách | D20: Tên người | E20: =F19+1 -> 45927 | F20: =E20+3 -> 45930 | G20: 3 | H20: 0
B21: 43161 | C21: Kế hoạch truyền thông | D21: Tên người | E21: ... | F21: ... | G21: 0 | H21: 0
B22: 43192 | C22: Quản lý rủi ro | D22: Tên người | E22: ... | F22: ... | G22: 0 | H22: 0
B23: 3 | C23: Lên ý tưởng và thiết lập dự án
B24: 3.1 | C24: Trạng thái và theo dõi | D24: Tên người | E24: ... | F24: ... | G24: 0 | H24: 0
B25: 3.2 | C25: Chỉ số đo lường hiệu quả công việc (KPI) | D25: Tên người | E25: ... | F25: ... | G25: 0 | H25: 0
B26: 3.2.1 | C26: Giám sát | D26: Tên người | E26: ... | F26: ... | G26: 0 | H26: 0
B27: 3.2.2 | C27: Dự đoán | D27: Tên người | E27: ... | F27: ... | G27: 0 | H27: 0
B28: 3.3 | C28: Bản cập nhật dự án | D28: Tên người | E28: ... | F28: ... | G28: 0 | H28: 0
B29: 3.3.1 | C29: Bản cập nhật biểu đồ | D29: Tên người | E29: ... | F29: ... | G29: 0 | H29: 0
B30: 4 | C30: Hiệu quả của dự án / Giám sát
B31: 43104 | C31: Mục tiêu của dự án | D31: Tên người | E31: ... | F31: ... | G31: 0 | H31: 0
B32: 43135 | C32: Kết quả chuyển giao có chất lượng | D32: Tên người | E32: ... | F32: ... | G32: 0 | H32: 0
B33: 43163 | C33: Theo dõi nỗ lực và chi phí | D33: Tên người | E33: ... | F33: ... | G33: 0 | H33: 0
B34: 43194 | C34: Hiệu quả của dự án | D34: Tên người | E34: ... | F34: ... | G34: 0 | H34: 0
S35: Today
B36: Tham khảo khóa học:
B37: Khóa học Kỹ năng lập kế hoạch và viết báo cáo tại Học Viện Quản Lý PACE

Sheet Migration
C2: Storage | D2: Unit | E2: Quantity | F2: Price | G2: Total
C3: Salesforce | D3: GB
C4: Archive | D4: GB

Sheet BPM 1 DEV
A1: # | B1: Complete Date | C1: No of DEV | D1: BA+QA Rate | E1: DAY(S) | F1: START DAY | G1: Month 1 | H1: Month 2 | I1: Month 3 | J1: Month 4 | K1: Month 5 | L1: Month 6 | M1: Month 7 | N1: Month 8 | O1: Month 9 | P1: Month 10 | Q1: Month 11 | R1: Month 12 | S1: Month 13 | T1: Month 14 | U1: Month 15 | V1: Month 16 | W1: Month 17 | X1: Month 18 | Y1: Month 19 | Z1: Month 20 | AA1: Month 21 | AB1: Month 22 | AC1: Month 23 | AD1: Month 24 | AE1: Month 25 | AF1: Month 26 | AG1: Month 27 | AH1: Month 28 | AI1: Month 29 | AJ1: Month 30 | AK1: Month 31 | AL1: Month 32 | AM1: Month 33 | AN1: Month 34 | AO1: Month 35 | AP1: Month 23 | AQ1: Month 24 | AR1: Month 25 | AS1: Month 26 | AT1: Month 27 | AU1: Month 28 | AV1: Month 29 | AW1: Month 30 | AX1: Month 31 | AY1: Month 32 | AZ1: Month 33 | BA1: Month 34 | BB1: Month 35
B2: =WORKDAY($F$3,ROUNDUP(($E$3-$E$4)/$C$2,0)+$E$4,Holiday!$A$1:$A$30) -> 47422 | C2: 1 | D2: =Setting!$A$2 -> 0.5
B3: WORK TITLE | C3: PIC | D3: DEV- ESTIMATION | E3: =SUM(E4:E103) -> 996 | F3: =Setting!$B$2 -> 46023 | G3: =WORKDAY(F3,22,Holiday!$A$1:$A$30) -> 46055 | H3: =WORKDAY(G3,22,Holiday!$A$1:$A$30) -> 46085 | I3: =WORKDAY(H3,22,Holiday!$A$1:$A$30) -> 46115 | J3: =WORKDAY(I3,22,Holiday!$A$1:$A$30) -> 46149 | K3: =WORKDAY(J3,22,Holiday!$A$1:$A$30) -> 46181 | L3: =WORKDAY(K3,22,Holiday!$A$1:$A$30) -> 46211 | M3: =WORKDAY(L3,22,Holiday!$A$1:$A$30) -> 46241 | N3: =WORKDAY(M3,22,Holiday!$A$1:$A$30) -> 46274 | ... BB3: =WORKDAY(BA3,22,Holiday!$A$1:$A$30) -> 47506
B4: Enviroment Preparation | C4: DEV 1 | D4: 20 | E4: 20 | F4: =WORKDAY(F3,E4,Holiday!$A$1:$A$30) -> 46051 | G4: =IF(OR(AND($F3<=G$3, $F4 >= G$3), AND($F4<G$3, WORKDAY($F4, 22,Holiday!$A$1:$A$30)>G$3)), 1, 0)+IF(AND((G$3-$B$2)>=0,(G$3-$B$2)<30), 2,0) -> 1 | H4: =IF(OR(AND($F3<=H$3, $F4 >= H$3), AND($F4<H$3, WORKDAY($F4, 22,Holiday!$A$1:$A$30)>H$3)), 1, 0)+IF(AND((H$3-$B$2)>=0,(H$3-$B$2)<30), 2,0) -> 0 | I4: =IF(OR(AND($F3<=I$3, $F4 >= I$3), AND($F4<I$3, WORKDAY($F4, 22,Holiday!$A$1:$A$30)>I$3)), 1, 0)+IF(AND((I$3-$B$2)>=0,(I$3-$B$2)<30), 2,0) -> 0 | J4: =IF(OR(AND($F3<=J$3, $F4 >= J$3), AND($F4<J$3, WORKDAY($F4, 22,Holiday!$A$1:$A$30)>J$3)), 1, 0)+IF(AND((J$3-$B$2)>=0,(J$3-$B$2)<30), 2,0) -> 0 | K4: =IF(OR(AND($F3<=K$3, $F4 >= K$3), AND($F4<K$3, WORKDAY($F4, 22,Holiday!$A$1:$A$30)>K$3)), 1, 0)+IF(AND((K$3-$B$2)>=0,(K$3-$B$2)<30), 2,0) -> 0 | L4: =IF(OR(AND($F3<=L$3, $F4 >= L$3), AND($F4<L$3, WORKDAY($F4, 22,Holiday!$A$1:$A$30)>L$3)), 1, 0)+IF(AND((L$3-$B$2)>=0,(L$3-$B$2)<30), 2,0) -> 0 | M4: =IF(OR(AND($F3<=M$3, $F4 >= M$3), AND($F4<M$3, WORKDAY($F4, 22,Holiday!$A$1:$A$30)>M$3)), 1, 0)+IF(AND((M$3-$B$2)>=0,(M$3-$B$2)<30), 2,0) -> 0 | N4: =IF(OR(AND($F3<=N$3, $F4 >= N$3), AND($F4<N$3, WORKDAY($F4, 22,Holiday!$A$1:$A$30)>N$3)), 1, 0)+IF(AND((N$3-$B$2)>=0,(N$3-$B$2)<30), 2,0) -> 0 | ... BB4: =IF(OR(AND($F3<=BB$3, $F4 >= BB$3), AND($F4<BB$3, WORKDAY($F4, 22,Holiday!$A$1:$A$30)>BB$3)), 1, 0)+IF(AND((BB$3-$B$2)>=0,(BB$3-$B$2)<30), 2,0) -> 0
B5: Contract/ Click to Call | C5: DEV 1 | D5: 10 | E5: =ROUNDUP(D5*(1+$D$2),0) -> 15 | F5: =WORKDAY(F4,E5,Holiday!A1:A30) -> 46072 | G5: =IF(OR(AND($F4<=G$3, $F5 >= G$3), AND($F5<G$3, WORKDAY($F5, 22,Holiday!$A$1:$A$30)>G$3)), 1, 0)+IF(AND((G$3-$B$2)>=0,(G$3-$B$2)<30), 2,0) -> 1 | H5: =IF(OR(AND($F4<=H$3, $F5 >= H$3), AND($F5<H$3, WORKDAY($F5, 22,Holiday!$A$1:$A$30)>H$3)), 1, 0)+IF(AND((H$3-$B$2)>=0,(H$3-$B$2)<30), 2,0) -> 1 | I5: =IF(OR(AND($F4<=I$3, $F5 >= I$3), AND($F5<I$3, WORKDAY($F5, 22,Holiday!$A$1:$A$30)>I$3)), 1, 0)+IF(AND((I$3-$B$2)>=0,(I$3-$B$2)<30), 2,0) -> 0 | J5: =IF(OR(AND($F4<=J$3, $F5 >= J$3), AND($F5<J$3, WORKDAY($F5, 22,Holiday!$A$1:$A$30)>J$3)), 1, 0)+IF(AND((J$3-$B$2)>=0,(J$3-$B$2)<30), 2,0) -> 0 | K5: =IF(OR(AND($F4<=K$3, $F5 >= K$3), AND($F5<K$3, WORKDAY($F5, 22,Holiday!$A$1:$A$30)>K$3)), 1, 0)+IF(AND((K$3-$B$2)>=0,(K$3-$B$2)<30), 2,0) -> 0 | L5: =IF(OR(AND($F4<=L$3, $F5 >= L$3), AND($F5<L$3, WORKDAY($F5, 22,Holiday!$A$1:$A$30)>L$3)), 1, 0)+IF(AND((L$3-$B$2)>=0,(L$3-$B$2)<30), 2,0) -> 0 | M5: =IF(OR(AND($F4<=M$3, $F5 >= M$3), AND($F5<M$3, WORKDAY($F5, 22,Holiday!$A$1:$A$30)>M$3)), 1, 0)+IF(AND((M$3-$B$2)>=0,(M$3-$B$2)<30), 2,0) -> 0 | N5: =IF(OR(AND($F4<=N$3, $F5 >= N$3), AND($F5<N$3, WORKDAY($F5, 22,Holiday!$A$1:$A$30)>N$3)), 1, 0)+IF(AND((N$3-$B$2)>=0,(N$3-$B$2)<30), 2,0) -> 0 | ... BB5: =IF(OR(AND($F4<=BB$3, $F5 >= BB$3), AND($F5<BB$3, WORKDAY($F5, 22,Holiday!$A$1:$A$30)>BB$3)), 1, 0)+IF(AND((BB$3-$B$2)>=0,(BB$3-$B$2)<30), 2,0) -> 0
B6: Admin Tools/ BIX Dashboard | C6: DEV 1 | D6: 10 | E6: =ROUNDUP(D6*(1+$D$2),0) -> 15 | F6: =WORKDAY(F5,E6,Holiday!A2:A31) -> 46093 | G6: =IF(OR(AND($F5<=G$3, $F6 >= G$3), AND($F6<G$3, WORKDAY($F6, 22,Holiday!$A$1:$A$30)>G$3)), 1, 0)+IF(AND((G$3-$B$2)>=0,(G$3-$B$2)<30), 2,0) -> 0 | H6: =IF(OR(AND($F5<=H$3, $F6 >= H$3), AND($F6<H$3, WORKDAY($F6, 22,Holiday!$A$1:$A$30)>H$3)), 1, 0)+IF(AND((H$3-$B$2)>=0,(H$3-$B$2)<30), 2,0) -> 1 | I6: =IF(OR(AND($F5<=I$3, $F6 >= I$3), AND($F6<I$3, WORKDAY($F6, 22,Holiday!$A$1:$A$30)>I$3)), 1, 0)+IF(AND((I$3-$B$2)>=0,(I$3-$B$2)<30), 2,0) -> 1 | J6: =IF(OR(AND($F5<=J$3, $F6 >= J$3), AND($F6<J$3, WORKDAY($F6, 22,Holiday!$A$1:$A$30)>J$3)), 1, 0)+IF(AND((J$3-$B$2)>=0,(J$3-$B$2)<30), 2,0) -> 0 | K6: =IF(OR(AND($F5<=K$3, $F6 >= K$3), AND($F6<K$3, WORKDAY($F6, 22,Holiday!$A$1:$A$30)>K$3)), 1, 0)+IF(AND((K$3-$B$2)>=0,(K$3-$B$2)<30), 2,0) -> 0 | L6: =IF(OR(AND($F5<=L$3, $F6 >= L$3), AND($F6<L$3, WORKDAY($F6, 22,Holiday!$A$1:$A$30)>L$3)), 1, 0)+IF(AND((L$3-$B$2)>=0,(L$3-$B$2)<30), 2,0) -> 0 | M6: =IF(OR(AND($F5<=M$3, $F6 >= M$3), AND($F6<M$3, WORKDAY($F6, 22,Holiday!$A$1:$A$30)>M$3)), 1, 0)+IF(AND((M$3-$B$2)>=0,(M$3-$B$2)<30), 2,0) -> 0 | N6: =IF(OR(AND($F5<=N$3, $F6 >= N$3), AND($F6<N$3, WORKDAY($F6, 22,Holiday!$A$1:$A$30)>N$3)), 1, 0)+IF(AND((N$3-$B$2)>=0,(N$3-$B$2)<30), 2,0) -> 0 | ... BB6: =IF(OR(AND($F5<=BB$3, $F6 >= BB$3), AND($F6<BB$3, WORKDAY($F6, 22,Holiday!$A$1:$A$30)>BB$3)), 1, 0)+IF(AND((BB$3-$B$2)>=0,(BB$3-$B$2)<30), 2,0) -> 0
B7: Admin Tools/ Bulk Actions | C7: DEV 1 | D7: 10 | E7: =ROUNDUP(D7*(1+$D$2),0) -> 15 | F7: =WORKDAY(F6,E7,Holiday!A3:A32) -> 46114 | G7: =IF(OR(AND($F6<=G$3, $F7 >= G$3), AND($F7<G$3, WORKDAY($F7, 22,Holiday!$A$1:$A$30)>G$3)), 1, 0)+IF(AND((G$3-$B$2)>=0,(G$3-$B$2)<30), 2,0) -> 0 | H7: =IF(OR(AND($F6<=H$3, $F7 >= H$3), AND($F7<H$3, WORKDAY($F7, 22,Holiday!$A$1:$A$30)>H$3)), 1, 0)+IF(AND((H$3-$B$2)>=0,(H$3-$B$2)<30), 2,0) -> 0 | I7: =IF(OR(AND($F6<=I$3, $F7 >= I$3), AND($F7<I$3, WORKDAY($F7, 22,Holiday!$A$1:$A$30)>I$3)), 1, 0)+IF(AND((I$3-$B$2)>=0,(I$3-$B$2)<30), 2,0) -> 1 | J7: =IF(OR(AND($F6<=J$3, $F7 >= J$3), AND($F7<J$3, WORKDAY($F7, 22,Holiday!$A$1:$A$30)>J$3)), 1, 0)+IF(AND((J$3-$B$2)>=0,(J$3-$B$2)<30), 2,0) -> 0 | K7: =IF(OR(AND($F6<=K$3, $F7 >= K$3), AND($F7<K$3, WORKDAY($F7, 22,Holiday!$A$1:$A$30)>K$3)), 1, 0)+IF(AND((K$3-$B$2)>=0,(K$3-$B$2)<30), 2,0) -> 0 | L7: =IF(OR(AND($F6<=L$3, $F7 >= L$3), AND($F7<L$3, WORKDAY($F7, 22,Holiday!$A$1:$A$30)>L$3)), 1, 0)+IF(AND((L$3-$B$2)>=0,(L$3-$B$2)<30), 2,0) -> 0 | M7: =IF(OR(AND($F6<=M$3, $F7 >= M$3), AND($F7<M$3, WORKDAY($F7, 22,Holiday!$A$1:$A$30)>M$3)), 1, 0)+IF(AND((M$3-$B$2)>=0,(M$3-$B$2)<30), 2,0) -> 0 | N7: =IF(OR(AND($F6<=N$3, $F7 >= N$3), AND($F7<N$3, WORKDAY($F7, 22,Holiday!$A$1:$A$30)>N$3)), 1, 0)+IF(AND((N$3-$B$2)>=0,(N$3-$B$2)<30), 2,0) -> 0 | ... BB7: =IF(OR(AND($F6<=BB$3, $F7 >= BB$3), AND($F7<BB$3, WORKDAY($F7, 22,Holiday!$A$1:$A$30)>BB$3)), 1, 0)+IF(AND((BB$3-$B$2)>=0,(BB$3-$B$2)<30), 2,0) -> 0
B8: Admin Tools/ Bulk Upload File Processing | C8: DEV 1 | D8: 10 | E8: =ROUNDUP(D8*(1+$D$2),0) -> 15 | F8: =WORKDAY(F7,E8,Holiday!A4:A33) -> 46135 | G8: =IF(OR(AND($F7<=G$3, $F8 >= G$3), AND($F8<G$3, WORKDAY($F8, 22,Holiday!$A$1:$A$30)>G$3)), 1, 0)+IF(AND((G$3-$B$2)>=0,(G$3-$B$2)<30), 2,0) -> 0 | H8: =IF(OR(AND($F7<=H$3, $F8 >= H$3), AND($F8<H$3, WORKDAY($F8, 22,Holiday!$A$1:$A$30)>H$3)), 1, 0)+IF(AND((H$3-$B$2)>=0,(H$3-$B$2)<30), 2,0) -> 0 | I8: =IF(OR(AND($F7<=I$3, $F8 >= I$3), AND($F8<I$3, WORKDAY($F8, 22,Holiday!$A$1:$A$30)>I$3)), 1, 0)+IF(AND((I$3-$B$2)>=0,(I$3-$B$2)<30), 2,0) -> 1 | J8: =IF(OR(AND($F7<=J$3, $F8 >= J$3), AND($F8<J$3, WORKDAY($F8, 22,Holiday!$A$1:$A$30)>J$3)), 1, 0)+IF(AND((J$3-$B$2)>=0,(J$3-$B$2)<30), 2,0) -> 1 | K8: =IF(OR(AND($F7<=K$3, $F8 >= K$3), AND($F8<K$3, WORKDAY($F8, 22,Holiday!$A$1:$A$30)>K$3)), 1, 0)+IF(AND((K$3-$B$2)>=0,(K$3-$B$2)<30), 2,0) -> 0 | L8: =IF(OR(AND($F7<=L$3, $F8 >= L$3), AND($F8<L$3, WORKDAY($F8, 22,Holiday!$A$1:$A$30)>L$3)), 1, 0)+IF(AND((L$3-$B$2)>=0,(L$3-$B$2)<30), 2,0) -> 0 | M8: =IF(OR(AND($F7<=M$3, $F8 >= M$3), AND($F8<M$3, WORKDAY($F8, 22,Holiday!$A$1:$A$30)>M$3)), 1, 0)+IF(AND((M$3-$B$2)>=0,(M$3-$B$2)<30), 2,0) -> 0 | N8: =IF(OR(AND($F7<=N$3, $F8 >= N$3), AND($F8<N$3, WORKDAY($F8, 22,Holiday!$A$1:$A$30)>N$3)), 1, 0)+IF(AND((N$3-$B$2)>=0,(N$3-$B$2)<30), 2,0) -> 0 | ... BB8: =IF(OR(AND($F7<=BB$3, $F8 >= BB$3), AND($F8<BB$3, WORKDAY($F8, 22,Holiday!$A$1:$A$30)>BB$3)), 1, 0)+IF(AND((BB$3-$B$2)>=0,(BB$3-$B$2)<30), 2,0) -> 0
B9: Admin Tools/ My Reportee | C9: DEV 1 | D9: 10 | E9: =ROUNDUP(D9*(1+$D$2),0) -> 15 | F9: =WORKDAY(F8,E9,Holiday!A5:A34) -> 46157 | G9: =IF(OR(AND($F8<=G$3, $F9 >= G$3), AND($F9<G$3, WORKDAY($F9, 22,Holiday!$A$1:$A$30)>G$3)), 1, 0)+IF(AND((G$3-$B$2)>=0,(G$3-$B$2)<30), 2,0) -> 0 | H9: =IF(OR(AND($F8<=H$3, $F9 >= H$3), AND($F9<H$3, WORKDAY($F9, 22,Holiday!$A$1:$A$30)>H$3)), 1, 0)+IF(AND((H$3-$B$2)>=0,(H$3-$B$2)<30), 2,0) -> 0 | I9: =IF(OR(AND($F8<=I$3, $F9 >= I$3), AND($F9<I$3, WORKDAY($F9, 22,Holiday!$A$1:$A$30)>I$3)), 1, 0)+IF(AND((I$3-$B$2)>=0,(I$3-$B$2)<30), 2,0) -> 0 | J9: =IF(OR(AND($F8<=J$3, $F9 >= J$3), AND($F9<J$3, WORKDAY($F9, 22,Holiday!$A$1:$A$30)>J$3)), 1, 0)+IF(AND((J$3-$B$2)>=0,(J$3-$B$2)<30), 2,0) -> 1 | K9: =IF(OR(AND($F8<=K$3, $F9 >= K$3), AND($F9<K$3, WORKDAY($F9, 22,Holiday!$A$1:$A$30)>K$3)), 1, 0)+IF(AND((K$3-$B$2)>=0,(K$3-$B$2)<30), 2,0) -> 1 | L9: =IF(OR(AND($F8<=L$3, $F9 >= L$3), AND($F9<L$3, WORKDAY($F9, 22,Holiday!$A$1:$A$30)>L$3)), 1, 0)+IF(AND((L$3-$B$2)>=0,(L$3-$B$2)<30), 2,0) -> 0 | M9: =IF(OR(AND($F8<=M$3, $F9 >= M$3), AND($F9<M$3, WORKDAY($F9, 22,Holiday!$A$1:$A$30)>M$3)), 1, 0)+IF(AND((M$3-$B$2)>=0,(M$3-$B$2)<30), 2,0) -> 0 | N9: =IF(OR(AND($F8<=N$3, $F9 >= N$3), AND($F9<N$3, WORKDAY($F9, 22,Holiday!$A$1:$A$30)>N$3)), 1, 0)+IF(AND((N$3-$B$2)>=0,(N$3-$B$2)<30), 2,0) -> 0 | ... BB9: =IF(OR(AND($F8<=BB$3, $F9 >= BB$3), AND($F9<BB$3, WORKDAY($F9, 22,Holiday!$A$1:$A$30)>BB$3)), 1, 0)+IF(AND((BB$3-$B$2)>=0,(BB$3-$B$2)<30), 2,0) -> 0
B10: Admin Tools/ Reset QR code Google Authenticator | C10: DEV 1 | D10: 10 | E10: =ROUNDUP(D10*(1+$D$2),0) -> 15 | F10: =WORKDAY(F9,E10,Holiday!A6:A35) -> 46178 | G10: =IF(OR(AND($F9<=G$3, $F10 >= G$3), AND($F10<G$3, WORKDAY($F10, 22,Holiday!$A$1:$A$30)>G$3)), 1, 0)+IF(AND((G$3-$B$2)>=0,(G$3-$B$2)<30), 2,0) -> 0 | H10: =IF(OR(AND($F9<=H$3, $F10 >= H$3), AND($F10<H$3, WORKDAY($F10, 22,Holiday!$A$1:$A$30)>H$3)), 1, 0)+IF(AND((H$3-$B$2)>=0,(H$3-$B$2)<30), 2,0) -> 0 | I10: =IF(OR(AND($F9<=I$3, $F10 >= I$3), AND($F10<I$3, WORKDAY($F10, 22,Holiday!$A$1:$A$30)>I$3)), 1, 0)+IF(AND((I$3-$B$2)>=0,(I$3-$B$2)<30), 2,0) -> 0 | J10: =IF(OR(AND($F9<=J$3, $F10 >= J$3), AND($F10<J$3, WORKDAY($F10, 22,Holiday!$A$1:$A$30)>J$3)), 1, 0)+IF(AND((J$3-$B$2)>=0,(J$3-$B$2)<30), 2,0) -> 0 | K10: =IF(OR(AND($F9<=K$3, $F10 >= K$3), AND($F10<K$3, WORKDAY($F10, 22,Holiday!$A$1:$A$30)>K$3)), 1, 0)+IF(AND((K$3-$B$2)>=0,(K$3-$B$2)<30), 2,0) -> 1 | L10: =IF(OR(AND($F9<=L$3, $F10 >= L$3), AND($F10<L$3, WORKDAY($F10, 22,Holiday!$A$1:$A$30)>L$3)), 1, 0)+IF(AND((L$3-$B$2)>=0,(L$3-$B$2)<30), 2,0) -> 0 | M10: =IF(OR(AND($F9<=M$3, $F10 >= M$3), AND($F10<M$3, WORKDAY($F10, 22,Holiday!$A$1:$A$30)>M$3)), 1, 0)+IF(AND((M$3-$B$2)>=0,(M$3-$B$2)<30), 2,0) -> 0 | N10: =IF(OR(AND($F9<=N$3, $F10 >= N$3), AND($F10<N$3, WORKDAY($F10, 22,Holiday!$A$1:$A$30)>N$3)), 1, 0)+IF(AND((N$3-$B$2)>=0,(N$3-$B$2)<30), 2,0) -> 0 | ... BB10: =IF(OR(AND($F9<=BB$3, $F10 >= BB$3), AND($F10<BB$3, WORKDAY($F10, 22,Holiday!$A$1:$A$30)>BB$3)), 1, 0)+IF(AND((BB$3-$B$2)>=0,(BB$3-$B$2)<30), 2,0) -> 0
B11: Admin Tools/ Sub Pool Distribution | C11: DEV 1 | D11: 10 | E11: =ROUNDUP(D11*(1+$D$2),0) -> 15 | F11: =WORKDAY(F10,E11,Holiday!A7:A36) -> 46199 | G11: =IF(OR(AND($F10<=G$3, $F11 >= G$3), AND($F11<G$3, WORKDAY($F11, 22,Holiday!$A$1:$A$30)>G$3)), 1, 0)+IF(AND((G$3-$B$2)>=0,(G$3-$B$2)<30), 2,0) -> 0 | H11: =IF(OR(AND($F10<=H$3, $F11 >= H$3), AND($F11<H$3, WORKDAY($F11, 22,Holiday!$A$1:$A$30)>H$3)), 1, 0)+IF(AND((H$3-$B$2)>=0,(H$3-$B$2)<30), 2,0) -> 0 | I11: =IF(OR(AND($F10<=I$3, $F11 >= I$3), AND($F11<I$3, WORKDAY($F11, 22,Holiday!$A$1:$A$30)>I$3)), 1, 0)+IF(AND((I$3-$B$2)>=0,(I$3-$B$2)<30), 2,0) -> 0 | J11: =IF(OR(AND($F10<=J$3, $F11 >= J$3), AND($F11<J$3, WORKDAY($F11, 22,Holiday!$A$1:$A$30)>J$3)), 1, 0)+IF(AND((J$3-$B$2)>=0,(J$3-$B$2)<30), 2,0) -> 0 | K11: =IF(OR(AND($F10<=K$3, $F11 >= K$3), AND($F11<K$3, WORKDAY($F11, 22,Holiday!$A$1:$A$30)>K$3)), 1, 0)+IF(AND((K$3-$B$2)>=0,(K$3-$B$2)<30), 2,0) -> 1 | L11: =IF(OR(AND($F10<=L$3, $F11 >= L$3), AND($F11<L$3, WORKDAY($F11, 22,Holiday!$A$1:$A$30)>L$3)), 1, 0)+IF(AND((L$3-$B$2)>=0,(L$3-$B$2)<30), 2,0) -> 1 | M11: =IF(OR(AND($F10<=M$3, $F11 >= M$3), AND($F11<M$3, WORKDAY($F11, 22,Holiday!$A$1:$A$30)>M$3)), 1, 0)+IF(AND((M$3-$B$2)>=0,(M$3-$B$2)<30), 2,0) -> 0 | N11: =IF(OR(AND($F10<=N$3, $F11 >= N$3), AND($F11<N$3, WORKDAY($F11, 22,Holiday!$A$1:$A$30)>N$3)), 1, 0)+IF(AND((N$3-$B$2)>=0,(N$3-$B$2)<30), 2,0) -> 0 | ... BB11: =IF(OR(AND($F10<=BB$3, $F11 >= BB$3), AND($F11<BB$3, WORKDAY($F11, 22,Holiday!$A$1:$A$30)>BB$3)), 1, 0)+IF(AND((BB$3-$B$2)>=0,(BB$3-$B$2)<30), 2,0) -> 0
B12: Admin Tools/ Summary Report View | C12: DEV 1 | D12: 10 | E12: =ROUNDUP(D12*(1+$D$2),0) -> 15 | F12: =WORKDAY(F11,E12,Holiday!A8:A37) -> 46220 | G12: =IF(OR(AND($F11<=G$3, $F12 >= G$3), AND($F12<G$3, WORKDAY($F12, 22,Holiday!$A$1:$A$30)>G$3)), 1, 0)+IF(AND((G$3-$B$2)>=0,(G$3-$B$2)<30), 2,0) -> 0 | H12: =IF(OR(AND($F11<=H$3, $F12 >= H$3), AND($F12<H$3, WORKDAY($F12, 22,Holiday!$A$1:$A$30)>H$3)), 1, 0)+IF(AND((H$3-$B$2)>=0,(H$3-$B$2)<30), 2,0) -> 0 | I12: =IF(OR(AND($F11<=I$3, $F12 >= I$3), AND($F12<I$3, WORKDAY($F12, 22,Holiday!$A$1:$A$30)>I$3)), 1, 0)+IF(AND((I$3-$B$2)>=0,(I$3-$B$2)<30), 2,0) -> 0 | J12: =IF(OR(AND($F11<=J$3, $F12 >= J$3), AND($F12<J$3, WORKDAY($F12, 22,Holiday!$A$1:$A$30)>J$3)), 1, 0)+IF(AND((J$3-$B$2)>=0,(J$3-$B$2)<30), 2,0) -> 0 | K12: =IF(OR(AND($F11<=K$3, $F12 >= K$3), AND($F12<K$3, WORKDAY($F12, 22,Holiday!$A$1:$A$30)>K$3)), 1, 0)+IF(AND((K$3-$B$2)>=0,(K$3-$B$2)<30), 2,0) -> 0 | L12: =IF(OR(AND($F11<=L$3, $F12 >= L$3), AND($F12<L$3, WORKDAY($F12, 22,Holiday!$A$1:$A$30)>L$3)), 1, 0)+IF(AND((L$3-$B$2)>=0,(L$3-$B$2)<30), 2,0) -> 1 | M12: =IF(OR(AND($F11<=M$3, $F12 >= M$3), AND($F12<M$3, WORKDAY($F12, 22,Holiday!$A$1:$A$30)>M$3)), 1, 0)+IF(AND((M$3-$B$2)>=0,(M$3-$B$2)<30), 2,0) -> 1 | N12: =IF(OR(AND($F11<=N$3, $F12 >= N$3), AND($F12<N$3, WORKDAY($F12, 22,Holiday!$A$1:$A$30)>N$3)), 1, 0)+IF(AND((N$3-$B$2)>=0,(N$3-$B$2)<30), 2,0) -> 0 | ... BB12: =IF(OR(AND($F11<=BB$3, $F12 >= BB$3), AND($F12<BB$3, WORKDAY($F12, 22,Holiday!$A$1:$A$30)>BB$3)), 1, 0)+IF(AND((BB$3-$B$2)>=0,(BB$3-$B$2)<30), 2,0) -> 0
B13: Admin Tools/ Unblock user | C13: DEV 1 | D13: 10 | E13: =ROUNDUP(D13*(1+$D$2),0) -> 15 | F13: =WORKDAY(F12,E13,Holiday!A9:A38) -> 46241 | G13: =IF(OR(AND($F12<=G$3, $F13 >= G$3), AND($F13<G$3, WORKDAY($F13, 22,Holiday!$A$1:$A$30)>G$3)), 1, 0)+IF(AND((G$3-$B$2)>=0,(G$3-$B$2)<30), 2,0) -> 0 | H13: =IF(OR(AND($F12<=H$3, $F13 >= H$3), AND($F13<H$3, WORKDAY($F13, 22,Holiday!$A$1:$A$30)>H$3)), 1, 0)+IF(AND((H$3-$B$2)>=0,(H$3-$B$2)<30), 2,0) -> 0 | I13: =IF(OR(AND($F12<=I$3, $F13 >= I$3), AND($F13<I$3, WORKDAY($F13, 22,Holiday!$A$1:$A$30)>I$3)), 1, 0)+IF(AND((I$3-$B$2)>=0,(I$3-$B$2)<30), 2,0) -> 0 | J13: =IF(OR(AND($F12<=J$3, $F13 >= J$3), AND($F13<J$3, WORKDAY($F13, 22,Holiday!$A$1:$A$30)>J$3)), 1, 0)+IF(AND((J$3-$B$2)>=0,(J$3-$B$2)<30), 2,0) -> 0 | K13: =IF(OR(AND($F12<=K$3, $F13 >= K$3), AND($F13<K$3, WORKDAY($F13, 22,Holiday!$A$1:$A$30)>K$3)), 1, 0)+IF(AND((K$3-$B$2)>=0,(K$3-$B$2)<30), 2,0) -> 0 | L13: =IF(OR(AND($F12<=L$3, $F13 >= L$3), AND($F13<L$3, WORKDAY($F13, 22,Holiday!$A$1:$A$30)>L$3)), 1, 0)+IF(AND((L$3-$B$2)>=0,(L$3-$B$2)<30), 2,0) -> 0 | M13: =IF(OR(AND($F12<=M$3, $F13 >= M$3), AND($F13<M$3, WORKDAY($F13, 22,Holiday!$A$1:$A$30)>M$3)), 1, 0)+IF(AND((M$3-$B$2)>=0,(M$3-$B$2)<30), 2,0) -> 1 | N13: =IF(OR(AND($F12<=N$3, $F13 >= N$3), AND($F13<N$3, WORKDAY($F13, 22,Holiday!$A$1:$A$30)>N$3)), 1, 0)+IF(AND((N$3-$B$2)>=0,(N$3-$B$2)<30), 2,0) -> 0 | ... BB13: =IF(OR(AND($F12<=BB$3, $F13 >= BB$3), AND($F13<BB$3, WORKDAY($F13, 22,Holiday!$A$1:$A$30)>BB$3)), 1, 0)+IF(AND((BB$3-$B$2)>=0,(BB$3-$B$2)<30), 2,0) -> 0
B14: Admin Tools/ Verify New Contact | C14: DEV 1 | D14: 10 | E14: =ROUNDUP(D14*(1+$D$2),0) -> 15 | F14: =WORKDAY(F13,E14,Holiday!A10:A39) -> 46262 | G14: =IF(OR(AND($F13<=G$3, $F14 >= G$3), AND($F14<G$3, WORKDAY($F14, 22,Holiday!$A$1:$A$30)>G$3)), 1, 0)+IF(AND((G$3-$B$2)>=0,(G$3-$B$2)<30), 2,0) -> 0 | H14: =IF(OR(AND($F13<=H$3, $F14 >= H$3), AND($F14<H$3, WORKDAY($F14, 22,Holiday!$A$1:$A$30)>H$3)), 1, 0)+IF(AND((H$3-$B$2)>=0,(H$3-$B$2)<30), 2,0) -> 0 | I14: =IF(OR(AND($F13<=I$3, $F14 >= I$3), AND($F14<I$3, WORKDAY($F14, 22,Holiday!$A$1:$A$30)>I$3)), 1, 0)+IF(AND((I$3-$B$2)>=0,(I$3-$B$2)<30), 2,0) -> 0 | J14: =IF(OR(AND($F13<=J$3, $F14 >= J$3), AND($F14<J$3, WORKDAY($F14, 22,Holiday!$A$1:$A$30)>J$3)), 1, 0)+IF(AND((J$3-$B$2)>=0,(J$3-$B$2)<30), 2,0) -> 0 | K14: =IF(OR(AND($F13<=K$3, $F14 >= K$3), AND($F14<K$3, WORKDAY($F14, 22,Holiday!$A$1:$A$30)>K$3)), 1, 0)+IF(AND((K$3-$B$2)>=0,(K$3-$B$2)<30), 2,0) -> 0 | L14: =IF(OR(AND($F13<=L$3, $F14 >= L$3), AND($F14<L$3, WORKDAY($F14, 22,Holiday!$A$1:$A$30)>L$3)), 1, 0)+IF(AND((L$3-$B$2)>=0,(L$3-$B$2)<30), 2,0) -> 0 | M14: =IF(OR(AND($F13<=M$3, $F14 >= M$3), AND($F14<M$3, WORKDAY($F14, 22,Holiday!$A$1:$A$30)>M$3)), 1, 0)+IF(AND((M$3-$B$2)>=0,(M$3-$B$2)<30), 2,0) -> 1 | N14: =IF(OR(AND($F13<=N$3, $F14 >= N$3), AND($F14<N$3, WORKDAY($F14, 22,Holiday!$A$1:$A$30)>N$3)), 1, 0)+IF(AND((N$3-$B$2)>=0,(N$3-$B$2)<30), 2,0) -> 1 | ... BB14: =IF(OR(AND($F13<=BB$3, $F14 >= BB$3), AND($F14<BB$3, WORKDAY($F14, 22,Holiday!$A$1:$A$30)>BB$3)), 1, 0)+IF(AND((BB$3-$B$2)>=0,(BB$3-$B$2)<30), 2,0) -> 0
B15: Admin Tools/ Verify Phone List | C15: DEV 1 | D15: 10 | E15: =ROUNDUP(D15*(1+$D$2),0) -> 15 | F15: =WORKDAY(F14,E15,Holiday!A11:A40) -> 46283 | G15: =IF(OR(AND($F14<=G$3, $F15 >= G$3), AND($F15<G$3, WORKDAY($F15, 22,Holiday!$A$1:$A$30)>G$3)), 1, 0)+IF(AND((G$3-$B$2)>=0,(G$3-$B$2)<30), 2,0) -> 0 | H15: =IF(OR(AND($F14<=H$3, $F15 >= H$3), AND($F15<H$3, WORKDAY($F15, 22,Holiday!$A$1:$A$30)>H$3)), 1, 0)+IF(AND((H$3-$B$2)>=0,(H$3-$B$2)<30), 2,0) -> 0 | I15: =IF(OR(AND($F14<=I$3, $F15 >= I$3), AND($F15<I$3, WORKDAY($F15, 22,Holiday!$A$1:$A$30)>I$3)), 1, 0)+IF(AND((I$3-$B$2)>=0,(I$3-$B$2)<30), 2,0) -> 0 | J15: =IF(OR(AND($F14<=J$3, $F15 >= J$3), AND($F15<J$3, WORKDAY($F15, 22,Holiday!$A$1:$A$30)>J$3)), 1, 0)+IF(AND((J$3-$B$2)>=0,(J$3-$B$2)<30), 2,0) -> 0 | K15: =IF(OR(AND($F14<=K$3, $F15 >= K$3), AND($F15<K$3, WORKDAY($F15, 22,Holiday!$A$1:$A$30)>K$3)), 1, 0)+IF(AND((K$3-$B$2)>=0,(K$3-$B$2)<30), 2,0) -> 0 | L15: =IF(OR(AND($F14<=L$3, $F15 >= L$3), AND($F15<L$3, WORKDAY($F15, 22,Holiday!$A$1:$A$30)>L$3)), 1, 0)+IF(AND((L$3-$B$2)>=0,(L$3-$B$2)<30), 2,0) -> 0 | M15: =IF(OR(AND($F14<=M$3, $F15 >= M$3), AND($F15<M$3, WORKDAY($F15, 22,Holiday!$A$1:$A$30)>M$3)), 1, 0)+IF(AND((M$3-$B$2)>=0,(M$3-$B$2)<30), 2,0) -> 0 | N15: =IF(OR(AND($F14<=N$3, $F15 >= N$3), AND($F15<N$3, WORKDAY($F15, 22,Holiday!$A$1:$A$30)>N$3)), 1, 0)+IF(AND((N$3-$B$2)>=0,(N$3-$B$2)<30), 2,0) -> 1 | ... BB15: =IF(OR(AND($F14<=BB$3, $F15 >= BB$3), AND($F15<BB$3, WORKDAY($F15, 22,Holiday!$A$1:$A$30)>BB$3)), 1, 0)+IF(AND((BB$3-$B$2)>=0,(BB$3-$B$2)<30), 2,0) -> 0
B16: Admin Tools/Invalidate Follow-up trail | C16: DEV 1 | D16: 10 | E16: =ROUNDUP(D16*(1+$D$2),0) -> 15 | F16: =WORKDAY(F15,E16,Holiday!A12:A41) -> 46304 | G16: =IF(OR(AND($F15<=G$3, $F16 >= G$3), AND($F16<G$3, WORKDAY($F16, 22,Holiday!$A$1:$A$30)>G$3)), 1, 0)+IF(AND((G$3-$B$2)>=0,(G$3-$B$2)<30), 2,0) -> 0 | H16: =IF(OR(AND($F15<=H$3, $F16 >= H$3), AND($F16<H$3, WORKDAY($F16, 22,Holiday!$A$1:$A$30)>H$3)), 1, 0)+IF(AND((H$3-$B$2)>=0,(H$3-$B$2)<30), 2,0) -> 0 | I16: =IF(OR(AND($F15<=I$3, $F16 >= I$3), AND($F16<I$3, WORKDAY($F16, 22,Holiday!$A$1:$A$30)>I$3)), 1, 0)+IF(AND((I$3-$B$2)>=0,(I$3-$B$2)<30), 2,0) -> 0 | J16: =IF(OR(AND($F15<=J$3, $F16 >= J$3), AND($F16<J$3, WORKDAY($F16, 22,Holiday!$A$1:$A$30)>J$3)), 1, 0)+IF(AND((J$3-$B$2)>=0,(J$3-$B$2)<30), 2,0) -> 0 | K16: =IF(OR(AND($F15<=K$3, $F16 >= K$3), AND($F16<K$3, WORKDAY($F16, 22,Holiday!$A$1:$A$30)>K$3)), 1, 0)+IF(AND((K$3-$B$2)>=0,(K$3-$B$2)<30), 2,0) -> 0 | L16: =IF(OR(AND($F15<=L$3, $F16 >= L$3), AND($F16<L$3, WORKDAY($F16, 22,Holiday!$A$1:$A$30)>L$3)), 1, 0)+IF(AND((L$3-$B$2)>=0,(L$3-$B$2)<30), 2,0) -> 0 | M16: =IF(OR(AND($F15<=M$3, $F16 >= M$3), AND($F16<M$3, WORKDAY($F16, 22,Holiday!$A$1:$A$30)>M$3)), 1, 0)+IF(AND((M$3-$B$2)>=0,(M$3-$B$2)<30), 2,0) -> 0 | N16: =IF(OR(AND($F15<=N$3, $F16 >= N$3), AND($F16<N$3, WORKDAY($F16, 22,Holiday!$A$1:$A$30)>N$3)), 1, 0)+IF(AND((N$3-$B$2)>=0,(N$3-$B$2)<30), 2,0) -> 0 | ... BB16: =IF(OR(AND($F15<=BB$3, $F16 >= BB$3), AND($F16<BB$3, WORKDAY($F16, 22,Holiday!$A$1:$A$30)>BB$3)), 1, 0)+IF(AND((BB$3-$B$2)>=0,(BB$3-$B$2)<30), 2,0) -> 0
... B103: NFU Marked Contracts | C103: DEV 1 | D103: 10 | E103: =ROUNDUP(D103*(1+$D$2),0) -> 15 | F103: =WORKDAY(F102,E103,Holiday!A99:A128) -> 47420 | G103: =IF(OR(AND($F102<=G$3, $F103 >= G$3), AND($F103<G$3, WORKDAY($F103, 22,Holiday!$A$1:$A$30)>G$3)), 1, 0)+IF(AND((G$3-$B$2)>=0,(G$3-$B$2)<30), 2,0) -> 0 | H103: =IF(OR(AND($F102<=H$3, $F103 >= H$3), AND($F103<H$3, WORKDAY($F103, 22,Holiday!$A$1:$A$30)>H$3)), 1, 0)+IF(AND((H$3-$B$2)>=0,(H$3-$B$2)<30), 2,0) -> 0 | I103: =IF(OR(AND($F102<=I$3, $F103 >= I$3), AND($F103<I$3, WORKDAY($F103, 22,Holiday!$A$1:$A$30)>I$3)), 1, 0)+IF(AND((I$3-$B$2)>=0,(I$3-$B$2)<30), 2,0) -> 0 | J103: =IF(OR(AND($F102<=J$3, $F103 >= J$3), AND($F103<J$3, WORKDAY($F103, 22,Holiday!$A$1:$A$30)>J$3)), 1, 0)+IF(AND((J$3-$B$2)>=0,(J$3-$B$2)<30), 2,0) -> 0 | K103: =IF(OR(AND($F102<=K$3, $F103 >= K$3), AND($F103<K$3, WORKDAY($F103, 22,Holiday!$A$1:$A$30)>K$3)), 1, 0)+IF(AND((K$3-$B$2)>=0,(K$3-$B$2)<30), 2,0) -> 0 | L103: =IF(OR(AND($F102<=L$3, $F103 >= L$3), AND($F103<L$3, WORKDAY($F103, 22,Holiday!$A$1:$A$30)>L$3)), 1, 0)+IF(AND((L$3-$B$2)>=0,(L$3-$B$2)<30), 2,0) -> 0 | M103: =IF(OR(AND($F102<=M$3, $F103 >= M$3), AND($F103<M$3, WORKDAY($F103, 22,Holiday!$A$1:$A$30)>M$3)), 1, 0)+IF(AND((M$3-$B$2)>=0,(M$3-$B$2)<30), 2,0) -> 0 | N103: =IF(OR(AND($F102<=N$3, $F103 >= N$3), AND($F103<N$3, WORKDAY($F103, 22,Holiday!$A$1:$A$30)>N$3)), 1, 0)+IF(AND((N$3-$B$2)>=0,(N$3-$B$2)<30), 2,0) -> 0 | ... BB103: =IF(OR(AND($F102<=BB$3, $F103 >= BB$3), AND($F103<BB$3, WORKDAY($F103, 22,Holiday!$A$1:$A$30)>BB$3)), 1, 0)+IF(AND((BB$3-$B$2)>=0,(BB$3-$B$2)<30), 2,0) -> 0

Sheet BPM 2 DEV
A1: # | B1: Complete Date | C1: No of DEV | D1: BA+QA Rate | E1: DAY(S) | F1: START DAY | G1: Month 1 | H1: Month 2 | I1: Month 3 | J1: Month 4 | K1: Month 5 | L1: Month 6 | M1: Month 7 | N1: Month 8 | O1: Month 9 | P1: Month 10 | Q1: Month 11 | R1: Month 12 | S1: Month 13 | T1: Month 14 | U1: Month 15 | V1: Month 16 | W1: Month 17 | X1: Month 18 | Y1: Month 19 | Z1: Month 20 | AA1: Month 21 | AB1: Month 22 | AC1: Month 23 | AD1: Month 24 | AE1: Month 25 | AF1: Month 26 | AG1: Month 27 | AH1: Month 28 | AI1: Month 29 | AJ1: Month 30 | AK1: Month 31 | AL1: Month 32 | AM1: Month 33 | AN1: Month 34 | AO1: Month 35
B2: =WORKDAY($F$3,ROUNDUP(($E$3-$E$4)/$C$2,0)+$E$4,Holiday!$A$1:$A$30) -> 46738 | C2: 2 | D2: =Setting!$A$2 -> 0.5
B3: WORK TITLE | C3: PIC | D3: DEV- ESTIMATION | E3: =SUM(E4:E103) -> 996 | F3: =Setting!$B$2 -> 46023 | G3: =WORKDAY(F3,22,Holiday!$A$1:$A$30) -> 46055 | H3: =WORKDAY(G3,22,Holiday!$A$1:$A$30) -> 46085 | I3: =WORKDAY(H3,22,Holiday!$A$1:$A$30) -> 46115 | J3: =WORKDAY(I3,22,Holiday!$A$1:$A$30) -> 46149 | K3: =WORKDAY(J3,22,Holiday!$A$1:$A$30) -> 46181 | L3: =WORKDAY(K3,22,Holiday!$A$1:$A$30) -> 46211 | M3: =WORKDAY(L3,22,Holiday!$A$1:$A$30) -> 46241 | N3: =WORKDAY(M3,22,Holiday!$A$1:$A$30) -> 46274 | ... AO3: =WORKDAY(AN3,22,Holiday!$A$1:$A$30) -> 47106
B4: Enviroment Preparation | C4: DEVs | D4: 20 | E4: 20 | F4: =WORKDAY(F3,E4,Holiday!$A$1:$A$30) -> 46051 | G4: =IF(OR(AND($F3<=G$3, $F4 >= G$3), AND($F4<G$3, WORKDAY($F4, 22,Holiday!$A$1:$A$30)>G$3)), 1, 0)+IF(AND((G$3-$B$2)>=0,(G$3-$B$2)<30), 2,0) -> 1 | H4: =IF(OR(AND($F3<=H$3, $F4 >= H$3), AND($F4<H$3, WORKDAY($F4, 22,Holiday!$A$1:$A$30)>H$3)), 1, 0)+IF(AND((H$3-$B$2)>=0,(H$3-$B$2)<30), 2,0) -> 0 | I4: =IF(OR(AND($F3<=I$3, $F4 >= I$3), AND($F4<I$3, WORKDAY($F4, 22,Holiday!$A$1:$A$30)>I$3)), 1, 0)+IF(AND((I$3-$B$2)>=0,(I$3-$B$2)<30), 2,0) -> 0 | J4: =IF(OR(AND($F3<=J$3, $F4 >= J$3), AND($F4<J$3, WORKDAY($F4, 22,Holiday!$A$1:$A$30)>J$3)), 1, 0)+IF(AND((J$3-$B$2)>=0,(J$3-$B$2)<30), 2,0) -> 0 | K4: =IF(OR(AND($F3<=K$3, $F4 >= K$3), AND($F4<K$3, WORKDAY($F4, 22,Holiday!$A$1:$A$30)>K$3)), 1, 0)+IF(AND((K$3-$B$2)>=0,(K$3-$B$2)<30), 2,0) -> 0 | L4: =IF(OR(AND($F3<=L$3, $F4 >= L$3), AND($F4<L$3, WORKDAY($F4, 22,Holiday!$A$1:$A$30)>L$3)), 1, 0)+IF(AND((L$3-$B$2)>=0,(L$3-$B$2)<30), 2,0) -> 0 | M4: =IF(OR(AND($F3<=M$3, $F4 >= M$3), AND($F4<M$3, WORKDAY($F4, 22,Holiday!$A$1:$A$30)>M$3)), 1, 0)+IF(AND((M$3-$B$2)>=0,(M$3-$B$2)<30), 2,0) -> 0 | N4: =IF(OR(AND($F3<=N$3, $F4 >= N$3), AND($F4<N$3, WORKDAY($F4, 22,Holiday!$A$1:$A$30)>N$3)), 1, 0)+IF(AND((N$3-$B$2)>=0,(N$3-$B$2)<30), 2,0) -> 0 | ... AO4: =IF(OR(AND($F3<=AO$3, $F4 >= AO$3), AND($F4<AO$3, WORKDAY($F4, 22,Holiday!$A$1:$A$30)>AO$3)), 1, 0)+IF(AND((AO$3-$B$2)>=0,(AO$3-$B$2)<30), 2,0) -> 0
B5: Contract/ Click to Call | C5: DEV 1 | D5: 10 | E5: =ROUNDUP(D5*(1+$D$2),0) -> 15 | F5: =WORKDAY(F4,E5,Holiday!A1:A30) -> 46072 | G5: =IF(OR(AND($F4<=G$3, $F5 >= G$3), AND($F5<G$3, WORKDAY($F5, 22,Holiday!$A$1:$A$30)>G$3)), 1, 0)+IF(AND((G$3-$B$2)>=0,(G$3-$B$2)<30), 2,0) -> 1 | H5: =IF(OR(AND($F4<=H$3, $F5 >= H$3), AND($F5<H$3, WORKDAY($F5, 22,Holiday!$A$1:$A$30)>H$3)), 1, 0)+IF(AND((H$3-$B$2)>=0,(H$3-$B$2)<30), 2,0) -> 1 | I5: =IF(OR(AND($F4<=I$3, $F5 >= I$3), AND($F5<I$3, WORKDAY($F5, 22,Holiday!$A$1:$A$30)>I$3)), 1, 0)+IF(AND((I$3-$B$2)>=0,(I$3-$B$2)<30), 2,0) -> 0 | J5: =IF(OR(AND($F4<=J$3, $F5 >= J$3), AND($F5<J$3, WORKDAY($F5, 22,Holiday!$A$1:$A$30)>J$3)), 1, 0)+IF(AND((J$3-$B$2)>=0,(J$3-$B$2)<30), 2,0) -> 0 | K5: =IF(OR(AND($F4<=K$3, $F5 >= K$3), AND($F5<K$3, WORKDAY($F5, 22,Holiday!$A$1:$A$30)>K$3)), 1, 0)+IF(AND((K$3-$B$2)>=0,(K$3-$B$2)<30), 2,0) -> 0 | L5: =IF(OR(AND($F4<=L$3, $F5 >= L$3), AND($F5<L$3, WORKDAY($F5, 22,Holiday!$A$1:$A$30)>L$3)), 1, 0)+IF(AND((L$3-$B$2)>=0,(L$3-$B$2)<30), 2,0) -> 0 | M5: =IF(OR(AND($F4<=M$3, $F5 >= M$3), AND($F5<M$3, WORKDAY($F5, 22,Holiday!$A$1:$A$30)>M$3)), 1, 0)+IF(AND((M$3-$B$2)>=0,(M$3-$B$2)<30), 2,0) -> 0 | N5: =IF(OR(AND($F4<=N$3, $F5 >= N$3), AND($F5<N$3, WORKDAY($F5, 22,Holiday!$A$1:$A$30)>N$3)), 1, 0)+IF(AND((N$3-$B$2)>=0,(N$3-$B$2)<30), 2,0) -> 0 | ... AO5: =IF(OR(AND($F4<=AO$3, $F5 >= AO$3), AND($F5<AO$3, WORKDAY($F5, 22,Holiday!$A$1:$A$30)>AO$3)), 1, 0)+IF(AND((AO$3-$B$2)>=0,(AO$3-$B$2)<30), 2,0) -> 0
B6: Admin Tools/ BIX Dashboard | C6: DEV 1 | D6: 10 | E6: =ROUNDUP(D6*(1+$D$2),0) -> 15 | F6: =WORKDAY(F5,E6,Holiday!A2:A31) -> 46093 | G6: =IF(OR(AND($F5<=G$3, $F6 >= G$3), AND($F6<G$3, WORKDAY($F6, 22,Holiday!$A$1:$A$30)>G$3)), 1, 0)+IF(AND((G$3-$B$2)>=0,(G$3-$B$2)<30), 2,0) -> 0 | H6: =IF(OR(AND($F5<=H$3, $F6 >= H$3), AND($F6<H$3, WORKDAY($F6, 22,Holiday!$A$1:$A$30)>H$3)), 1, 0)+IF(AND((H$3-$B$2)>=0,(H$3-$B$2)<30), 2,0) -> 1 | I6: =IF(OR(AND($F5<=I$3, $F6 >= I$3), AND($F6<I$3, WORKDAY($F6, 22,Holiday!$A$1:$A$30)>I$3)), 1, 0)+IF(AND((I$3-$B$2)>=0,(I$3-$B$2)<30), 2,0) -> 1 | J6: =IF(OR(AND($F5<=J$3, $F6 >= J$3), AND($F6<J$3, WORKDAY($F6, 22,Holiday!$A$1:$A$30)>J$3)), 1, 0)+IF(AND((J$3-$B$2)>=0,(J$3-$B$2)<30), 2,0) -> 0 | K6: =IF(OR(AND($F5<=K$3, $F6 >= K$3), AND($F6<K$3, WORKDAY($F6, 22,Holiday!$A$1:$A$30)>K$3)), 1, 0)+IF(AND((K$3-$B$2)>=0,(K$3-$B$2)<30), 2,0) -> 0 | L6: =IF(OR(AND($F5<=L$3, $F6 >= L$3), AND($F6<L$3, WORKDAY($F6, 22,Holiday!$A$1:$A$30)>L$3)), 1, 0)+IF(AND((L$3-$B$2)>=0,(L$3-$B$2)<30), 2,0) -> 0 | M6: =IF(OR(AND($F5<=M$3, $F6 >= M$3), AND($F6<M$3, WORKDAY($F6, 22,Holiday!$A$1:$A$30)>M$3)), 1, 0)+IF(AND((M$3-$B$2)>=0,(M$3-$B$2)<30), 2,0) -> 0 | N6: =IF(OR(AND($F5<=N$3, $F6 >= N$3), AND($F6<N$3, WORKDAY($F6, 22,Holiday!$A$1:$A$30)>N$3)), 1, 0)+IF(AND((N$3-$B$2)>=0,(N$3-$B$2)<30), 2,0) -> 0 | ... AO6: =IF(OR(AND($F5<=AO$3, $F6 >= AO$3), AND($F6<AO$3, WORKDAY($F6, 22,Holiday!$A$1:$A$30)>AO$3)), 1, 0)+IF(AND((AO$3-$B$2)>=0,(AO$3-$B$2)<30), 2,0) -> 0
B7: Admin Tools/ Bulk Actions | C7: DEV 1 | D7: 10 | E7: =ROUNDUP(D7*(1+$D$2),0) -> 15 | F7: =WORKDAY(F6,E7,Holiday!A3:A32) -> 46114 | G7: =IF(OR(AND($F6<=G$3, $F7 >= G$3), AND($F7<G$3, WORKDAY($F7, 22,Holiday!$A$1:$A$30)>G$3)), 1, 0)+IF(AND((G$3-$B$2)>=0,(G$3-$B$2)<30), 2,0) -> 0 | H7: =IF(OR(AND($F6<=H$3, $F7 >= H$3), AND($F7<H$3, WORKDAY($F7, 22,Holiday!$A$1:$A$30)>H$3)), 1, 0)+IF(AND((H$3-$B$2)>=0,(H$3-$B$2)<30), 2,0) -> 0 | I7: =IF(OR(AND($F6<=I$3, $F7 >= I$3), AND($F7<I$3, WORKDAY($F7, 22,Holiday!$A$1:$A$30)>I$3)), 1, 0)+IF(AND((I$3-$B$2)>=0,(I$3-$B$2)<30), 2,0) -> 1 | J7: =IF(OR(AND($F6<=J$3, $F7 >= J$3), AND($F7<J$3, WORKDAY($F7, 22,Holiday!$A$1:$A$30)>J$3)), 1, 0)+IF(AND((J$3-$B$2)>=0,(J$3-$B$2)<30), 2,0) -> 0 | K7: =IF(OR(AND($F6<=K$3, $F7 >= K$3), AND($F7<K$3, WORKDAY($F7, 22,Holiday!$A$1:$A$30)>K$3)), 1, 0)+IF(AND((K$3-$B$2)>=0,(K$3-$B$2)<30), 2,0) -> 0 | L7: =IF(OR(AND($F6<=L$3, $F7 >= L$3), AND($F7<L$3, WORKDAY($F7, 22,Holiday!$A$1:$A$30)>L$3)), 1, 0)+IF(AND((L$3-$B$2)>=0,(L$3-$B$2)<30), 2,0) -> 0 | M7: =IF(OR(AND($F6<=M$3, $F7 >= M$3), AND($F7<M$3, WORKDAY($F7, 22,Holiday!$A$1:$A$30)>M$3)), 1, 0)+IF(AND((M$3-$B$2)>=0,(M$3-$B$2)<30), 2,0) -> 0 | N7: =IF(OR(AND($F6<=N$3, $F7 >= N$3), AND($F7<N$3, WORKDAY($F7, 22,Holiday!$A$1:$A$30)>N$3)), 1, 0)+IF(AND((N$3-$B$2)>=0,(N$3-$B$2)<30), 2,0) -> 0 | ... AO7: =IF(OR(AND($F6<=AO$3, $F7 >= AO$3), AND($F7<AO$3, WORKDAY($F7, 22,Holiday!$A$1:$A$30)>AO$3)), 1, 0)+IF(AND((AO$3-$B$2)>=0,(AO$3-$B$2)<30), 2,0) -> 0
B8: Admin Tools/ Bulk Upload File Processing | C8: DEV 1 | D8: 10 | E8: =ROUNDUP(D8*(1+$D$2),0) -> 15 | F8: =WORKDAY(F7,E8,Holiday!A4:A33) -> 46135 | G8: =IF(OR(AND($F7<=G$3, $F8 >= G$3), AND($F8<G$3, WORKDAY($F8, 22,Holiday!$A$1:$A$30)>G$3)), 1, 0)+IF(AND((G$3-$B$2)>=0,(G$3-$B$2)<30), 2,0) -> 0 | H8: =IF(OR(AND($F7<=H$3, $F8 >= H$3), AND($F8<H$3, WORKDAY($F8, 22,Holiday!$A$1:$A$30)>H$3)), 1, 0)+IF(AND((H$3-$B$2)>=0,(H$3-$B$2)<30), 2,0) -> 0 | I8: =IF(OR(AND($F7<=I$3, $F8 >= I$3), AND($F8<I$3, WORKDAY($F8, 22,Holiday!$A$1:$A$30)>I$3)), 1, 0)+IF(AND((I$3-$B$2)>=0,(I$3-$B$2)<30), 2,0) -> 1 | J8: =IF(OR(AND($F7<=J$3, $F8 >= J$3), AND($F8<J$3, WORKDAY($F8, 22,Holiday!$A$1:$A$30)>J$3)), 1, 0)+IF(AND((J$3-$B$2)>=0,(J$3-$B$2)<30), 2,0) -> 1 | K8: =IF(OR(AND($F7<=K$3, $F8 >= K$3), AND($F8<K$3, WORKDAY($F8, 22,Holiday!$A$1:$A$30)>K$3)), 1, 0)+IF(AND((K$3-$B$2)>=0,(K$3-$B$2)<30), 2,0) -> 0 | L8: =IF(OR(AND($F7<=L$3, $F8 >= L$3), AND($F8<L$3, WORKDAY($F8, 22,Holiday!$A$1:$A$30)>L$3)), 1, 0)+IF(AND((L$3-$B$2)>=0,(L$3-$B$2)<30), 2,0) -> 0 | M8: =IF(OR(AND($F7<=M$3, $F8 >= M$3), AND($F8<M$3, WORKDAY($F8, 22,Holiday!$A$1:$A$30)>M$3)), 1, 0)+IF(AND((M$3-$B$2)>=0,(M$3-$B$2)<30), 2,0) -> 0 | N8: =IF(OR(AND($F7<=N$3, $F8 >= N$3), AND($F8<N$3, WORKDAY($F8, 22,Holiday!$A$1:$A$30)>N$3)), 1, 0)+IF(AND((N$3-$B$2)>=0,(N$3-$B$2)<30), 2,0) -> 0 | ... AO8: =IF(OR(AND($F7<=AO$3, $F8 >= AO$3), AND($F8<AO$3, WORKDAY($F8, 22,Holiday!$A$1:$A$30)>AO$3)), 1, 0)+IF(AND((AO$3-$B$2)>=0,(AO$3-$B$2)<30), 2,0) -> 0
B9: Admin Tools/ My Reportee | C9: DEV 1 | D9: 10 | E9: =ROUNDUP(D9*(1+$D$2),0) -> 15 | F9: =WORKDAY(F8,E9,Holiday!A5:A34) -> 46157 | G9: =IF(OR(AND($F8<=G$3, $F9 >= G$3), AND($F9<G$3, WORKDAY($F9, 22,Holiday!$A$1:$A$30)>G$3)), 1, 0)+IF(AND((G$3-$B$2)>=0,(G$3-$B$2)<30), 2,0) -> 0 | H9: =IF(OR(AND($F8<=H$3, $F9 >= H$3), AND($F9<H$3, WORKDAY($F9, 22,Holiday!$A$1:$A$30)>H$3)), 1, 0)+IF(AND((H$3-$B$2)>=0,(H$3-$B$2)<30), 2,0) -> 0 | I9: =IF(OR(AND($F8<=I$3, $F9 >= I$3), AND($F9<I$3, WORKDAY($F9, 22,Holiday!$A$1:$A$30)>I$3)), 1, 0)+IF(AND((I$3-$B$2)>=0,(I$3-$B$2)<30), 2,0) -> 0 | J9: =IF(OR(AND($F8<=J$3, $F9 >= J$3), AND($F9<J$3, WORKDAY($F9, 22,Holiday!$A$1:$A$30)>J$3)), 1, 0)+IF(AND((J$3-$B$2)>=0,(J$3-$B$2)<30), 2,0) -> 1 | K9: =IF(OR(AND($F8<=K$3, $F9 >= K$3), AND($F9<K$3, WORKDAY($F9, 22,Holiday!$A$1:$A$30)>K$3)), 1, 0)+IF(AND((K$3-$B$2)>=0,(K$3-$B$2)<30), 2,0) -> 1 | L9: =IF(OR(AND($F8<=L$3, $F9 >= L$3), AND($F9<L$3, WORKDAY($F9, 22,Holiday!$A$1:$A$30)>L$3)), 1, 0)+IF(AND((L$3-$B$2)>=0,(L$3-$B$2)<30), 2,0) -> 0 | M9: =IF(OR(AND($F8<=M$3, $F9 >= M$3), AND($F9<M$3, WORKDAY($F9, 22,Holiday!$A$1:$A$30)>M$3)), 1, 0)+IF(AND((M$3-$B$2)>=0,(M$3-$B$2)<30), 2,0) -> 0 | N9: =IF(OR(AND($F8<=N$3, $F9 >= N$3), AND($F9<N$3, WORKDAY($F9, 22,Holiday!$A$1:$A$30)>N$3)), 1, 0)+IF(AND((N$3-$B$2)>=0,(N$3-$B$2)<30), 2,0) -> 0 | ... AO9: =IF(OR(AND($F8<=AO$3, $F9 >= AO$3), AND($F9<AO$3, WORKDAY($F9, 22,Holiday!$A$1:$A$30)>AO$3)), 1, 0)+IF(AND((AO$3-$B$2)>=0,(AO$3-$B$2)<30), 2,0) -> 0
B10: Admin Tools/ Reset QR code Google Authenticator | C10: DEV 1 | D10: 10 | E10: =ROUNDUP(D10*(1+$D$2),0) -> 15 | F10: =WORKDAY(F9,E10,Holiday!A6:A35) -> 46178 | G10: =IF(OR(AND($F9<=G$3, $F10 >= G$3), AND($F10<G$3, WORKDAY($F10, 22,Holiday!$A$1:$A$30)>G$3)), 1, 0)+IF(AND((G$3-$B$2)>=0,(G$3-$B$2)<30), 2,0) -> 0 | H10: =IF(OR(AND($F9<=H$3, $F10 >= H$3), AND($F10<H$3, WORKDAY($F10, 22,Holiday!$A$1:$A$30)>H$3)), 1, 0)+IF(AND((H$3-$B$2)>=0,(H$3-$B$2)<30), 2,0) -> 0 | I10: =IF(OR(AND($F9<=I$3, $F10 >= I$3), AND($F10<I$3, WORKDAY($F10, 22,Holiday!$A$1:$A$30)>I$3)), 1, 0)+IF(AND((I$3-$B$2)>=0,(I$3-$B$2)<30), 2,0) -> 0 | J10: =IF(OR(AND($F9<=J$3, $F10 >= J$3), AND($F10<J$3, WORKDAY($F10, 22,Holiday!$A$1:$A$30)>J$3)), 1, 0)+IF(AND((J$3-$B$2)>=0,(J$3-$B$2)<30), 2,0) -> 0 | K10: =IF(OR(AND($F9<=K$3, $F10 >= K$3), AND($F10<K$3, WORKDAY($F10, 22,Holiday!$A$1:$A$30)>K$3)), 1, 0)+IF(AND((K$3-$B$2)>=0,(K$3-$B$2)<30), 2,0) -> 1 | L10: =IF(OR(AND($F9<=L$3, $F10 >= L$3), AND($F10<L$3, WORKDAY($F10, 22,Holiday!$A$1:$A$30)>L$3)), 1, 0)+IF(AND((L$3-$B$2)>=0,(L$3-$B$2)<30), 2,0) -> 0 | M10: =IF(OR(AND($F9<=M$3, $F10 >= M$3), AND($F10<M$3, WORKDAY($F10, 22,Holiday!$A$1:$A$30)>M$3)), 1, 0)+IF(AND((M$3-$B$2)>=0,(M$3-$B$2)<30), 2,0) -> 0 | N10: =IF(OR(AND($F9<=N$3, $F10 >= N$3), AND($F10<N$3, WORKDAY($F10, 22,Holiday!$A$1:$A$30)>N$3)), 1, 0)+IF(AND((N$3-$B$2)>=0,(N$3-$B$2)<30), 2,0) -> 0 | ... AO10: =IF(OR(AND($F9<=AO$3, $F10 >= AO$3), AND($F10<AO$3, WORKDAY($F10, 22,Holiday!$A$1:$A$30)>AO$3)), 1, 0)+IF(AND((AO$3-$B$2)>=0,(AO$3-$B$2)<30), 2,0) -> 0
B11: Admin Tools/ Sub Pool Distribution | C11: DEV 1 | D11: 10 | E11: =ROUNDUP(D11*(1+$D$2),0) -> 15 | F11: =WORKDAY(F10,E11,Holiday!A7:A36) -> 46199 | G11: =IF(OR(AND($F10<=G$3, $F11 >= G$3), AND($F11<G$3, WORKDAY($F11, 22,Holiday!$A$1:$A$30)>G$3)), 1, 0)+IF(AND((G$3-$B$2)>=0,(G$3-$B$2)<30), 2,0) -> 0 | H11: =IF(OR(AND($F10<=H$3, $F11 >= H$3), AND($F11<H$3, WORKDAY($F11, 22,Holiday!$A$1:$A$30)>H$3)), 1, 0)+IF(AND((H$3-$B$2)>=0,(H$3-$B$2)<30), 2,0) -> 0 | I11: =IF(OR(AND($F10<=I$3, $F11 >= I$3), AND($F11<I$3, WORKDAY($F11, 22,Holiday!$A$1:$A$30)>I$3)), 1, 0)+IF(AND((I$3-$B$2)>=0,(I$3-$B$2)<30), 2,0) -> 0 | J11: =IF(OR(AND($F10<=J$3, $F11 >= J$3), AND($F11<J$3, WORKDAY($F11, 22,Holiday!$A$1:$A$30)>J$3)), 1, 0)+IF(AND((J$3-$B$2)>=0,(J$3-$B$2)<30), 2,0) -> 0 | K11: =IF(OR(AND($F10<=K$3, $F11 >= K$3), AND($F11<K$3, WORKDAY($F11, 22,Holiday!$A$1:$A$30)>K$3)), 1, 0)+IF(AND((K$3-$B$2)>=0,(K$3-$B$2)<30), 2,0) -> 1 | L11: =IF(OR(AND($F10<=L$3, $F11 >= L$3), AND($F11<L$3, WORKDAY($F11, 22,Holiday!$A$1:$A$30)>L$3)), 1, 0)+IF(AND((L$3-$B$2)>=0,(L$3-$B$2)<30), 2,0) -> 1 | M11: =IF(OR(AND($F10<=M$3, $F11 >= M$3), AND($F11<M$3, WORKDAY($F11, 22,Holiday!$A$1:$A$30)>M$3)), 1, 0)+IF(AND((M$3-$B$2)>=0,(M$3-$B$2)<30), 2,0) -> 0 | N11: =IF(OR(AND($F10<=N$3, $F11 >= N$3), AND($F11<N$3, WORKDAY($F11, 22,Holiday!$A$1:$A$30)>N$3)), 1, 0)+IF(AND((N$3-$B$2)>=0,(N$3-$B$2)<30), 2,0) -> 0 | ... AO11: =IF(OR(AND($F10<=AO$3, $F11 >= AO$3), AND($F11<AO$3, WORKDAY($F11, 22,Holiday!$A$1:$A$30)>AO$3)), 1, 0)+IF(AND((AO$3-$B$2)>=0,(AO$3-$B$2)<30), 2,0) -> 0
B12: Admin Tools/ Summary Report View | C12: DEV 1 | D12: 10 | E12: =ROUNDUP(D12*(1+$D$2),0) -> 15 | F12: =WORKDAY(F11,E12,Holiday!A8:A37) -> 46220 | G12: =IF(OR(AND($F11<=G$3, $F12 >= G$3), AND($F12<G$3, WORKDAY($F12, 22,Holiday!$A$1:$A$30)>G$3)), 1, 0)+IF(AND((G$3-$B$2)>=0,(G$3-$B$2)<30), 2,0) -> 0 | H12: =IF(OR(AND($F11<=H$3, $F12 >= H$3), AND($F12<H$3, WORKDAY($F12, 22,Holiday!$A$1:$A$30)>H$3)), 1, 0)+IF(AND((H$3-$B$2)>=0,(H$3-$B$2)<30), 2,0) -> 0 | I12: =IF(OR(AND($F11<=I$3, $F12 >= I$3), AND($F12<I$3, WORKDAY($F12, 22,Holiday!$A$1:$A$30)>I$3)), 1, 0)+IF(AND((I$3-$B$2)>=0,(I$3-$B$2)<30), 2,0) -> 0 | J12: =IF(OR(AND($F11<=J$3, $F12 >= J$3), AND($F12<J$3, WORKDAY($F12, 22,Holiday!$A$1:$A$30)>J$3)), 1, 0)+IF(AND((J$3-$B$2)>=0,(J$3-$B$2)<30), 2,0) -> 0 | K12: =IF(OR(AND($F11<=K$3, $F12 >= K$3), AND($F12<K$3, WORKDAY($F12, 22,Holiday!$A$1:$A$30)>K$3)), 1, 0)+IF(AND((K$3-$B$2)>=0,(K$3-$B$2)<30), 2,0) -> 0 | L12: =IF(OR(AND($F11<=L$3, $F12 >= L$3), AND($F12<L$3, WORKDAY($F12, 22,Holiday!$A$1:$A$30)>L$3)), 1, 0)+IF(AND((L$3-$B$2)>=0,(L$3-$B$2)<30), 2,0) -> 1 | M12: =IF(OR(AND($F11<=M$3, $F12 >= M$3), AND($F12<M$3, WORKDAY($F12, 22,Holiday!$A$1:$A$30)>M$3)), 1, 0)+IF(AND((M$3-$B$2)>=0,(M$3-$B$2)<30), 2,0) -> 1 | N12: =IF(OR(AND($F11<=N$3, $F12 >= N$3), AND($F12<N$3, WORKDAY($F12, 22,Holiday!$A$1:$A$30)>N$3)), 1, 0)+IF(AND((N$3-$B$2)>=0,(N$3-$B$2)<30), 2,0) -> 0 | ... AO12: =IF(OR(AND($F11<=AO$3, $F12 >= AO$3), AND($F12<AO$3, WORKDAY($F12, 22,Holiday!$A$1:$A$30)>AO$3)), 1, 0)+IF(AND((AO$3-$B$2)>=0,(AO$3-$B$2)<30), 2,0) -> 0
B13: Admin Tools/ Unblock user | C13: DEV 1 | D13: 10 | E13: =ROUNDUP(D13*(1+$D$2),0) -> 15 | F13: =WORKDAY(F12,E13,Holiday!A9:A38) -> 46241 | G13: =IF(OR(AND($F12<=G$3, $F13 >= G$3), AND($F13<G$3, WORKDAY($F13, 22,Holiday!$A$1:$A$30)>G$3)), 1, 0)+IF(AND((G$3-$B$2)>=0,(G$3-$B$2)<30), 2,0) -> 0 | H13: =IF(OR(AND($F12<=H$3, $F13 >= H$3), AND($F13<H$3, WORKDAY($F13, 22,Holiday!$A$1:$A$30)>H$3)), 1, 0)+IF(AND((H$3-$B$2)>=0,(H$3-$B$2)<30), 2,0) -> 0 | I13: =IF(OR(AND($F12<=I$3, $F13 >= I$3), AND($F13<I$3, WORKDAY($F13, 22,Holiday!$A$1:$A$30)>I$3)), 1, 0)+IF(AND((I$3-$B$2)>=0,(I$3-$B$2)<30), 2,0) -> 0 | J13: =IF(OR(AND($F12<=J$3, $F13 >= J$3), AND($F13<J$3, WORKDAY($F13, 22,Holiday!$A$1:$A$30)>J$3)), 1, 0)+IF(AND((J$3-$B$2)>=0,(J$3-$B$2)<30), 2,0) -> 0 | K13: =IF(OR(AND($F12<=K$3, $F13 >= K$3), AND($F13<K$3, WORKDAY($F13, 22,Holiday!$A$1:$A$30)>K$3)), 1, 0)+IF(AND((K$3-$B$2)>=0,(K$3-$B$2)<30), 2,0) -> 0 | L13: =IF(OR(AND($F12<=L$3, $F13 >= L$3), AND($F13<L$3, WORKDAY($F13, 22,Holiday!$A$1:$A$30)>L$3)), 1, 0)+IF(AND((L$3-$B$2)>=0,(L$3-$B$2)<30), 2,0) -> 0 | M13: =IF(OR(AND($F12<=M$3, $F13 >= M$3), AND($F13<M$3, WORKDAY($F13, 22,Holiday!$A$1:$A$30)>M$3)), 1, 0)+IF(AND((M$3-$B$2)>=0,(M$3-$B$2)<30), 2,0) -> 1 | N13: =IF(OR(AND($F12<=N$3, $F13 >= N$3), AND($F13<N$3, WORKDAY($F13, 22,Holiday!$A$1:$A$30)>N$3)), 1, 0)+IF(AND((N$3-$B$2)>=0,(N$3-$B$2)<30), 2,0) -> 0 | ... AO13: =IF(OR(AND($F12<=AO$3, $F13 >= AO$3), AND($F13<AO$3, WORKDAY($F13, 22,Holiday!$A$1:$A$30)>AO$3)), 1, 0)+IF(AND((AO$3-$B$2)>=0,(AO$3-$B$2)<30), 2,0) -> 0
B14: Admin Tools/ Verify New Contact | C14: DEV 1 | D14: 10 | E14: =ROUNDUP(D14*(1+$D$2),0) -> 15 | F14: =WORKDAY(F13,E14,Holiday!A10:A39) -> 46262 | G14: =IF(OR(AND($F13<=G$3, $F14 >= G$3), AND($F14<G$3, WORKDAY($F14, 22,Holiday!$A$1:$A$30)>G$3)), 1, 0)+IF(AND((G$3-$B$2)>=0,(G$3-$B$2)<30), 2,0) -> 0 | H14: =IF(OR(AND($F13<=H$3, $F14 >= H$3), AND($F14<H$3, WORKDAY($F14, 22,Holiday!$A$1:$A$30)>H$3)), 1, 0)+IF(AND((H$3-$B$2)>=0,(H$3-$B$2)<30), 2,0) -> 0 | I14: =IF(OR(AND($F13<=I$3, $F14 >= I$3), AND($F14<I$3, WORKDAY($F14, 22,Holiday!$A$1:$A$30)>I$3)), 1, 0)+IF(AND((I$3-$B$2)>=0,(I$3-$B$2)<30), 2,0) -> 0 | J14: =IF(OR(AND($F13<=J$3, $F14 >= J$3), AND($F14<J$3, WORKDAY($F14, 22,Holiday!$A$1:$A$30)>J$3)), 1, 0)+IF(AND((J$3-$B$2)>=0,(J$3-$B$2)<30), 2,0) -> 0 | K14: =IF(OR(AND($F13<=K$3, $F14 >= K$3), AND($F14<K$3, WORKDAY($F14, 22,Holiday!$A$1:$A$30)>K$3)), 1, 0)+IF(AND((K$3-$B$2)>=0,(K$3-$B$2)<30), 2,0) -> 0 | L14: =IF(OR(AND($F13<=L$3, $F14 >= L$3), AND($F14<L$3, WORKDAY($F14, 22,Holiday!$A$1:$A$30)>L$3)), 1, 0)+IF(AND((L$3-$B$2)>=0,(L$3-$B$2)<30), 2,0) -> 0 | M14: =IF(OR(AND($F13<=M$3, $F14 >= M$3), AND($F14<M$3, WORKDAY($F14, 22,Holiday!$A$1:$A$30)>M$3)), 1, 0)+IF(AND((M$3-$B$2)>=0,(M$3-$B$2)<30), 2,0) -> 1 | N14: =IF(OR(AND($F13<=N$3, $F14 >= N$3), AND($F14<N$3, WORKDAY($F14, 22,Holiday!$A$1:$A$30)>N$3)), 1, 0)+IF(AND((N$3-$B$2)>=0,(N$3-$B$2)<30), 2,0) -> 1 | ... AO14: =IF(OR(AND($F13<=AO$3, $F14 >= AO$3), AND($F14<AO$3, WORKDAY($F14, 22,Holiday!$A$1:$A$30)>AO$3)), 1, 0)+IF(AND((AO$3-$B$2)>=0,(AO$3-$B$2)<30), 2,0) -> 0
B15: Admin Tools/ Verify Phone List | C15: DEV 1 | D15: 10 | E15: =ROUNDUP(D15*(1+$D$2),0) -> 15 | F15: =WORKDAY(F14,E15,Holiday!A11:A40) -> 46283 | G15: =IF(OR(AND($F14<=G$3, $F15 >= G$3), AND($F15<G$3, WORKDAY($F15, 22,Holiday!$A$1:$A$30)>G$3)), 1, 0)+IF(AND((G$3-$B$2)>=0,(G$3-$B$2)<30), 2,0) -> 0 | H15: =IF(OR(AND($F14<=H$3, $F15 >= H$3), AND($F15<H$3, WORKDAY($F15, 22,Holiday!$A$1:$A$30)>H$3)), 1, 0)+IF(AND((H$3-$B$2)>=0,(H$3-$B$2)<30), 2,0) -> 0 | I15: =IF(OR(AND($F14<=I$3, $F15 >= I$3), AND($F15<I$3, WORKDAY($F15, 22,Holiday!$A$1:$A$30)>I$3)), 1, 0)+IF(AND((I$3-$B$2)>=0,(I$3-$B$2)<30), 2,0) -> 0 | J15: =IF(OR(AND($F14<=J$3, $F15 >= J$3), AND($F15<J$3, WORKDAY($F15, 22,Holiday!$A$1:$A$30)>J$3)), 1, 0)+IF(AND((J$3-$B$2)>=0,(J$3-$B$2)<30), 2,0) -> 0 | K15: =IF(OR(AND($F14<=K$3, $F15 >= K$3), AND($F15<K$3, WORKDAY($F15, 22,Holiday!$A$1:$A$30)>K$3)), 1, 0)+IF(AND((K$3-$B$2)>=0,(K$3-$B$2)<30), 2,0) -> 0 | L15: =IF(OR(AND($F14<=L$3, $F15 >= L$3), AND($F15<L$3, WORKDAY($F15, 22,Holiday!$A$1:$A$30)>L$3)), 1, 0)+IF(AND((L$3-$B$2)>=0,(L$3-$B$2)<30), 2,0) -> 0 | M15: =IF(OR(AND($F14<=M$3, $F15 >= M$3), AND($F15<M$3, WORKDAY($F15, 22,Holiday!$A$1:$A$30)>M$3)), 1, 0)+IF(AND((M$3-$B$2)>=0,(M$3-$B$2)<30), 2,0) -> 0 | N15: =IF(OR(AND($F14<=N$3, $F15 >= N$3), AND($F15<N$3, WORKDAY($F15, 22,Holiday!$A$1:$A$30)>N$3)), 1, 0)+IF(AND((N$3-$B$2)>=0,(N$3-$B$2)<30), 2,0) -> 1 | ... AO15: =IF(OR(AND($F14<=AO$3, $F15 >= AO$3), AND($F15<AO$3, WORKDAY($F15, 22,Holiday!$A$1:$A$30)>AO$3)), 1, 0)+IF(AND((AO$3-$B$2)>=0,(AO$3-$B$2)<30), 2,0) -> 0
B16: Admin Tools/Invalidate Follow-up trail | C16: DEV 1 | D16: 10 | E16: =ROUNDUP(D16*(1+$D$2),0) -> 15 | F16: =WORKDAY(F15,E16,Holiday!A12:A41) -> 46304 | G16: =IF(OR(AND($F15<=G$3, $F16 >= G$3), AND($F16<G$3, WORKDAY($F16, 22,Holiday!$A$1:$A$30)>G$3)), 1, 0)+IF(AND((G$3-$B$2)>=0,(G$3-$B$2)<30), 2,0) -> 0 | H16: =IF(OR(AND($F15<=H$3, $F16 >= H$3), AND($F16<H$3, WORKDAY($F16, 22,Holiday!$A$1:$A$30)>H$3)), 1, 0)+IF(AND((H$3-$B$2)>=0,(H$3-$B$2)<30), 2,0) -> 0 | I16: =IF(OR(AND($F15<=I$3, $F16 >= I$3), AND($F16<I$3, WORKDAY($F16, 22,Holiday!$A$1:$A$30)>I$3)), 1, 0)+IF(AND((I$3-$B$2)>=0,(I$3-$B$2)<30), 2,0) -> 0 | J16: =IF(OR(AND($F15<=J$3, $F16 >= J$3), AND($F16<J$3, WORKDAY($F16, 22,Holiday!$A$1:$A$30)>J$3)), 1, 0)+IF(AND((J$3-$B$2)>=0,(J$3-$B$2)<30), 2,0) -> 0 | K16: =IF(OR(AND($F15<=K$3, $F16 >= K$3), AND($F16<K$3, WORKDAY($F16, 22,Holiday!$A$1:$A$30)>K$3)), 1, 0)+IF(AND((K$3-$B$2)>=0,(K$3-$B$2)<30), 2,0) -> 0 | L16: =IF(OR(AND($F15<=L$3, $F16 >= L$3), AND($F16<L$3, WORKDAY($F16, 22,Holiday!$A$1:$A$30)>L$3)), 1, 0)+IF(AND((L$3-$B$2)>=0,(L$3-$B$2)<30), 2,0) -> 0 | M16: =IF(OR(AND($F15<=M$3, $F16 >= M$3), AND($F16<M$3, WORKDAY($F16, 22,Holiday!$A$1:$A$30)>M$3)), 1, 0)+IF(AND((M$3-$B$2)>=0,(M$3-$B$2)<30), 2,0) -> 0 | N16: =IF(OR(AND($F15<=N$3, $F16 >= N$3), AND($F16<N$3, WORKDAY($F16, 22,Holiday!$A$1:$A$30)>N$3)), 1, 0)+IF(AND((N$3-$B$2)>=0,(N$3-$B$2)<30), 2,0) -> 0 | ... AO16: =IF(OR(AND($F15<=AO$3, $F16 >= AO$3), AND($F16<AO$3, WORKDAY($F16, 22,Holiday!$A$1:$A$30)>AO$3)), 1, 0)+IF(AND((AO$3-$B$2)>=0,(AO$3-$B$2)<30), 2,0) -> 0
... B18: Correspondance | C18: DEV 1 | D18: 10 | E18: =ROUNDUP(D18*(1+$D$2),0) -> 15 | F18: =WORKDAY(F17,E18,Holiday!A14:A43) -> 46346 | G18: =IF(OR(AND($F17<=G$3, $F18 >= G$3), AND($F18<G$3, WORKDAY($F18, 22,Holiday!$A$1:$A$30)>G$3)), 1, 0)+IF(AND((G$3-$B$2)>=0,(G$3-$B$2)<30), 2,0) -> 0 | H18: =IF(OR(AND($F17<=H$3, $F18 >= H$3), AND($F18<H$3, WORKDAY($F18, 22,Holiday!$A$1:$A$30)>H$3)), 1, 0)+IF(AND((H$3-$B$2)>=0,(H$3-$B$2)<30), 2,0) -> 0 | I18: =IF(OR(AND($F17<=I$3, $F18 >= I$3), AND($F18<I$3, WORKDAY($F18, 22,Holiday!$A$1:$A$30)>I$3)), 1, 0)+IF(AND((I$3-$B$2)>=0,(I$3-$B$2)<30), 2,0) -> 0 | J18: =IF(OR(AND($F17<=J$3, $F18 >= J$3), AND($F18<J$3, WORKDAY($F18, 22,Holiday!$A$1:$A$30)>J$3)), 1, 0)+IF(AND((J$3-$B$2)>=0,(J$3-$B$2)<30), 2,0) -> 0 | K18: =IF(OR(AND($F17<=K$3, $F18 >= K$3), AND($F18<K$3, WORKDAY($F18, 22,Holiday!$A$1:$A$30)>K$3)), 1, 0)+IF(AND((K$3-$B$2)>=0,(K$3-$B$2)<30), 2,0) -> 0 | L18: =IF(OR(AND($F17<=L$3, $F18 >= L$3), AND($F18<L$3, WORKDAY($F18, 22,Holiday!$A$1:$A$30)>L$3)), 1, 0)+IF(AND((L$3-$B$2)>=0,(L$3-$B$2)<30), 2,0) -> 0 | M18: =IF(OR(AND($F17<=M$3, $F18 >= M$3), AND($F18<M$3, WORKDAY($F18, 22,Holiday!$A$1:$A$30)>M$3)), 1, 0)+IF(AND((M$3-$B$2)>=0,(M$3-$B$2)<30), 2,0) -> 0 | N18: =IF(OR(AND($F17<=N$3, $F18 >= N$3), AND($F18<N$3, WORKDAY($F18, 22,Holiday!$A$1:$A$30)>N$3)), 1, 0)+IF(AND((N$3-$B$2)>=0,(N$3-$B$2)<30), 2,0) -> 0 | ... AO18: =IF(OR(AND($F17<=AO$3, $F18 >= AO$3), AND($F18<AO$3, WORKDAY($F18, 22,Holiday!$A$1:$A$30)>AO$3)), 1, 0)+IF(AND((AO$3-$B$2)>=0,(AO$3-$B$2)<30), 2,0) -> 0
B19: Data Table / Bulk FollowUp Data | C19: DEV 2 | D19: 5 | E19: =ROUNDUP(D19*(1+$D$2),0) -> 8 | F19: =WORKDAY(F4,E19,Holiday!A15:A44) -> 46063 | G19: =IF(OR(AND($F18<=G$3, $F19 >= G$3), AND($F19<G$3, WORKDAY($F19, 22,Holiday!$A$1:$A$30)>G$3)), 1, 0)+IF(AND((G$3-$B$2)>=0,(G$3-$B$2)<30), 2,0) -> 0 | H19: =IF(OR(AND($F18<=H$3, $F19 >= H$3), AND($F19<H$3, WORKDAY($F19, 22,Holiday!$A$1:$A$30)>H$3)), 1, 0)+IF(AND((H$3-$B$2)>=0,(H$3-$B$2)<30), 2,0) -> 1 | I19: =IF(OR(AND($F18<=I$3, $F19 >= I$3), AND($F19<I$3, WORKDAY($F19, 22,Holiday!$A$1:$A$30)>I$3)), 1, 0)+IF(AND((I$3-$B$2)>=0,(I$3-$B$2)<30), 2,0) -> 0 | J19: =IF(OR(AND($F18<=J$3, $F19 >= J$3), AND($F19<J$3, WORKDAY($F19, 22,Holiday!$A$1:$A$30)>J$3)), 1, 0)+IF(AND((J$3-$B$2)>=0,(J$3-$B$2)<30), 2,0) -> 0 | K19: =IF(OR(AND($F18<=K$3, $F19 >= K$3), AND($F19<K$3, WORKDAY($F19, 22,Holiday!$A$1:$A$30)>K$3)), 1, 0)+IF(AND((K$3-$B$2)>=0,(K$3-$B$2)<30), 2,0) -> 0 | L19: =IF(OR(AND($F18<=L$3, $F19 >= L$3), AND($F19<L$3, WORKDAY($F19, 22,Holiday!$A$1:$A$30)>L$3)), 1, 0)+IF(AND((L$3-$B$2)>=0,(L$3-$B$2)<30), 2,0) -> 0 | M19: =IF(OR(AND($F18<=M$3, $F19 >= M$3), AND($F19<M$3, WORKDAY($F19, 22,Holiday!$A$1:$A$30)>M$3)), 1, 0)+IF(AND((M$3-$B$2)>=0,(M$3-$B$2)<30), 2,0) -> 0 | N19: =IF(OR(AND($F18<=N$3, $F19 >= N$3), AND($F19<N$3, WORKDAY($F19, 22,Holiday!$A$1:$A$30)>N$3)), 1, 0)+IF(AND((N$3-$B$2)>=0,(N$3-$B$2)<30), 2,0) -> 0 | ... AO19: =IF(OR(AND($F18<=AO$3, $F19 >= AO$3), AND($F19<AO$3, WORKDAY($F19, 22,Holiday!$A$1:$A$30)>AO$3)), 1, 0)+IF(AND((AO$3-$B$2)>=0,(AO$3-$B$2)<30), 2,0) -> 0
B20: Data Table/ BlackListPhoneNos | C20: DEV 2 | D20: 5 | E20: =ROUNDUP(D20*(1+$D$2),0) -> 8 | F20: =WORKDAY(F19,E20,Holiday!A16:A45) -> 46073 | G20: =IF(OR(AND($F19<=G$3, $F20 >= G$3), AND($F20<G$3, WORKDAY($F20, 22,Holiday!$A$1:$A$30)>G$3)), 1, 0)+IF(AND((G$3-$B$2)>=0,(G$3-$B$2)<30), 2,0) -> 0 | H20: =IF(OR(AND($F19<=H$3, $F20 >= H$3), AND($F20<H$3, WORKDAY($F20, 22,Holiday!$A$1:$A$30)>H$3)), 1, 0)+IF(AND((H$3-$B$2)>=0,(H$3-$B$2)<30), 2,0) -> 1 | I20: =IF(OR(AND($F19<=I$3, $F20 >= I$3), AND($F20<I$3, WORKDAY($F20, 22,Holiday!$A$1:$A$30)>I$3)), 1, 0)+IF(AND((I$3-$B$2)>=0,(I$3-$B$2)<30), 2,0) -> 0 | J20: =IF(OR(AND($F19<=J$3, $F20 >= J$3), AND($F20<J$3, WORKDAY($F20, 22,Holiday!$A$1:$A$30)>J$3)), 1, 0)+IF(AND((J$3-$B$2)>=0,(J$3-$B$2)<30), 2,0) -> 0 | K20: =IF(OR(AND($F19<=K$3, $F20 >= K$3), AND($F20<K$3, WORKDAY($F20, 22,Holiday!$A$1:$A$30)>K$3)), 1, 0)+IF(AND((K$3-$B$2)>=0,(K$3-$B$2)<30), 2,0) -> 0 | L20: =IF(OR(AND($F19<=L$3, $F20 >= L$3), AND($F20<L$3, WORKDAY($F20, 22,Holiday!$A$1:$A$30)>L$3)), 1, 0)+IF(AND((L$3-$B$2)>=0,(L$3-$B$2)<30), 2,0) -> 0 | M20: =IF(OR(AND($F19<=M$3, $F20 >= M$3), AND($F20<M$3, WORKDAY($F20, 22,Holiday!$A$1:$A$30)>M$3)), 1, 0)+IF(AND((M$3-$B$2)>=0,(M$3-$B$2)<30), 2,0) -> 0 | N20: =IF(OR(AND($F19<=N$3, $F20 >= N$3), AND($F20<N$3, WORKDAY($F20, 22,Holiday!$A$1:$A$30)>N$3)), 1, 0)+IF(AND((N$3-$B$2)>=0,(N$3-$B$2)<30), 2,0) -> 0 | ... AO20: =IF(OR(AND($F19<=AO$3, $F20 >= AO$3), AND($F20<AO$3, WORKDAY($F20, 22,Holiday!$A$1:$A$30)>AO$3)), 1, 0)+IF(AND((AO$3-$B$2)>=0,(AO$3-$B$2)<30), 2,0) -> 0
B21: Data Table/ Bulk Transfer | C21: DEV 2 | D21: 5 | E21: =ROUNDUP(D21*(1+$D$2),0) -> 8 | F21: =WORKDAY(F20,E21,Holiday!A17:A46) -> 46085 | G21: =IF(OR(AND($F20<=G$3, $F21 >= G$3), AND($F21<G$3, WORKDAY($F21, 22,Holiday!$A$1:$A$30)>G$3)), 1, 0)+IF(AND((G$3-$B$2)>=0,(G$3-$B$2)<30), 2,0) -> 0 | H21: =IF(OR(AND($F20<=H$3, $F21 >= H$3), AND($F21<H$3, WORKDAY($F21, 22,Holiday!$A$1:$A$30)>H$3)), 1, 0)+IF(AND((H$3-$B$2)>=0,(H$3-$B$2)<30), 2,0) -> 1 | I21: =IF(OR(AND($F20<=I$3, $F21 >= I$3), AND($F21<I$3, WORKDAY($F21, 22,Holiday!$A$1:$A$30)>I$3)), 1, 0)+IF(AND((I$3-$B$2)>=0,(I$3-$B$2)<30), 2,0) -> 0 | J21: =IF(OR(AND($F20<=J$3, $F21 >= J$3), AND($F21<J$3, WORKDAY($F21, 22,Holiday!$A$1:$A$30)>J$3)), 1, 0)+IF(AND((J$3-$B$2)>=0,(J$3-$B$2)<30), 2,0) -> 0 | K21: =IF(OR(AND($F20<=K$3, $F21 >= K$3), AND($F21<K$3, WORKDAY($F21, 22,Holiday!$A$1:$A$30)>K$3)), 1, 0)+IF(AND((K$3-$B$2)>=0,(K$3-$B$2)<30), 2,0) -> 0 | L21: =IF(OR(AND($F20<=L$3, $F21 >= L$3), AND($F21<L$3, WORKDAY($F21, 22,Holiday!$A$1:$A$30)>L$3)), 1, 0)+IF(AND((L$3-$B$2)>=0,(L$3-$B$2)<30), 2,0) -> 0 | M21: =IF(OR(AND($F20<=M$3, $F21 >= M$3), AND($F21<M$3, WORKDAY($F21, 22,Holiday!$A$1:$A$30)>M$3)), 1, 0)+IF(AND((M$3-$B$2)>=0,(M$3-$B$2)<30), 2,0) -> 0 | N21: =IF(OR(AND($F20<=N$3, $F21 >= N$3), AND($F21<N$3, WORKDAY($F21, 22,Holiday!$A$1:$A$30)>N$3)), 1, 0)+IF(AND((N$3-$B$2)>=0,(N$3-$B$2)<30), 2,0) -> 0 | ... AO21: =IF(OR(AND($F20<=AO$3, $F21 >= AO$3), AND($F21<AO$3, WORKDAY($F21, 22,Holiday!$A$1:$A$30)>AO$3)), 1, 0)+IF(AND((AO$3-$B$2)>=0,(AO$3-$B$2)<30), 2,0) -> 0
B22: Data Table/ Bulk Upload New Phone numbers | C22: DEV 2 | D22: 5 | E22: =ROUNDUP(D22*(1+$D$2),0) -> 8 | F22: =WORKDAY(F21,E22,Holiday!A18:A47) -> 46097 | G22: =IF(OR(AND($F21<=G$3, $F22 >= G$3), AND($F22<G$3, WORKDAY($F22, 22,Holiday!$A$1:$A$30)>G$3)), 1, 0)+IF(AND((G$3-$B$2)>=0,(G$3-$B$2)<30), 2,0) -> 0 | H22: =IF(OR(AND($F21<=H$3, $F22 >= H$3), AND($F22<H$3, WORKDAY($F22, 22,Holiday!$A$1:$A$30)>H$3)), 1, 0)+IF(AND((H$3-$B$2)>=0,(H$3-$B$2)<30), 2,0) -> 1 | I22: =IF(OR(AND($F21<=I$3, $F22 >= I$3), AND($F22<I$3, WORKDAY($F22, 22,Holiday!$A$1:$A$30)>I$3)), 1, 0)+IF(AND((I$3-$B$2)>=0,(I$3-$B$2)<30), 2,0) -> 1 | J22: =IF(OR(AND($F21<=J$3, $F22 >= J$3), AND($F22<J$3, WORKDAY($F22, 22,Holiday!$A$1:$A$30)>J$3)), 1, 0)+IF(AND((J$3-$B$2)>=0,(J$3-$B$2)<30), 2,0) -> 0 | K22: =IF(OR(AND($F21<=K$3, $F22 >= K$3), AND($F22<K$3, WORKDAY($F22, 22,Holiday!$A$1:$A$30)>K$3)), 1, 0)+IF(AND((K$3-$B$2)>=0,(K$3-$B$2)<30), 2,0) -> 0 | L22: =IF(OR(AND($F21<=L$3, $F22 >= L$3), AND($F22<L$3, WORKDAY($F22, 22,Holiday!$A$1:$A$30)>L$3)), 1, 0)+IF(AND((L$3-$B$2)>=0,(L$3-$B$2)<30), 2,0) -> 0 | M22: =IF(OR(AND($F21<=M$3, $F22 >= M$3), AND($F22<M$3, WORKDAY($F22, 22,Holiday!$A$1:$A$30)>M$3)), 1, 0)+IF(AND((M$3-$B$2)>=0,(M$3-$B$2)<30), 2,0) -> 0 | N22: =IF(OR(AND($F21<=N$3, $F22 >= N$3), AND($F22<N$3, WORKDAY($F22, 22,Holiday!$A$1:$A$30)>N$3)), 1, 0)+IF(AND((N$3-$B$2)>=0,(N$3-$B$2)<30), 2,0) -> 0 | ... AO22: =IF(OR(AND($F21<=AO$3, $F22 >= AO$3), AND($F22<AO$3, WORKDAY($F22, 22,Holiday!$A$1:$A$30)>AO$3)), 1, 0)+IF(AND((AO$3-$B$2)>=0,(AO$3-$B$2)<30), 2,0) -> 0
B23: Data Table/ Deliquency code | C23: DEV 2 | D23: 5 | E23: =ROUNDUP(D23*(1+$D$2),0) -> 8 | F23: =WORKDAY(F22,E23,Holiday!A19:A48) -> 46107 | G23: =IF(OR(AND($F22<=G$3, $F23 >= G$3), AND($F23<G$3, WORKDAY($F23, 22,Holiday!$A$1:$A$30)>G$3)), 1, 0)+IF(AND((G$3-$B$2)>=0,(G$3-$B$2)<30), 2,0) -> 0 | H23: =IF(OR(AND($F22<=H$3, $F23 >= H$3), AND($F23<H$3, WORKDAY($F23, 22,Holiday!$A$1:$A$30)>H$3)), 1, 0)+IF(AND((H$3-$B$2)>=0,(H$3-$B$2)<30), 2,0) -> 0 | I23: =IF(OR(AND($F22<=I$3, $F23 >= I$3), AND($F23<I$3, WORKDAY($F23, 22,Holiday!$A$1:$A$30)>I$3)), 1, 0)+IF(AND((I$3-$B$2)>=0,(I$3-$B$2)<30), 2,0) -> 1 | J23: =IF(OR(AND($F22<=J$3, $F23 >= J$3), AND($F23<J$3, WORKDAY($F23, 22,Holiday!$A$1:$A$30)>J$3)), 1, 0)+IF(AND((J$3-$B$2)>=0,(J$3-$B$2)<30), 2,0) -> 0 | K23: =IF(OR(AND($F22<=K$3, $F23 >= K$3), AND($F23<K$3, WORKDAY($F23, 22,Holiday!$A$1:$A$30)>K$3)), 1, 0)+IF(AND((K$3-$B$2)>=0,(K$3-$B$2)<30), 2,0) -> 0 | L23: =IF(OR(AND($F22<=L$3, $F23 >= L$3), AND($F23<L$3, WORKDAY($F23, 22,Holiday!$A$1:$A$30)>L$3)), 1, 0)+IF(AND((L$3-$B$2)>=0,(L$3-$B$2)<30), 2,0) -> 0 | M23: =IF(OR(AND($F22<=M$3, $F23 >= M$3), AND($F23<M$3, WORKDAY($F23, 22,Holiday!$A$1:$A$30)>M$3)), 1, 0)+IF(AND((M$3-$B$2)>=0,(M$3-$B$2)<30), 2,0) -> 0 | N23: =IF(OR(AND($F22<=N$3, $F23 >= N$3), AND($F23<N$3, WORKDAY($F23, 22,Holiday!$A$1:$A$30)>N$3)), 1, 0)+IF(AND((N$3-$B$2)>=0,(N$3-$B$2)<30), 2,0) -> 0 | ... AO23: =IF(OR(AND($F22<=AO$3, $F23 >= AO$3), AND($F23<AO$3, WORKDAY($F23, 22,Holiday!$A$1:$A$30)>AO$3)), 1, 0)+IF(AND((AO$3-$B$2)>=0,(AO$3-$B$2)<30), 2,0) -> 0
B24: Data table/ Distribution Capacity | C24: DEV 2 | D24: 5 | E24: =ROUNDUP(D24*(1+$D$2),0) -> 8 | F24: =WORKDAY(F23,E24,Holiday!A20:A49) -> 46119 | G24: =IF(OR(AND($F23<=G$3, $F24 >= G$3), AND($F24<G$3, WORKDAY($F24, 22,Holiday!$A$1:$A$30)>G$3)), 1, 0)+IF(AND((G$3-$B$2)>=0,(G$3-$B$2)<30), 2,0) -> 0 | H24: =IF(OR(AND($F23<=H$3, $F24 >= H$3), AND($F24<H$3, WORKDAY($F24, 22,Holiday!$A$1:$A$30)>H$3)), 1, 0)+IF(AND((H$3-$B$2)>=0,(H$3-$B$2)<30), 2,0) -> 0 | I24: =IF(OR(AND($F23<=I$3, $F24 >= I$3), AND($F24<I$3, WORKDAY($F24, 22,Holiday!$A$1:$A$30)>I$3)), 1, 0)+IF(AND((I$3-$B$2)>=0,(I$3-$B$2)<30), 2,0) -> 1 | J24: =IF(OR(AND($F23<=J$3, $F24 >= J$3), AND($F24<J$3, WORKDAY($F24, 22,Holiday!$A$1:$A$30)>J$3)), 1, 0)+IF(AND((J$3-$B$2)>=0,(J$3-$B$2)<30), 2,0) -> 1 | K24: =IF(OR(AND($F23<=K$3, $F24 >= K$3), AND($F24<K$3, WORKDAY($F24, 22,Holiday!$A$1:$A$30)>K$3)), 1, 0)+IF(AND((K$3-$B$2)>=0,(K$3-$B$2)<30), 2,0) -> 0 | L24: =IF(OR(AND($F23<=L$3, $F24 >= L$3), AND($F24<L$3, WORKDAY($F24, 22,Holiday!$A$1:$A$30)>L$3)), 1, 0)+IF(AND((L$3-$B$2)>=0,(L$3-$B$2)<30), 2,0) -> 0 | M24: =IF(OR(AND($F23<=M$3, $F24 >= M$3), AND($F24<M$3, WORKDAY($F24, 22,Holiday!$A$1:$A$30)>M$3)), 1, 0)+IF(AND((M$3-$B$2)>=0,(M$3-$B$2)<30), 2,0) -> 0 | N24: =IF(OR(AND($F23<=N$3, $F24 >= N$3), AND($F24<N$3, WORKDAY($F24, 22,Holiday!$A$1:$A$30)>N$3)), 1, 0)+IF(AND((N$3-$B$2)>=0,(N$3-$B$2)<30), 2,0) -> 0 | ... AO24: =IF(OR(AND($F23<=AO$3, $F24 >= AO$3), AND($F24<AO$3, WORKDAY($F24, 22,Holiday!$A$1:$A$30)>AO$3)), 1, 0)+IF(AND((AO$3-$B$2)>=0,(AO$3-$B$2)<30), 2,0) -> 0
B25: Data Table/ Eligible Deferred List | C25: DEV 2 | D25: 5 | E25: =ROUNDUP(D25*(1+$D$2),0) -> 8 | F25: =WORKDAY(F24,E25,Holiday!A21:A50) -> 46129 | G25: =IF(OR(AND($F24<=G$3, $F25 >= G$3), AND($F25<G$3, WORKDAY($F25, 22,Holiday!$A$1:$A$30)>G$3)), 1, 0)+IF(AND((G$3-$B$2)>=0,(G$3-$B$2)<30), 2,0) -> 0 | H25: =IF(OR(AND($F24<=H$3, $F25 >= H$3), AND($F25<H$3, WORKDAY($F25, 22,Holiday!$A$1:$A$30)>H$3)), 1, 0)+IF(AND((H$3-$B$2)>=0,(H$3-$B$2)<30), 2,0) -> 0 | I25: =IF(OR(AND($F24<=I$3, $F25 >= I$3), AND($F25<I$3, WORKDAY($F25, 22,Holiday!$A$1:$A$30)>I$3)), 1, 0)+IF(AND((I$3-$B$2)>=0,(I$3-$B$2)<30), 2,0) -> 0 | J25: =IF(OR(AND($F24<=J$3, $F25 >= J$3), AND($F25<J$3, WORKDAY($F25, 22,Holiday!$A$1:$A$30)>J$3)), 1, 0)+IF(AND((J$3-$B$2)>=0,(J$3-$B$2)<30), 2,0) -> 1 | K25: =IF(OR(AND($F24<=K$3, $F25 >= K$3), AND($F25<K$3, WORKDAY($F25, 22,Holiday!$A$1:$A$30)>K$3)), 1, 0)+IF(AND((K$3-$B$2)>=0,(K$3-$B$2)<30), 2,0) -> 0 | L25: =IF(OR(AND($F24<=L$3, $F25 >= L$3), AND($F25<L$3, WORKDAY($F25, 22,Holiday!$A$1:$A$30)>L$3)), 1, 0)+IF(AND((L$3-$B$2)>=0,(L$3-$B$2)<30), 2,0) -> 0 | M25: =IF(OR(AND($F24<=M$3, $F25 >= M$3), AND($F25<M$3, WORKDAY($F25, 22,Holiday!$A$1:$A$30)>M$3)), 1, 0)+IF(AND((M$3-$B$2)>=0,(M$3-$B$2)<30), 2,0) -> 0 | N25: =IF(OR(AND($F24<=N$3, $F25 >= N$3), AND($F25<N$3, WORKDAY($F25, 22,Holiday!$A$1:$A$30)>N$3)), 1, 0)+IF(AND((N$3-$B$2)>=0,(N$3-$B$2)<30), 2,0) -> 0 | ... AO25: =IF(OR(AND($F24<=AO$3, $F25 >= AO$3), AND($F25<AO$3, WORKDAY($F25, 22,Holiday!$A$1:$A$30)>AO$3)), 1, 0)+IF(AND((AO$3-$B$2)>=0,(AO$3-$B$2)<30), 2,0) -> 0
B26: Data Table/ FC Profile Details | C26: DEV 2 | D26: 5 | E26: =ROUNDUP(D26*(1+$D$2),0) -> 8 | F26: =WORKDAY(F25,E26,Holiday!A22:A51) -> 46141 | G26: =IF(OR(AND($F25<=G$3, $F26 >= G$3), AND($F26<G$3, WORKDAY($F26, 22,Holiday!$A$1:$A$30)>G$3)), 1, 0)+IF(AND((G$3-$B$2)>=0,(G$3-$B$2)<30), 2,0) -> 0 | H26: =IF(OR(AND($F25<=H$3, $F26 >= H$3), AND($F26<H$3, WORKDAY($F26, 22,Holiday!$A$1:$A$30)>H$3)), 1, 0)+IF(AND((H$3-$B$2)>=0,(H$3-$B$2)<30), 2,0) -> 0 | I26: =IF(OR(AND($F25<=I$3, $F26 >= I$3), AND($F26<I$3, WORKDAY($F26, 22,Holiday!$A$1:$A$30)>I$3)), 1, 0)+IF(AND((I$3-$B$2)>=0,(I$3-$B$2)<30), 2,0) -> 0 | J26: =IF(OR(AND($F25<=J$3, $F26 >= J$3), AND($F26<J$3, WORKDAY($F26, 22,Holiday!$A$1:$A$30)>J$3)), 1, 0)+IF(AND((J$3-$B$2)>=0,(J$3-$B$2)<30), 2,0) -> 1 | K26: =IF(OR(AND($F25<=K$3, $F26 >= K$3), AND($F26<K$3, WORKDAY($F26, 22,Holiday!$A$1:$A$30)>K$3)), 1, 0)+IF(AND((K$3-$B$2)>=0,(K$3-$B$2)<30), 2,0) -> 0 | L26: =IF(OR(AND($F25<=L$3, $F26 >= L$3), AND($F26<L$3, WORKDAY($F26, 22,Holiday!$A$1:$A$30)>L$3)), 1, 0)+IF(AND((L$3-$B$2)>=0,(L$3-$B$2)<30), 2,0) -> 0 | M26: =IF(OR(AND($F25<=M$3, $F26 >= M$3), AND($F26<M$3, WORKDAY($F26, 22,Holiday!$A$1:$A$30)>M$3)), 1, 0)+IF(AND((M$3-$B$2)>=0,(M$3-$B$2)<30), 2,0) -> 0 | N26: =IF(OR(AND($F25<=N$3, $F26 >= N$3), AND($F26<N$3, WORKDAY($F26, 22,Holiday!$A$1:$A$30)>N$3)), 1, 0)+IF(AND((N$3-$B$2)>=0,(N$3-$B$2)<30), 2,0) -> 0 | ... AO26: =IF(OR(AND($F25<=AO$3, $F26 >= AO$3), AND($F26<AO$3, WORKDAY($F26, 22,Holiday!$A$1:$A$30)>AO$3)), 1, 0)+IF(AND((AO$3-$B$2)>=0,(AO$3-$B$2)<30), 2,0) -> 0
B27: Data Table/ Intraday Callback Configuration | C27: DEV 2 | D27: 5 | E27: =ROUNDUP(D27*(1+$D$2),0) -> 8 | F27: =WORKDAY(F26,E27,Holiday!A23:A52) -> 46153 | G27: =IF(OR(AND($F26<=G$3, $F27 >= G$3), AND($F27<G$3, WORKDAY($F27, 22,Holiday!$A$1:$A$30)>G$3)), 1, 0)+IF(AND((G$3-$B$2)>=0,(G$3-$B$2)<30), 2,0) -> 0 | H27: =IF(OR(AND($F26<=H$3, $F27 >= H$3), AND($F27<H$3, WORKDAY($F27, 22,Holiday!$A$1:$A$30)>H$3)), 1, 0)+IF(AND((H$3-$B$2)>=0,(H$3-$B$2)<30), 2,0) -> 0 | I27: =IF(OR(AND($F26<=I$3, $F27 >= I$3), AND($F27<I$3, WORKDAY($F27, 22,Holiday!$A$1:$A$30)>I$3)), 1, 0)+IF(AND((I$3-$B$2)>=0,(I$3-$B$2)<30), 2,0) -> 0 | J27: =IF(OR(AND($F26<=J$3, $F27 >= J$3), AND($F27<J$3, WORKDAY($F27, 22,Holiday!$A$1:$A$30)>J$3)), 1, 0)+IF(AND((J$3-$B$2)>=0,(J$3-$B$2)<30), 2,0) -> 1 | K27: =IF(OR(AND($F26<=K$3, $F27 >= K$3), AND($F27<K$3, WORKDAY($F27, 22,Holiday!$A$1:$A$30)>K$3)), 1, 0)+IF(AND((K$3-$B$2)>=0,(K$3-$B$2)<30), 2,0) -> 1 | L27: =IF(OR(AND($F26<=L$3, $F27 >= L$3), AND($F27<L$3, WORKDAY($F27, 22,Holiday!$A$1:$A$30)>L$3)), 1, 0)+IF(AND((L$3-$B$2)>=0,(L$3-$B$2)<30), 2,0) -> 0 | M27: =IF(OR(AND($F26<=M$3, $F27 >= M$3), AND($F27<M$3, WORKDAY($F27, 22,Holiday!$A$1:$A$30)>M$3)), 1, 0)+IF(AND((M$3-$B$2)>=0,(M$3-$B$2)<30), 2,0) -> 0 | N27: =IF(OR(AND($F26<=N$3, $F27 >= N$3), AND($F27<N$3, WORKDAY($F27, 22,Holiday!$A$1:$A$30)>N$3)), 1, 0)+IF(AND((N$3-$B$2)>=0,(N$3-$B$2)<30), 2,0) -> 0 | ... AO27: =IF(OR(AND($F26<=AO$3, $F27 >= AO$3), AND($F27<AO$3, WORKDAY($F27, 22,Holiday!$A$1:$A$30)>AO$3)), 1, 0)+IF(AND((AO$3-$B$2)>=0,(AO$3-$B$2)<30), 2,0) -> 0
B28: Data Table/ List company B@W | C28: DEV 2 | D28: 5 | E28: =ROUNDUP(D28*(1+$D$2),0) -> 8 | F28: =WORKDAY(F27,E28,Holiday!A24:A53) -> 46163 | G28: =IF(OR(AND($F27<=G$3, $F28 >= G$3), AND($F28<G$3, WORKDAY($F28, 22,Holiday!$A$1:$A$30)>G$3)), 1, 0)+IF(AND((G$3-$B$2)>=0,(G$3-$B$2)<30), 2,0) -> 0 | H28: =IF(OR(AND($F27<=H$3, $F28 >= H$3), AND($F28<H$3, WORKDAY($F28, 22,Holiday!$A$1:$A$30)>H$3)), 1, 0)+IF(AND((H$3-$B$2)>=0,(H$3-$B$2)<30), 2,0) -> 0 | I28: =IF(OR(AND($F27<=I$3, $F28 >= I$3), AND($F28<I$3, WORKDAY($F28, 22,Holiday!$A$1:$A$30)>I$3)), 1, 0)+IF(AND((I$3-$B$2)>=0,(I$3-$B$2)<30), 2,0) -> 0 | J28: =IF(OR(AND($F27<=J$3, $F28 >= J$3), AND($F28<J$3, WORKDAY($F28, 22,Holiday!$A$1:$A$30)>J$3)), 1, 0)+IF(AND((J$3-$B$2)>=0,(J$3-$B$2)<30), 2,0) -> 0 | K28: =IF(OR(AND($F27<=K$3, $F28 >= K$3), AND($F28<K$3, WORKDAY($F28, 22,Holiday!$A$1:$A$30)>K$3)), 1, 0)+IF(AND((K$3-$B$2)>=0,(K$3-$B$2)<30), 2,0) -> 1 | L28: =IF(OR(AND($F27<=L$3, $F28 >= L$3), AND($F28<L$3, WORKDAY($F28, 22,Holiday!$A$1:$A$30)>L$3)), 1, 0)+IF(AND((L$3-$B$2)>=0,(L$3-$B$2)<30), 2,0) -> 0 | M28: =IF(OR(AND($F27<=M$3, $F28 >= M$3), AND($F28<M$3, WORKDAY($F28, 22,Holiday!$A$1:$A$30)>M$3)), 1, 0)+IF(AND((M$3-$B$2)>=0,(M$3-$B$2)<30), 2,0) -> 0 | N28: =IF(OR(AND($F27<=N$3, $F28 >= N$3), AND($F28<N$3, WORKDAY($F28, 22,Holiday!$A$1:$A$30)>N$3)), 1, 0)+IF(AND((N$3-$B$2)>=0,(N$3-$B$2)<30), 2,0) -> 0 | ... AO28: =IF(OR(AND($F27<=AO$3, $F28 >= AO$3), AND($F28<AO$3, WORKDAY($F28, 22,Holiday!$A$1:$A$30)>AO$3)), 1, 0)+IF(AND((AO$3-$B$2)>=0,(AO$3-$B$2)<30), 2,0) -> 0
B29: Data table/ Persons contacted | C29: DEV 2 | D29: 5 | E29: =ROUNDUP(D29*(1+$D$2),0) -> 8 | F29: =WORKDAY(F28,E29,Holiday!A25:A54) -> 46175 | G29: =IF(OR(AND($F28<=G$3, $F29 >= G$3), AND($F29<G$3, WORKDAY($F29, 22,Holiday!$A$1:$A$30)>G$3)), 1, 0)+IF(AND((G$3-$B$2)>=0,(G$3-$B$2)<30), 2,0) -> 0 | H29: =IF(OR(AND($F28<=H$3, $F29 >= H$3), AND($F29<H$3, WORKDAY($F29, 22,Holiday!$A$1:$A$30)>H$3)), 1, 0)+IF(AND((H$3-$B$2)>=0,(H$3-$B$2)<30), 2,0) -> 0 | I29: =IF(OR(AND($F28<=I$3, $F29 >= I$3), AND($F29<I$3, WORKDAY($F29, 22,Holiday!$A$1:$A$30)>I$3)), 1, 0)+IF(AND((I$3-$B$2)>=0,(I$3-$B$2)<30), 2,0) -> 0 | J29: =IF(OR(AND($F28<=J$3, $F29 >= J$3), AND($F29<J$3, WORKDAY($F29, 22,Holiday!$A$1:$A$30)>J$3)), 1, 0)+IF(AND((J$3-$B$2)>=0,(J$3-$B$2)<30), 2,0) -> 0 | K29: =IF(OR(AND($F28<=K$3, $F29 >= K$3), AND($F29<K$3, WORKDAY($F29, 22,Holiday!$A$1:$A$30)>K$3)), 1, 0)+IF(AND((K$3-$B$2)>=0,(K$3-$B$2)<30), 2,0) -> 1 | L29: =IF(OR(AND($F28<=L$3, $F29 >= L$3), AND($F29<L$3, WORKDAY($F29, 22,Holiday!$A$1:$A$30)>L$3)), 1, 0)+IF(AND((L$3-$B$2)>=0,(L$3-$B$2)<30), 2,0) -> 0 | M29: =IF(OR(AND($F28<=M$3, $F29 >= M$3), AND($F29<M$3, WORKDAY($F29, 22,Holiday!$A$1:$A$30)>M$3)), 1, 0)+IF(AND((M$3-$B$2)>=0,(M$3-$B$2)<30), 2,0) -> 0 | N29: =IF(OR(AND($F28<=N$3, $F29 >= N$3), AND($F29<N$3, WORKDAY($F29, 22,Holiday!$A$1:$A$30)>N$3)), 1, 0)+IF(AND((N$3-$B$2)>=0,(N$3-$B$2)<30), 2,0) -> 0 | ... AO29: =IF(OR(AND($F28<=AO$3, $F29 >= AO$3), AND($F29<AO$3, WORKDAY($F29, 22,Holiday!$A$1:$A$30)>AO$3)), 1, 0)+IF(AND((AO$3-$B$2)>=0,(AO$3-$B$2)<30), 2,0) -> 0
B30: Data Table/ Product list | C30: DEV 2 | D30: 5 | E30: =ROUNDUP(D30*(1+$D$2),0) -> 8 | F30: =WORKDAY(F29,E30,Holiday!A26:A55) -> 46185 | G30: =IF(OR(AND($F29<=G$3, $F30 >= G$3), AND($F30<G$3, WORKDAY($F30, 22,Holiday!$A$1:$A$30)>G$3)), 1, 0)+IF(AND((G$3-$B$2)>=0,(G$3-$B$2)<30), 2,0) -> 0 | H30: =IF(OR(AND($F29<=H$3, $F30 >= H$3), AND($F30<H$3, WORKDAY($F30, 22,Holiday!$A$1:$A$30)>H$3)), 1, 0)+IF(AND((H$3-$B$2)>=0,(H$3-$B$2)<30), 2,0) -> 0 | I30: =IF(OR(AND($F29<=I$3, $F30 >= I$3), AND($F30<I$3, WORKDAY($F30, 22,Holiday!$A$1:$A$30)>I$3)), 1, 0)+IF(AND((I$3-$B$2)>=0,(I$3-$B$2)<30), 2,0) -> 0 | J30: =IF(OR(AND($F29<=J$3, $F30 >= J$3), AND($F30<J$3, WORKDAY($F30, 22,Holiday!$A$1:$A$30)>J$3)), 1, 0)+IF(AND((J$3-$B$2)>=0,(J$3-$B$2)<30), 2,0) -> 0 | K30: =IF(OR(AND($F29<=K$3, $F30 >= K$3), AND($F30<K$3, WORKDAY($F30, 22,Holiday!$A$1:$A$30)>K$3)), 1, 0)+IF(AND((K$3-$B$2)>=0,(K$3-$B$2)<30), 2,0) -> 1 | L30: =IF(OR(AND($F29<=L$3, $F30 >= L$3), AND($F30<L$3, WORKDAY($F30, 22,Holiday!$A$1:$A$30)>L$3)), 1, 0)+IF(AND((L$3-$B$2)>=0,(L$3-$B$2)<30), 2,0) -> 1 | M30: =IF(OR(AND($F29<=M$3, $F30 >= M$3), AND($F30<M$3, WORKDAY($F30, 22,Holiday!$A$1:$A$30)>M$3)), 1, 0)+IF(AND((M$3-$B$2)>=0,(M$3-$B$2)<30), 2,0) -> 0 | N30: =IF(OR(AND($F29<=N$3, $F30 >= N$3), AND($F30<N$3, WORKDAY($F30, 22,Holiday!$A$1:$A$30)>N$3)), 1, 0)+IF(AND((N$3-$B$2)>=0,(N$3-$B$2)<30), 2,0) -> 0 | ... AO30: =IF(OR(AND($F29<=AO$3, $F30 >= AO$3), AND($F30<AO$3, WORKDAY($F30, 22,Holiday!$A$1:$A$30)>AO$3)), 1, 0)+IF(AND((AO$3-$B$2)>=0,(AO$3-$B$2)<30), 2,0) -> 0
B31: Data Table/ Route Robin NFU | C31: DEV 2 | D31: 5 | E31: =ROUNDUP(D31*(1+$D$2),0) -> 8 | F31: =WORKDAY(F30,E31,Holiday!A27:A56) -> 46197 | G31: =IF(OR(AND($F30<=G$3, $F31 >= G$3), AND($F31<G$3, WORKDAY($F31, 22,Holiday!$A$1:$A$30)>G$3)), 1, 0)+IF(AND((G$3-$B$2)>=0,(G$3-$B$2)<30), 2,0) -> 0 | H31: =IF(OR(AND($F30<=H$3, $F31 >= H$3), AND($F31<H$3, WORKDAY($F31, 22,Holiday!$A$1:$A$30)>H$3)), 1, 0)+IF(AND((H$3-$B$2)>=0,(H$3-$B$2)<30), 2,0) -> 0 | I31: =IF(OR(AND($F30<=I$3, $F31 >= I$3), AND($F31<I$3, WORKDAY($F31, 22,Holiday!$A$1:$A$30)>I$3)), 1, 0)+IF(AND((I$3-$B$2)>=0,(I$3-$B$2)<30), 2,0) -> 0 | J31: =IF(OR(AND($F30<=J$3, $F31 >= J$3), AND($F31<J$3, WORKDAY($F31, 22,Holiday!$A$1:$A$30)>J$3)), 1, 0)+IF(AND((J$3-$B$2)>=0,(J$3-$B$2)<30), 2,0) -> 0 | K31: =IF(OR(AND($F30<=K$3, $F31 >= K$3), AND($F31<K$3, WORKDAY($F31, 22,Holiday!$A$1:$A$30)>K$3)), 1, 0)+IF(AND((K$3-$B$2)>=0,(K$3-$B$2)<30), 2,0) -> 0 | L31: =IF(OR(AND($F30<=L$3, $F31 >= L$3), AND($F31<L$3, WORKDAY($F31, 22,Holiday!$A$1:$A$30)>L$3)), 1, 0)+IF(AND((L$3-$B$2)>=0,(L$3-$B$2)<30), 2,0) -> 1 | M31: =IF(OR(AND($F30<=M$3, $F31 >= M$3), AND($F31<M$3, WORKDAY($F31, 22,Holiday!$A$1:$A$30)>M$3)), 1, 0)+IF(AND((M$3-$B$2)>=0,(M$3-$B$2)<30), 2,0) -> 0 | N31: =IF(OR(AND($F30<=N$3, $F31 >= N$3), AND($F31<N$3, WORKDAY($F31, 22,Holiday!$A$1:$A$30)>N$3)), 1, 0)+IF(AND((N$3-$B$2)>=0,(N$3-$B$2)<30), 2,0) -> 0 | ... AO31: =IF(OR(AND($F30<=AO$3, $F31 >= AO$3), AND($F31<AO$3, WORKDAY($F31, 22,Holiday!$A$1:$A$30)>AO$3)), 1, 0)+IF(AND((AO$3-$B$2)>=0,(AO$3-$B$2)<30), 2,0) -> 0
... B41: Data table/Region Distribution | C41: DEV 2 | D41: 5 | E41: =ROUNDUP(D41*(1+$D$2),0) -> 8 | F41: =WORKDAY(F40,E41,Holiday!A37:A66) -> 46309 | G41: =IF(OR(AND($F40<=G$3, $F41 >= G$3), AND($F41<G$3, WORKDAY($F41, 22,Holiday!$A$1:$A$30)>G$3)), 1, 0)+IF(AND((G$3-$B$2)>=0,(G$3-$B$2)<30), 2,0) -> 0 | H41: =IF(OR(AND($F40<=H$3, $F41 >= H$3), AND($F41<H$3, WORKDAY($F41, 22,Holiday!$A$1:$A$30)>H$3)), 1, 0)+IF(AND((H$3-$B$2)>=0,(H$3-$B$2)<30), 2,0) -> 0 | I41: =IF(OR(AND($F40<=I$3, $F41 >= I$3), AND($F41<I$3, WORKDAY($F41, 22,Holiday!$A$1:$A$30)>I$3)), 1, 0)+IF(AND((I$3-$B$2)>=0,(I$3-$B$2)<30), 2,0) -> 0 | J41: =IF(OR(AND($F40<=J$3, $F41 >= J$3), AND($F41<J$3, WORKDAY($F41, 22,Holiday!$A$1:$A$30)>J$3)), 1, 0)+IF(AND((J$3-$B$2)>=0,(J$3-$B$2)<30), 2,0) -> 0 | K41: =IF(OR(AND($F40<=K$3, $F41 >= K$3), AND($F41<K$3, WORKDAY($F41, 22,Holiday!$A$1:$A$30)>K$3)), 1, 0)+IF(AND((K$3-$B$2)>=0,(K$3-$B$2)<30), 2,0) -> 0 | L41: =IF(OR(AND($F40<=L$3, $F41 >= L$3), AND($F41<L$3, WORKDAY($F41, 22,Holiday!$A$1:$A$30)>L$3)), 1, 0)+IF(AND((L$3-$B$2)>=0,(L$3-$B$2)<30), 2,0) -> 0 | M41: =IF(OR(AND($F40<=M$3, $F41 >= M$3), AND($F41<M$3, WORKDAY($F41, 22,Holiday!$A$1:$A$30)>M$3)), 1, 0)+IF(AND((M$3-$B$2)>=0,(M$3-$B$2)<30), 2,0) -> 0 | N41: =IF(OR(AND($F40<=N$3, $F41 >= N$3), AND($F41<N$3, WORKDAY($F41, 22,Holiday!$A$1:$A$30)>N$3)), 1, 0)+IF(AND((N$3-$B$2)>=0,(N$3-$B$2)<30), 2,0) -> 0 | ... AO41: =IF(OR(AND($F40<=AO$3, $F41 >= AO$3), AND($F41<AO$3, WORKDAY($F41, 22,Holiday!$A$1:$A$30)>AO$3)), 1, 0)+IF(AND((AO$3-$B$2)>=0,(AO$3-$B$2)<30), 2,0) -> 0
B42: Decision table/ Approval B0DeterminePilotName | C42: DEV 1 | D42: 6 | E42: =ROUNDUP(D42*(1+$D$2),0) -> 9 | F42: =WORKDAY(F18,E42,Holiday!A38:A67) -> 46359 | G42: =IF(OR(AND($F41<=G$3, $F42 >= G$3), AND($F42<G$3, WORKDAY($F42, 22,Holiday!$A$1:$A$30)>G$3)), 1, 0)+IF(AND((G$3-$B$2)>=0,(G$3-$B$2)<30), 2,0) -> 0 | H42: =IF(OR(AND($F41<=H$3, $F42 >= H$3), AND($F42<H$3, WORKDAY($F42, 22,Holiday!$A$1:$A$30)>H$3)), 1, 0)+IF(AND((H$3-$B$2)>=0,(H$3-$B$2)<30), 2,0) -> 0 | I42: =IF(OR(AND($F41<=I$3, $F42 >= I$3), AND($F42<I$3, WORKDAY($F42, 22,Holiday!$A$1:$A$30)>I$3)), 1, 0)+IF(AND((I$3-$B$2)>=0,(I$3-$B$2)<30), 2,0) -> 0 | J42: =IF(OR(AND($F41<=J$3, $F42 >= J$3), AND($F42<J$3, WORKDAY($F42, 22,Holiday!$A$1:$A$30)>J$3)), 1, 0)+IF(AND((J$3-$B$2)>=0,(J$3-$B$2)<30), 2,0) -> 0 | K42: =IF(OR(AND($F41<=K$3, $F42 >= K$3), AND($F42<K$3, WORKDAY($F42, 22,Holiday!$A$1:$A$30)>K$3)), 1, 0)+IF(AND((K$3-$B$2)>=0,(K$3-$B$2)<30), 2,0) -> 0 | L42: =IF(OR(AND($F41<=L$3, $F42 >= L$3), AND($F42<L$3, WORKDAY($F42, 22,Holiday!$A$1:$A$30)>L$3)), 1, 0)+IF(AND((L$3-$B$2)>=0,(L$3-$B$2)<30), 2,0) -> 0 | M42: =IF(OR(AND($F41<=M$3, $F42 >= M$3), AND($F42<M$3, WORKDAY($F42, 22,Holiday!$A$1:$A$30)>M$3)), 1, 0)+IF(AND((M$3-$B$2)>=0,(M$3-$B$2)<30), 2,0) -> 0 | N42: =IF(OR(AND($F41<=N$3, $F42 >= N$3), AND($F42<N$3, WORKDAY($F42, 22,Holiday!$A$1:$A$30)>N$3)), 1, 0)+IF(AND((N$3-$B$2)>=0,(N$3-$B$2)<30), 2,0) -> 0 | ... AO42: =IF(OR(AND($F41<=AO$3, $F42 >= AO$3), AND($F42<AO$3, WORKDAY($F42, 22,Holiday!$A$1:$A$30)>AO$3)), 1, 0)+IF(AND((AO$3-$B$2)>=0,(AO$3-$B$2)<30), 2,0) -> 0
B43: Decision table/ Approval B1-B6DeterminePilotName | C43: DEV 1 | D43: 6 | E43: =ROUNDUP(D43*(1+$D$2),0) -> 9 | F43: =WORKDAY(F42,E43,Holiday!A39:A68) -> 46372 | G43: =IF(OR(AND($F42<=G$3, $F43 >= G$3), AND($F43<G$3, WORKDAY($F43, 22,Holiday!$A$1:$A$30)>G$3)), 1, 0)+IF(AND((G$3-$B$2)>=0,(G$3-$B$2)<30), 2,0) -> 0 | H43: =IF(OR(AND($F42<=H$3, $F43 >= H$3), AND($F43<H$3, WORKDAY($F43, 22,Holiday!$A$1:$A$30)>H$3)), 1, 0)+IF(AND((H$3-$B$2)>=0,(H$3-$B$2)<30), 2,0) -> 0 | I43: =IF(OR(AND($F42<=I$3, $F43 >= I$3), AND($F43<I$3, WORKDAY($F43, 22,Holiday!$A$1:$A$30)>I$3)), 1, 0)+IF(AND((I$3-$B$2)>=0,(I$3-$B$2)<30), 2,0) -> 0 | J43: =IF(OR(AND($F42<=J$3, $F43 >= J$3), AND($F43<J$3, WORKDAY($F43, 22,Holiday!$A$1:$A$30)>J$3)), 1, 0)+IF(AND((J$3-$B$2)>=0,(J$3-$B$2)<30), 2,0) -> 0 | K43: =IF(OR(AND($F42<=K$3, $F43 >= K$3), AND($F43<K$3, WORKDAY($F43, 22,Holiday!$A$1:$A$30)>K$3)), 1, 0)+IF(AND((K$3-$B$2)>=0,(K$3-$B$2)<30), 2,0) -> 0 | L43: =IF(OR(AND($F42<=L$3, $F43 >= L$3), AND($F43<L$3, WORKDAY($F43, 22,Holiday!$A$1:$A$30)>L$3)), 1, 0)+IF(AND((L$3-$B$2)>=0,(L$3-$B$2)<30), 2,0) -> 0 | M43: =IF(OR(AND($F42<=M$3, $F43 >= M$3), AND($F43<M$3, WORKDAY($F43, 22,Holiday!$A$1:$A$30)>M$3)), 1, 0)+IF(AND((M$3-$B$2)>=0,(M$3-$B$2)<30), 2,0) -> 0 | N43: =IF(OR(AND($F42<=N$3, $F43 >= N$3), AND($F43<N$3, WORKDAY($F43, 22,Holiday!$A$1:$A$30)>N$3)), 1, 0)+IF(AND((N$3-$B$2)>=0,(N$3-$B$2)<30), 2,0) -> 0 | ... AO43: =IF(OR(AND($F42<=AO$3, $F43 >= AO$3), AND($F43<AO$3, WORKDAY($F43, 22,Holiday!$A$1:$A$30)>AO$3)), 1, 0)+IF(AND((AO$3-$B$2)>=0,(AO$3-$B$2)<30), 2,0) -> 0
B44: Decision table/ Approval PILOT_B0-B6_MESSAGE_TEMPLATE | C44: DEV 1 | D44: 6 | E44: =ROUNDUP(D44*(1+$D$2),0) -> 9 | F44: =WORKDAY(F43,E44,Holiday!A40:A69) -> 46385 | G44: =IF(OR(AND($F43<=G$3, $F44 >= G$3), AND($F44<G$3, WORKDAY($F44, 22,Holiday!$A$1:$A$30)>G$3)), 1, 0)+IF(AND((G$3-$B$2)>=0,(G$3-$B$2)<30), 2,0) -> 0 | H44: =IF(OR(AND($F43<=H$3, $F44 >= H$3), AND($F44<H$3, WORKDAY($F44, 22,Holiday!$A$1:$A$30)>H$3)), 1, 0)+IF(AND((H$3-$B$2)>=0,(H$3-$B$2)<30), 2,0) -> 0 | I44: =IF(OR(AND($F43<=I$3, $F44 >= I$3), AND($F44<I$3, WORKDAY($F44, 22,Holiday!$A$1:$A$30)>I$3)), 1, 0)+IF(AND((I$3-$B$2)>=0,(I$3-$B$2)<30), 2,0) -> 0 | J44: =IF(OR(AND($F43<=J$3, $F44 >= J$3), AND($F44<J$3, WORKDAY($F44, 22,Holiday!$A$1:$A$30)>J$3)), 1, 0)+IF(AND((J$3-$B$2)>=0,(J$3-$B$2)<30), 2,0) -> 0 | K44: =IF(OR(AND($F43<=K$3, $F44 >= K$3), AND($F44<K$3, WORKDAY($F44, 22,Holiday!$A$1:$A$30)>K$3)), 1, 0)+IF(AND((K$3-$B$2)>=0,(K$3-$B$2)<30), 2,0) -> 0 | L44: =IF(OR(AND($F43<=L$3, $F44 >= L$3), AND($F44<L$3, WORKDAY($F44, 22,Holiday!$A$1:$A$30)>L$3)), 1, 0)+IF(AND((L$3-$B$2)>=0,(L$3-$B$2)<30), 2,0) -> 0 | M44: =IF(OR(AND($F43<=M$3, $F44 >= M$3), AND($F44<M$3, WORKDAY($F44, 22,Holiday!$A$1:$A$30)>M$3)), 1, 0)+IF(AND((M$3-$B$2)>=0,(M$3-$B$2)<30), 2,0) -> 0 | N44: =IF(OR(AND($F43<=N$3, $F44 >= N$3), AND($F44<N$3, WORKDAY($F44, 22,Holiday!$A$1:$A$30)>N$3)), 1, 0)+IF(AND((N$3-$B$2)>=0,(N$3-$B$2)<30), 2,0) -> 0 | ... AO44: =IF(OR(AND($F43<=AO$3, $F44 >= AO$3), AND($F44<AO$3, WORKDAY($F44, 22,Holiday!$A$1:$A$30)>AO$3)), 1, 0)+IF(AND((AO$3-$B$2)>=0,(AO$3-$B$2)<30), 2,0) -> 0
B45: Decision table/ Approval SMS Message Template | C45: DEV 1 | D45: 6 | E45: =ROUNDUP(D45*(1+$D$2),0) -> 9 | F45: =WORKDAY(F44,E45,Holiday!A41:A70) -> 46398 | G45: =IF(OR(AND($F44<=G$3, $F45 >= G$3), AND($F45<G$3, WORKDAY($F45, 22,Holiday!$A$1:$A$30)>G$3)), 1, 0)+IF(AND((G$3-$B$2)>=0,(G$3-$B$2)<30), 2,0) -> 0 | H45: =IF(OR(AND($F44<=H$3, $F45 >= H$3), AND($F45<H$3, WORKDAY($F45, 22,Holiday!$A$1:$A$30)>H$3)), 1, 0)+IF(AND((H$3-$B$2)>=0,(H$3-$B$2)<30), 2,0) -> 0 | I45: =IF(OR(AND($F44<=I$3, $F45 >= I$3), AND($F45<I$3, WORKDAY($F45, 22,Holiday!$A$1:$A$30)>I$3)), 1, 0)+IF(AND((I$3-$B$2)>=0,(I$3-$B$2)<30), 2,0) -> 0 | J45: =IF(OR(AND($F44<=J$3, $F45 >= J$3), AND($F45<J$3, WORKDAY($F45, 22,Holiday!$A$1:$A$30)>J$3)), 1, 0)+IF(AND((J$3-$B$2)>=0,(J$3-$B$2)<30), 2,0) -> 0 | K45: =IF(OR(AND($F44<=K$3, $F45 >= K$3), AND($F45<K$3, WORKDAY($F45, 22,Holiday!$A$1:$A$30)>K$3)), 1, 0)+IF(AND((K$3-$B$2)>=0,(K$3-$B$2)<30), 2,0) -> 0 | L45: =IF(OR(AND($F44<=L$3, $F45 >= L$3), AND($F45<L$3, WORKDAY($F45, 22,Holiday!$A$1:$A$30)>L$3)), 1, 0)+IF(AND((L$3-$B$2)>=0,(L$3-$B$2)<30), 2,0) -> 0 | M45: =IF(OR(AND($F44<=M$3, $F45 >= M$3), AND($F45<M$3, WORKDAY($F45, 22,Holiday!$A$1:$A$30)>M$3)), 1, 0)+IF(AND((M$3-$B$2)>=0,(M$3-$B$2)<30), 2,0) -> 0 | N45: =IF(OR(AND($F44<=N$3, $F45 >= N$3), AND($F45<N$3, WORKDAY($F45, 22,Holiday!$A$1:$A$30)>N$3)), 1, 0)+IF(AND((N$3-$B$2)>=0,(N$3-$B$2)<30), 2,0) -> 0 | ... AO45: =IF(OR(AND($F44<=AO$3, $F45 >= AO$3), AND($F45<AO$3, WORKDAY($F45, 22,Holiday!$A$1:$A$30)>AO$3)), 1, 0)+IF(AND((AO$3-$B$2)>=0,(AO$3-$B$2)<30), 2,0) -> 0
B46: Decision table/ Approval ZNS Message Template | C46: DEV 1 | D46: 6 | E46: =ROUNDUP(D46*(1+$D$2),0) -> 9 | F46: =WORKDAY(F45,E46,Holiday!A42:A71) -> 46409 | G46: =IF(OR(AND($F45<=G$3, $F46 >= G$3), AND($F46<G$3, WORKDAY($F46, 22,Holiday!$A$1:$A$30)>G$3)), 1, 0)+IF(AND((G$3-$B$2)>=0,(G$3-$B$2)<30), 2,0) -> 0 | H46: =IF(OR(AND($F45<=H$3, $F46 >= H$3), AND($F46<H$3, WORKDAY($F46, 22,Holiday!$A$1:$A$30)>H$3)), 1, 0)+IF(AND((H$3-$B$2)>=0,(H$3-$B$2)<30), 2,0) -> 0 | I46: =IF(OR(AND($F45<=I$3, $F46 >= I$3), AND($F46<I$3, WORKDAY($F46, 22,Holiday!$A$1:$A$30)>I$3)), 1, 0)+IF(AND((I$3-$B$2)>=0,(I$3-$B$2)<30), 2,0) -> 0 | J46: =IF(OR(AND($F45<=J$3, $F46 >= J$3), AND($F46<J$3, WORKDAY($F46, 22,Holiday!$A$1:$A$30)>J$3)), 1, 0)+IF(AND((J$3-$B$2)>=0,(J$3-$B$2)<30), 2,0) -> 0 | K46: =IF(OR(AND($F45<=K$3, $F46 >= K$3), AND($F46<K$3, WORKDAY($F46, 22,Holiday!$A$1:$A$30)>K$3)), 1, 0)+IF(AND((K$3-$B$2)>=0,(K$3-$B$2)<30), 2,0) -> 0 | L46: =IF(OR(AND($F45<=L$3, $F46 >= L$3), AND($F46<L$3, WORKDAY($F46, 22,Holiday!$A$1:$A$30)>L$3)), 1, 0)+IF(AND((L$3-$B$2)>=0,(L$3-$B$2)<30), 2,0) -> 0 | M46: =IF(OR(AND($F45<=M$3, $F46 >= M$3), AND($F46<M$3, WORKDAY($F46, 22,Holiday!$A$1:$A$30)>M$3)), 1, 0)+IF(AND((M$3-$B$2)>=0,(M$3-$B$2)<30), 2,0) -> 0 | N46: =IF(OR(AND($F45<=N$3, $F46 >= N$3), AND($F46<N$3, WORKDAY($F46, 22,Holiday!$A$1:$A$30)>N$3)), 1, 0)+IF(AND((N$3-$B$2)>=0,(N$3-$B$2)<30), 2,0) -> 0 | ... AO46: =IF(OR(AND($F45<=AO$3, $F46 >= AO$3), AND($F46<AO$3, WORKDAY($F46, 22,Holiday!$A$1:$A$30)>AO$3)), 1, 0)+IF(AND((AO$3-$B$2)>=0,(AO$3-$B$2)<30), 2,0) -> 0
B47: Decision table/ B0DeterminePilotName | C47: DEV 1 | D47: 6 | E47: =ROUNDUP(D47*(1+$D$2),0) -> 9 | F47: =WORKDAY(F46,E47,Holiday!A43:A72) -> 46422 | G47: =IF(OR(AND($F46<=G$3, $F47 >= G$3), AND($F47<G$3, WORKDAY($F47, 22,Holiday!$A$1:$A$30)>G$3)), 1, 0)+IF(AND((G$3-$B$2)>=0,(G$3-$B$2)<30), 2,0) -> 0 | H47: =IF(OR(AND($F46<=H$3, $F47 >= H$3), AND($F47<H$3, WORKDAY($F47, 22,Holiday!$A$1:$A$30)>H$3)), 1, 0)+IF(AND((H$3-$B$2)>=0,(H$3-$B$2)<30), 2,0) -> 0 | I47: =IF(OR(AND($F46<=I$3, $F47 >= I$3), AND($F47<I$3, WORKDAY($F47, 22,Holiday!$A$1:$A$30)>I$3)), 1, 0)+IF(AND((I$3-$B$2)>=0,(I$3-$B$2)<30), 2,0) -> 0 | J47: =IF(OR(AND($F46<=J$3, $F47 >= J$3), AND($F47<J$3, WORKDAY($F47, 22,Holiday!$A$1:$A$30)>J$3)), 1, 0)+IF(AND((J$3-$B$2)>=0,(J$3-$B$2)<30), 2,0) -> 0 | K47: =IF(OR(AND($F46<=K$3, $F47 >= K$3), AND($F47<K$3, WORKDAY($F47, 22,Holiday!$A$1:$A$30)>K$3)), 1, 0)+IF(AND((K$3-$B$2)>=0,(K$3-$B$2)<30), 2,0) -> 0 | L47: =IF(OR(AND($F46<=L$3, $F47 >= L$3), AND($F47<L$3, WORKDAY($F47, 22,Holiday!$A$1:$A$30)>L$3)), 1, 0)+IF(AND((L$3-$B$2)>=0,(L$3-$B$2)<30), 2,0) -> 0 | M47: =IF(OR(AND($F46<=M$3, $F47 >= M$3), AND($F47<M$3, WORKDAY($F47, 22,Holiday!$A$1:$A$30)>M$3)), 1, 0)+IF(AND((M$3-$B$2)>=0,(M$3-$B$2)<30), 2,0) -> 0 | N47: =IF(OR(AND($F46<=N$3, $F47 >= N$3), AND($F47<N$3, WORKDAY($F47, 22,Holiday!$A$1:$A$30)>N$3)), 1, 0)+IF(AND((N$3-$B$2)>=0,(N$3-$B$2)<30), 2,0) -> 0 | ... AO47: =IF(OR(AND($F46<=AO$3, $F47 >= AO$3), AND($F47<AO$3, WORKDAY($F47, 22,Holiday!$A$1:$A$30)>AO$3)), 1, 0)+IF(AND((AO$3-$B$2)>=0,(AO$3-$B$2)<30), 2,0) -> 0
B48: Decision table/ B1-B6DeterminePilotName | C48: DEV 1 | D48: 6 | E48: =ROUNDUP(D48*(1+$D$2),0) -> 9 | F48: =WORKDAY(F47,E48,Holiday!A44:A73) -> 46435 | G48: =IF(OR(AND($F47<=G$3, $F48 >= G$3), AND($F48<G$3, WORKDAY($F48, 22,Holiday!$A$1:$A$30)>G$3)), 1, 0)+IF(AND((G$3-$B$2)>=0,(G$3-$B$2)<30), 2,0) -> 0 | H48: =IF(OR(AND($F47<=H$3, $F48 >= H$3), AND($F48<H$3, WORKDAY($F48, 22,Holiday!$A$1:$A$30)>H$3)), 1, 0)+IF(AND((H$3-$B$2)>=0,(H$3-$B$2)<30), 2,0) -> 0 | I48: =IF(OR(AND($F47<=I$3, $F48 >= I$3), AND($F48<I$3, WORKDAY($F48, 22,Holiday!$A$1:$A$30)>I$3)), 1, 0)+IF(AND((I$3-$B$2)>=0,(I$3-$B$2)<30), 2,0) -> 0 | J48: =IF(OR(AND($F47<=J$3, $F48 >= J$3), AND($F48<J$3, WORKDAY($F48, 22,Holiday!$A$1:$A$30)>J$3)), 1, 0)+IF(AND((J$3-$B$2)>=0,(J$3-$B$2)<30), 2,0) -> 0 | K48: =IF(OR(AND($F47<=K$3, $F48 >= K$3), AND($F48<K$3, WORKDAY($F48, 22,Holiday!$A$1:$A$30)>K$3)), 1, 0)+IF(AND((K$3-$B$2)>=0,(K$3-$B$2)<30), 2,0) -> 0 | L48: =IF(OR(AND($F47<=L$3, $F48 >= L$3), AND($F48<L$3, WORKDAY($F48, 22,Holiday!$A$1:$A$30)>L$3)), 1, 0)+IF(AND((L$3-$B$2)>=0,(L$3-$B$2)<30), 2,0) -> 0 | M48: =IF(OR(AND($F47<=M$3, $F48 >= M$3), AND($F48<M$3, WORKDAY($F48, 22,Holiday!$A$1:$A$30)>M$3)), 1, 0)+IF(AND((M$3-$B$2)>=0,(M$3-$B$2)<30), 2,0) -> 0 | N48: =IF(OR(AND($F47<=N$3, $F48 >= N$3), AND($F48<N$3, WORKDAY($F48, 22,Holiday!$A$1:$A$30)>N$3)), 1, 0)+IF(AND((N$3-$B$2)>=0,(N$3-$B$2)<30), 2,0) -> 0 | ... AO48: =IF(OR(AND($F47<=AO$3, $F48 >= AO$3), AND($F48<AO$3, WORKDAY($F48, 22,Holiday!$A$1:$A$30)>AO$3)), 1, 0)+IF(AND((AO$3-$B$2)>=0,(AO$3-$B$2)<30), 2,0) -> 0
B49: Decision table/ Call Back Get Next Intraday Treatment | C49: DEV 1 | D49: 6 | E49: =ROUNDUP(D49*(1+$D$2),0) -> 9 | F49: =WORKDAY(F48,E49,Holiday!A45:A74) -> 46448 | G49: =IF(OR(AND($F48<=G$3, $F49 >= G$3), AND($F49<G$3, WORKDAY($F49, 22,Holiday!$A$1:$A$30)>G$3)), 1, 0)+IF(AND((G$3-$B$2)>=0,(G$3-$B$2)<30), 2,0) -> 0 | H49: =IF(OR(AND($F48<=H$3, $F49 >= H$3), AND($F49<H$3, WORKDAY($F49, 22,Holiday!$A$1:$A$30)>H$3)), 1, 0)+IF(AND((H$3-$B$2)>=0,(H$3-$B$2)<30), 2,0) -> 0 | I49: =IF(OR(AND($F48<=I$3, $F49 >= I$3), AND($F49<I$3, WORKDAY($F49, 22,Holiday!$A$1:$A$30)>I$3)), 1, 0)+IF(AND((I$3-$B$2)>=0,(I$3-$B$2)<30), 2,0) -> 0 | J49: =IF(OR(AND($F48<=J$3, $F49 >= J$3), AND($F49<J$3, WORKDAY($F49, 22,Holiday!$A$1:$A$30)>J$3)), 1, 0)+IF(AND((J$3-$B$2)>=0,(J$3-$B$2)<30), 2,0) -> 0 | K49: =IF(OR(AND($F48<=K$3, $F49 >= K$3), AND($F49<K$3, WORKDAY($F49, 22,Holiday!$A$1:$A$30)>K$3)), 1, 0)+IF(AND((K$3-$B$2)>=0,(K$3-$B$2)<30), 2,0) -> 0 | L49: =IF(OR(AND($F48<=L$3, $F49 >= L$3), AND($F49<L$3, WORKDAY($F49, 22,Holiday!$A$1:$A$30)>L$3)), 1, 0)+IF(AND((L$3-$B$2)>=0,(L$3-$B$2)<30), 2,0) -> 0 | M49: =IF(OR(AND($F48<=M$3, $F49 >= M$3), AND($F49<M$3, WORKDAY($F49, 22,Holiday!$A$1:$A$30)>M$3)), 1, 0)+IF(AND((M$3-$B$2)>=0,(M$3-$B$2)<30), 2,0) -> 0 | N49: =IF(OR(AND($F48<=N$3, $F49 >= N$3), AND($F49<N$3, WORKDAY($F49, 22,Holiday!$A$1:$A$30)>N$3)), 1, 0)+IF(AND((N$3-$B$2)>=0,(N$3-$B$2)<30), 2,0) -> 0 | ... AO49: =IF(OR(AND($F48<=AO$3, $F49 >= AO$3), AND($F49<AO$3, WORKDAY($F49, 22,Holiday!$A$1:$A$30)>AO$3)), 1, 0)+IF(AND((AO$3-$B$2)>=0,(AO$3-$B$2)<30), 2,0) -> 0
B50: Decision table/ Callback Treatment For NFU | C50: DEV 1 | D50: 6 | E50: =ROUNDUP(D50*(1+$D$2),0) -> 9 | F50: =WORKDAY(F49,E50,Holiday!A46:A75) -> 46461 | G50: =IF(OR(AND($F49<=G$3, $F50 >= G$3), AND($F50<G$3, WORKDAY($F50, 22,Holiday!$A$1:$A$30)>G$3)), 1, 0)+IF(AND((G$3-$B$2)>=0,(G$3-$B$2)<30), 2,0) -> 0 | H50: =IF(OR(AND($F49<=H$3, $F50 >= H$3), AND($F50<H$3, WORKDAY($F50, 22,Holiday!$A$1:$A$30)>H$3)), 1, 0)+IF(AND((H$3-$B$2)>=0,(H$3-$B$2)<30), 2,0) -> 0 | I50: =IF(OR(AND($F49<=I$3, $F50 >= I$3), AND($F50<I$3, WORKDAY($F50, 22,Holiday!$A$1:$A$30)>I$3)), 1, 0)+IF(AND((I$3-$B$2)>=0,(I$3-$B$2)<30), 2,0) -> 0 | J50: =IF(OR(AND($F49<=J$3, $F50 >= J$3), AND($F50<J$3, WORKDAY($F50, 22,Holiday!$A$1:$A$30)>J$3)), 1, 0)+IF(AND((J$3-$B$2)>=0,(J$3-$B$2)<30), 2,0) -> 0 | K50: =IF(OR(AND($F49<=K$3, $F50 >= K$3), AND($F50<K$3, WORKDAY($F50, 22,Holiday!$A$1:$A$30)>K$3)), 1, 0)+IF(AND((K$3-$B$2)>=0,(K$3-$B$2)<30), 2,0) -> 0 | L50: =IF(OR(AND($F49<=L$3, $F50 >= L$3), AND($F50<L$3, WORKDAY($F50, 22,Holiday!$A$1:$A$30)>L$3)), 1, 0)+IF(AND((L$3-$B$2)>=0,(L$3-$B$2)<30), 2,0) -> 0 | M50: =IF(OR(AND($F49<=M$3, $F50 >= M$3), AND($F50<M$3, WORKDAY($F50, 22,Holiday!$A$1:$A$30)>M$3)), 1, 0)+IF(AND((M$3-$B$2)>=0,(M$3-$B$2)<30), 2,0) -> 0 | N50: =IF(OR(AND($F49<=N$3, $F50 >= N$3), AND($F50<N$3, WORKDAY($F50, 22,Holiday!$A$1:$A$30)>N$3)), 1, 0)+IF(AND((N$3-$B$2)>=0,(N$3-$B$2)<30), 2,0) -> 0 | ... AO50: =IF(OR(AND($F49<=AO$3, $F50 >= AO$3), AND($F50<AO$3, WORKDAY($F50, 22,Holiday!$A$1:$A$30)>AO$3)), 1, 0)+IF(AND((AO$3-$B$2)>=0,(AO$3-$B$2)<30), 2,0) -> 0
B51: Decision table/ CheckForActionCodes | C51: DEV 1 | D51: 6 | E51: =ROUNDUP(D51*(1+$D$2),0) -> 9 | F51: =WORKDAY(F50,E51,Holiday!A47:A76) -> 46472 | G51: =IF(OR(AND($F50<=G$3, $F51 >= G$3), AND($F51<G$3, WORKDAY($F51, 22,Holiday!$A$1:$A$30)>G$3)), 1, 0)+IF(AND((G$3-$B$2)>=0,(G$3-$B$2)<30), 2,0) -> 0 | H51: =IF(OR(AND($F50<=H$3, $F51 >= H$3), AND($F51<H$3, WORKDAY($F51, 22,Holiday!$A$1:$A$30)>H$3)), 1, 0)+IF(AND((H$3-$B$2)>=0,(H$3-$B$2)<30), 2,0) -> 0 | I51: =IF(OR(AND($F50<=I$3, $F51 >= I$3), AND($F51<I$3, WORKDAY($F51, 22,Holiday!$A$1:$A$30)>I$3)), 1, 0)+IF(AND((I$3-$B$2)>=0,(I$3-$B$2)<30), 2,0) -> 0 | J51: =IF(OR(AND($F50<=J$3, $F51 >= J$3), AND($F51<J$3, WORKDAY($F51, 22,Holiday!$A$1:$A$30)>J$3)), 1, 0)+IF(AND((J$3-$B$2)>=0,(J$3-$B$2)<30), 2,0) -> 0 | K51: =IF(OR(AND($F50<=K$3, $F51 >= K$3), AND($F51<K$3, WORKDAY($F51, 22,Holiday!$A$1:$A$30)>K$3)), 1, 0)+IF(AND((K$3-$B$2)>=0,(K$3-$B$2)<30), 2,0) -> 0 | L51: =IF(OR(AND($F50<=L$3, $F51 >= L$3), AND($F51<L$3, WORKDAY($F51, 22,Holiday!$A$1:$A$30)>L$3)), 1, 0)+IF(AND((L$3-$B$2)>=0,(L$3-$B$2)<30), 2,0) -> 0 | M51: =IF(OR(AND($F50<=M$3, $F51 >= M$3), AND($F51<M$3, WORKDAY($F51, 22,Holiday!$A$1:$A$30)>M$3)), 1, 0)+IF(AND((M$3-$B$2)>=0,(M$3-$B$2)<30), 2,0) -> 0 | N51: =IF(OR(AND($F50<=N$3, $F51 >= N$3), AND($F51<N$3, WORKDAY($F51, 22,Holiday!$A$1:$A$30)>N$3)), 1, 0)+IF(AND((N$3-$B$2)>=0,(N$3-$B$2)<30), 2,0) -> 0 | ... AO51: =IF(OR(AND($F50<=AO$3, $F51 >= AO$3), AND($F51<AO$3, WORKDAY($F51, 22,Holiday!$A$1:$A$30)>AO$3)), 1, 0)+IF(AND((AO$3-$B$2)>=0,(AO$3-$B$2)<30), 2,0) -> 0
B52: Decision table/ Connected Call Code Configuration | C52: DEV 1 | D52: 6 | E52: =ROUNDUP(D52*(1+$D$2),0) -> 9 | F52: =WORKDAY(F51,E52,Holiday!A48:A77) -> 46485 | G52: =IF(OR(AND($F51<=G$3, $F52 >= G$3), AND($F52<G$3, WORKDAY($F52, 22,Holiday!$A$1:$A$30)>G$3)), 1, 0)+IF(AND((G$3-$B$2)>=0,(G$3-$B$2)<30), 2,0) -> 0 | H52: =IF(OR(AND($F51<=H$3, $F52 >= H$3), AND($F52<H$3, WORKDAY($F52, 22,Holiday!$A$1:$A$30)>H$3)), 1, 0)+IF(AND((H$3-$B$2)>=0,(H$3-$B$2)<30), 2,0) -> 0 | I52: =IF(OR(AND($F51<=I$3, $F52 >= I$3), AND($F52<I$3, WORKDAY($F52, 22,Holiday!$A$1:$A$30)>I$3)), 1, 0)+IF(AND((I$3-$B$2)>=0,(I$3-$B$2)<30), 2,0) -> 0 | J52: =IF(OR(AND($F51<=J$3, $F52 >= J$3), AND($F52<J$3, WORKDAY($F52, 22,Holiday!$A$1:$A$30)>J$3)), 1, 0)+IF(AND((J$3-$B$2)>=0,(J$3-$B$2)<30), 2,0) -> 0 | K52: =IF(OR(AND($F51<=K$3, $F52 >= K$3), AND($F52<K$3, WORKDAY($F52, 22,Holiday!$A$1:$A$30)>K$3)), 1, 0)+IF(AND((K$3-$B$2)>=0,(K$3-$B$2)<30), 2,0) -> 0 | L52: =IF(OR(AND($F51<=L$3, $F52 >= L$3), AND($F52<L$3, WORKDAY($F52, 22,Holiday!$A$1:$A$30)>L$3)), 1, 0)+IF(AND((L$3-$B$2)>=0,(L$3-$B$2)<30), 2,0) -> 0 | M52: =IF(OR(AND($F51<=M$3, $F52 >= M$3), AND($F52<M$3, WORKDAY($F52, 22,Holiday!$A$1:$A$30)>M$3)), 1, 0)+IF(AND((M$3-$B$2)>=0,(M$3-$B$2)<30), 2,0) -> 0 | N52: =IF(OR(AND($F51<=N$3, $F52 >= N$3), AND($F52<N$3, WORKDAY($F52, 22,Holiday!$A$1:$A$30)>N$3)), 1, 0)+IF(AND((N$3-$B$2)>=0,(N$3-$B$2)<30), 2,0) -> 0 | ... AO52: =IF(OR(AND($F51<=AO$3, $F52 >= AO$3), AND($F52<AO$3, WORKDAY($F52, 22,Holiday!$A$1:$A$30)>AO$3)), 1, 0)+IF(AND((AO$3-$B$2)>=0,(AO$3-$B$2)<30), 2,0) -> 0
B53: Decision table/ CRP-1992 SMS Message Template | C53: DEV 1 | D53: 6 | E53: =ROUNDUP(D53*(1+$D$2),0) -> 9 | F53: =WORKDAY(F52,E53,Holiday!A49:A78) -> 46498 | G53: =IF(OR(AND($F52<=G$3, $F53 >= G$3), AND($F53<G$3, WORKDAY($F53, 22,Holiday!$A$1:$A$30)>G$3)), 1, 0)+IF(AND((G$3-$B$2)>=0,(G$3-$B$2)<30), 2,0) -> 0 | H53: =IF(OR(AND($F52<=H$3, $F53 >= H$3), AND($F53<H$3, WORKDAY($F53, 22,Holiday!$A$1:$A$30)>H$3)), 1, 0)+IF(AND((H$3-$B$2)>=0,(H$3-$B$2)<30), 2,0) -> 0 | I53: =IF(OR(AND($F52<=I$3, $F53 >= I$3), AND($F53<I$3, WORKDAY($F53, 22,Holiday!$A$1:$A$30)>I$3)), 1, 0)+IF(AND((I$3-$B$2)>=0,(I$3-$B$2)<30), 2,0) -> 0 | J53: =IF(OR(AND($F52<=J$3, $F53 >= J$3), AND($F53<J$3, WORKDAY($F53, 22,Holiday!$A$1:$A$30)>J$3)), 1, 0)+IF(AND((J$3-$B$2)>=0,(J$3-$B$2)<30), 2,0) -> 0 | K53: =IF(OR(AND($F52<=K$3, $F53 >= K$3), AND($F53<K$3, WORKDAY($F53, 22,Holiday!$A$1:$A$30)>K$3)), 1, 0)+IF(AND((K$3-$B$2)>=0,(K$3-$B$2)<30), 2,0) -> 0 | L53: =IF(OR(AND($F52<=L$3, $F53 >= L$3), AND($F53<L$3, WORKDAY($F53, 22,Holiday!$A$1:$A$30)>L$3)), 1, 0)+IF(AND((L$3-$B$2)>=0,(L$3-$B$2)<30), 2,0) -> 0 | M53: =IF(OR(AND($F52<=M$3, $F53 >= M$3), AND($F53<M$3, WORKDAY($F53, 22,Holiday!$A$1:$A$30)>M$3)), 1, 0)+IF(AND((M$3-$B$2)>=0,(M$3-$B$2)<30), 2,0) -> 0 | N53: =IF(OR(AND($F52<=N$3, $F53 >= N$3), AND($F53<N$3, WORKDAY($F53, 22,Holiday!$A$1:$A$30)>N$3)), 1, 0)+IF(AND((N$3-$B$2)>=0,(N$3-$B$2)<30), 2,0) -> 0 | ... AO53: =IF(OR(AND($F52<=AO$3, $F53 >= AO$3), AND($F53<AO$3, WORKDAY($F53, 22,Holiday!$A$1:$A$30)>AO$3)), 1, 0)+IF(AND((AO$3-$B$2)>=0,(AO$3-$B$2)<30), 2,0) -> 0
B54: Decision table/ CRP-1992 ZNS Message Template | C54: DEV 1 | D54: 6 | E54: =ROUNDUP(D54*(1+$D$2),0) -> 9 | F54: =WORKDAY(F53,E54,Holiday!A50:A79) -> 46511 | G54: =IF(OR(AND($F53<=G$3, $F54 >= G$3), AND($F54<G$3, WORKDAY($F54, 22,Holiday!$A$1:$A$30)>G$3)), 1, 0)+IF(AND((G$3-$B$2)>=0,(G$3-$B$2)<30), 2,0) -> 0 | H54: =IF(OR(AND($F53<=H$3, $F54 >= H$3), AND($F54<H$3, WORKDAY($F54, 22,Holiday!$A$1:$A$30)>H$3)), 1, 0)+IF(AND((H$3-$B$2)>=0,(H$3-$B$2)<30), 2,0) -> 0 | I54: =IF(OR(AND($F53<=I$3, $F54 >= I$3), AND($F54<I$3, WORKDAY($F54, 22,Holiday!$A$1:$A$30)>I$3)), 1, 0)+IF(AND((I$3-$B$2)>=0,(I$3-$B$2)<30), 2,0) -> 0 | J54: =IF(OR(AND($F53<=J$3, $F54 >= J$3), AND($F54<J$3, WORKDAY($F54, 22,Holiday!$A$1:$A$30)>J$3)), 1, 0)+IF(AND((J$3-$B$2)>=0,(J$3-$B$2)<30), 2,0) -> 0 | K54: =IF(OR(AND($F53<=K$3, $F54 >= K$3), AND($F54<K$3, WORKDAY($F54, 22,Holiday!$A$1:$A$30)>K$3)), 1, 0)+IF(AND((K$3-$B$2)>=0,(K$3-$B$2)<30), 2,0) -> 0 | L54: =IF(OR(AND($F53<=L$3, $F54 >= L$3), AND($F54<L$3, WORKDAY($F54, 22,Holiday!$A$1:$A$30)>L$3)), 1, 0)+IF(AND((L$3-$B$2)>=0,(L$3-$B$2)<30), 2,0) -> 0 | M54: =IF(OR(AND($F53<=M$3, $F54 >= M$3), AND($F54<M$3, WORKDAY($F54, 22,Holiday!$A$1:$A$30)>M$3)), 1, 0)+IF(AND((M$3-$B$2)>=0,(M$3-$B$2)<30), 2,0) -> 0 | N54: =IF(OR(AND($F53<=N$3, $F54 >= N$3), AND($F54<N$3, WORKDAY($F54, 22,Holiday!$A$1:$A$30)>N$3)), 1, 0)+IF(AND((N$3-$B$2)>=0,(N$3-$B$2)<30), 2,0) -> 0 | ... AO54: =IF(OR(AND($F53<=AO$3, $F54 >= AO$3), AND($F54<AO$3, WORKDAY($F54, 22,Holiday!$A$1:$A$30)>AO$3)), 1, 0)+IF(AND((AO$3-$B$2)>=0,(AO$3-$B$2)<30), 2,0) -> 0
... B70: Decision table/ DetermineSurveyActionCode | C70: DEV 1 | D70: 6 | E70: =ROUNDUP(D70*(1+$D$2),0) -> 9 | F70: =WORKDAY(F69,E70,Holiday!A66:A95) -> 46713 | G70: =IF(OR(AND($F69<=G$3, $F70 >= G$3), AND($F70<G$3, WORKDAY($F70, 22,Holiday!$A$1:$A$30)>G$3)), 1, 0)+IF(AND((G$3-$B$2)>=0,(G$3-$B$2)<30), 2,0) -> 0 | H70: =IF(OR(AND($F69<=H$3, $F70 >= H$3), AND($F70<H$3, WORKDAY($F70, 22,Holiday!$A$1:$A$30)>H$3)), 1, 0)+IF(AND((H$3-$B$2)>=0,(H$3-$B$2)<30), 2,0) -> 0 | I70: =IF(OR(AND($F69<=I$3, $F70 >= I$3), AND($F70<I$3, WORKDAY($F70, 22,Holiday!$A$1:$A$30)>I$3)), 1, 0)+IF(AND((I$3-$B$2)>=0,(I$3-$B$2)<30), 2,0) -> 0 | J70: =IF(OR(AND($F69<=J$3, $F70 >= J$3), AND($F70<J$3, WORKDAY($F70, 22,Holiday!$A$1:$A$30)>J$3)), 1, 0)+IF(AND((J$3-$B$2)>=0,(J$3-$B$2)<30), 2,0) -> 0 | K70: =IF(OR(AND($F69<=K$3, $F70 >= K$3), AND($F70<K$3, WORKDAY($F70, 22,Holiday!$A$1:$A$30)>K$3)), 1, 0)+IF(AND((K$3-$B$2)>=0,(K$3-$B$2)<30), 2,0) -> 0 | L70: =IF(OR(AND($F69<=L$3, $F70 >= L$3), AND($F70<L$3, WORKDAY($F70, 22,Holiday!$A$1:$A$30)>L$3)), 1, 0)+IF(AND((L$3-$B$2)>=0,(L$3-$B$2)<30), 2,0) -> 0 | M70: =IF(OR(AND($F69<=M$3, $F70 >= M$3), AND($F70<M$3, WORKDAY($F70, 22,Holiday!$A$1:$A$30)>M$3)), 1, 0)+IF(AND((M$3-$B$2)>=0,(M$3-$B$2)<30), 2,0) -> 0 | N70: =IF(OR(AND($F69<=N$3, $F70 >= N$3), AND($F70<N$3, WORKDAY($F70, 22,Holiday!$A$1:$A$30)>N$3)), 1, 0)+IF(AND((N$3-$B$2)>=0,(N$3-$B$2)<30), 2,0) -> 0 | ... AO70: =IF(OR(AND($F69<=AO$3, $F70 >= AO$3), AND($F70<AO$3, WORKDAY($F70, 22,Holiday!$A$1:$A$30)>AO$3)), 1, 0)+IF(AND((AO$3-$B$2)>=0,(AO$3-$B$2)<30), 2,0) -> 0
B71: Decision table/ Eligibility Criteria For Approval For CSA Routing | C71: DEV 2 | D71: 6 | E71: =ROUNDUP(D71*(1+$D$2),0) -> 9 | F71: =WORKDAY(F41,E71,Holiday!A67:A96) -> 46322 | G71: =IF(OR(AND($F70<=G$3, $F71 >= G$3), AND($F71<G$3, WORKDAY($F71, 22,Holiday!$A$1:$A$30)>G$3)), 1, 0)+IF(AND((G$3-$B$2)>=0,(G$3-$B$2)<30), 2,0) -> 0 | H71: =IF(OR(AND($F70<=H$3, $F71 >= H$3), AND($F71<H$3, WORKDAY($F71, 22,Holiday!$A$1:$A$30)>H$3)), 1, 0)+IF(AND((H$3-$B$2)>=0,(H$3-$B$2)<30), 2,0) -> 0 | I71: =IF(OR(AND($F70<=I$3, $F71 >= I$3), AND($F71<I$3, WORKDAY($F71, 22,Holiday!$A$1:$A$30)>I$3)), 1, 0)+IF(AND((I$3-$B$2)>=0,(I$3-$B$2)<30), 2,0) -> 0 | J71: =IF(OR(AND($F70<=J$3, $F71 >= J$3), AND($F71<J$3, WORKDAY($F71, 22,Holiday!$A$1:$A$30)>J$3)), 1, 0)+IF(AND((J$3-$B$2)>=0,(J$3-$B$2)<30), 2,0) -> 0 | K71: =IF(OR(AND($F70<=K$3, $F71 >= K$3), AND($F71<K$3, WORKDAY($F71, 22,Holiday!$A$1:$A$30)>K$3)), 1, 0)+IF(AND((K$3-$B$2)>=0,(K$3-$B$2)<30), 2,0) -> 0 | L71: =IF(OR(AND($F70<=L$3, $F71 >= L$3), AND($F71<L$3, WORKDAY($F71, 22,Holiday!$A$1:$A$30)>L$3)), 1, 0)+IF(AND((L$3-$B$2)>=0,(L$3-$B$2)<30), 2,0) -> 0 | M71: =IF(OR(AND($F70<=M$3, $F71 >= M$3), AND($F71<M$3, WORKDAY($F71, 22,Holiday!$A$1:$A$30)>M$3)), 1, 0)+IF(AND((M$3-$B$2)>=0,(M$3-$B$2)<30), 2,0) -> 0 | N71: =IF(OR(AND($F70<=N$3, $F71 >= N$3), AND($F71<N$3, WORKDAY($F71, 22,Holiday!$A$1:$A$30)>N$3)), 1, 0)+IF(AND((N$3-$B$2)>=0,(N$3-$B$2)<30), 2,0) -> 0 | ... AO71: =IF(OR(AND($F70<=AO$3, $F71 >= AO$3), AND($F71<AO$3, WORKDAY($F71, 22,Holiday!$A$1:$A$30)>AO$3)), 1, 0)+IF(AND((AO$3-$B$2)>=0,(AO$3-$B$2)<30), 2,0) -> 0
B72: Decision table/ EvaluateSFCCases | C72: DEV 2 | D72: 6 | E72: =ROUNDUP(D72*(1+$D$2),0) -> 9 | F72: =WORKDAY(F71,E72,Holiday!A68:A97) -> 46335 | G72: =IF(OR(AND($F71<=G$3, $F72 >= G$3), AND($F72<G$3, WORKDAY($F72, 22,Holiday!$A$1:$A$30)>G$3)), 1, 0)+IF(AND((G$3-$B$2)>=0,(G$3-$B$2)<30), 2,0) -> 0 | H72: =IF(OR(AND($F71<=H$3, $F72 >= H$3), AND($F72<H$3, WORKDAY($F72, 22,Holiday!$A$1:$A$30)>H$3)), 1, 0)+IF(AND((H$3-$B$2)>=0,(H$3-$B$2)<30), 2,0) -> 0 | I72: =IF(OR(AND($F71<=I$3, $F72 >= I$3), AND($F72<I$3, WORKDAY($F72, 22,Holiday!$A$1:$A$30)>I$3)), 1, 0)+IF(AND((I$3-$B$2)>=0,(I$3-$B$2)<30), 2,0) -> 0 | J72: =IF(OR(AND($F71<=J$3, $F72 >= J$3), AND($F72<J$3, WORKDAY($F72, 22,Holiday!$A$1:$A$30)>J$3)), 1, 0)+IF(AND((J$3-$B$2)>=0,(J$3-$B$2)<30), 2,0) -> 0 | K72: =IF(OR(AND($F71<=K$3, $F72 >= K$3), AND($F72<K$3, WORKDAY($F72, 22,Holiday!$A$1:$A$30)>K$3)), 1, 0)+IF(AND((K$3-$B$2)>=0,(K$3-$B$2)<30), 2,0) -> 0 | L72: =IF(OR(AND($F71<=L$3, $F72 >= L$3), AND($F72<L$3, WORKDAY($F72, 22,Holiday!$A$1:$A$30)>L$3)), 1, 0)+IF(AND((L$3-$B$2)>=0,(L$3-$B$2)<30), 2,0) -> 0 | M72: =IF(OR(AND($F71<=M$3, $F72 >= M$3), AND($F72<M$3, WORKDAY($F72, 22,Holiday!$A$1:$A$30)>M$3)), 1, 0)+IF(AND((M$3-$B$2)>=0,(M$3-$B$2)<30), 2,0) -> 0 | N72: =IF(OR(AND($F71<=N$3, $F72 >= N$3), AND($F72<N$3, WORKDAY($F72, 22,Holiday!$A$1:$A$30)>N$3)), 1, 0)+IF(AND((N$3-$B$2)>=0,(N$3-$B$2)<30), 2,0) -> 0 | ... AO72: =IF(OR(AND($F71<=AO$3, $F72 >= AO$3), AND($F72<AO$3, WORKDAY($F72, 22,Holiday!$A$1:$A$30)>AO$3)), 1, 0)+IF(AND((AO$3-$B$2)>=0,(AO$3-$B$2)<30), 2,0) -> 0
B73: Decision table/ Exception Group List | C73: DEV 2 | D73: 6 | E73: =ROUNDUP(D73*(1+$D$2),0) -> 9 | F73: =WORKDAY(F72,E73,Holiday!A69:A98) -> 46346 | G73: =IF(OR(AND($F72<=G$3, $F73 >= G$3), AND($F73<G$3, WORKDAY($F73, 22,Holiday!$A$1:$A$30)>G$3)), 1, 0)+IF(AND((G$3-$B$2)>=0,(G$3-$B$2)<30), 2,0) -> 0 | H73: =IF(OR(AND($F72<=H$3, $F73 >= H$3), AND($F73<H$3, WORKDAY($F73, 22,Holiday!$A$1:$A$30)>H$3)), 1, 0)+IF(AND((H$3-$B$2)>=0,(H$3-$B$2)<30), 2,0) -> 0 | I73: =IF(OR(AND($F72<=I$3, $F73 >= I$3), AND($F73<I$3, WORKDAY($F73, 22,Holiday!$A$1:$A$30)>I$3)), 1, 0)+IF(AND((I$3-$B$2)>=0,(I$3-$B$2)<30), 2,0) -> 0 | J73: =IF(OR(AND($F72<=J$3, $F73 >= J$3), AND($F73<J$3, WORKDAY($F73, 22,Holiday!$A$1:$A$30)>J$3)), 1, 0)+IF(AND((J$3-$B$2)>=0,(J$3-$B$2)<30), 2,0) -> 0 | K73: =IF(OR(AND($F72<=K$3, $F73 >= K$3), AND($F73<K$3, WORKDAY($F73, 22,Holiday!$A$1:$A$30)>K$3)), 1, 0)+IF(AND((K$3-$B$2)>=0,(K$3-$B$2)<30), 2,0) -> 0 | L73: =IF(OR(AND($F72<=L$3, $F73 >= L$3), AND($F73<L$3, WORKDAY($F73, 22,Holiday!$A$1:$A$30)>L$3)), 1, 0)+IF(AND((L$3-$B$2)>=0,(L$3-$B$2)<30), 2,0) -> 0 | M73: =IF(OR(AND($F72<=M$3, $F73 >= M$3), AND($F73<M$3, WORKDAY($F73, 22,Holiday!$A$1:$A$30)>M$3)), 1, 0)+IF(AND((M$3-$B$2)>=0,(M$3-$B$2)<30), 2,0) -> 0 | N73: =IF(OR(AND($F72<=N$3, $F73 >= N$3), AND($F73<N$3, WORKDAY($F73, 22,Holiday!$A$1:$A$30)>N$3)), 1, 0)+IF(AND((N$3-$B$2)>=0,(N$3-$B$2)<30), 2,0) -> 0 | ... AO73: =IF(OR(AND($F72<=AO$3, $F73 >= AO$3), AND($F73<AO$3, WORKDAY($F73, 22,Holiday!$A$1:$A$30)>AO$3)), 1, 0)+IF(AND((AO$3-$B$2)>=0,(AO$3-$B$2)<30), 2,0) -> 0
B74: Decision table/ Limitation of Remaining POS | C74: DEV 2 | D74: 6 | E74: =ROUNDUP(D74*(1+$D$2),0) -> 9 | F74: =WORKDAY(F73,E74,Holiday!A70:A99) -> 46359 | G74: =IF(OR(AND($F73<=G$3, $F74 >= G$3), AND($F74<G$3, WORKDAY($F74, 22,Holiday!$A$1:$A$30)>G$3)), 1, 0)+IF(AND((G$3-$B$2)>=0,(G$3-$B$2)<30), 2,0) -> 0 | H74: =IF(OR(AND($F73<=H$3, $F74 >= H$3), AND($F74<H$3, WORKDAY($F74, 22,Holiday!$A$1:$A$30)>H$3)), 1, 0)+IF(AND((H$3-$B$2)>=0,(H$3-$B$2)<30), 2,0) -> 0 | I74: =IF(OR(AND($F73<=I$3, $F74 >= I$3), AND($F74<I$3, WORKDAY($F74, 22,Holiday!$A$1:$A$30)>I$3)), 1, 0)+IF(AND((I$3-$B$2)>=0,(I$3-$B$2)<30), 2,0) -> 0 | J74: =IF(OR(AND($F73<=J$3, $F74 >= J$3), AND($F74<J$3, WORKDAY($F74, 22,Holiday!$A$1:$A$30)>J$3)), 1, 0)+IF(AND((J$3-$B$2)>=0,(J$3-$B$2)<30), 2,0) -> 0 | K74: =IF(OR(AND($F73<=K$3, $F74 >= K$3), AND($F74<K$3, WORKDAY($F74, 22,Holiday!$A$1:$A$30)>K$3)), 1, 0)+IF(AND((K$3-$B$2)>=0,(K$3-$B$2)<30), 2,0) -> 0 | L74: =IF(OR(AND($F73<=L$3, $F74 >= L$3), AND($F74<L$3, WORKDAY($F74, 22,Holiday!$A$1:$A$30)>L$3)), 1, 0)+IF(AND((L$3-$B$2)>=0,(L$3-$B$2)<30), 2,0) -> 0 | M74: =IF(OR(AND($F73<=M$3, $F74 >= M$3), AND($F74<M$3, WORKDAY($F74, 22,Holiday!$A$1:$A$30)>M$3)), 1, 0)+IF(AND((M$3-$B$2)>=0,(M$3-$B$2)<30), 2,0) -> 0 | N74: =IF(OR(AND($F73<=N$3, $F74 >= N$3), AND($F74<N$3, WORKDAY($F74, 22,Holiday!$A$1:$A$30)>N$3)), 1, 0)+IF(AND((N$3-$B$2)>=0,(N$3-$B$2)<30), 2,0) -> 0 | ... AO74: =IF(OR(AND($F73<=AO$3, $F74 >= AO$3), AND($F74<AO$3, WORKDAY($F74, 22,Holiday!$A$1:$A$30)>AO$3)), 1, 0)+IF(AND((AO$3-$B$2)>=0,(AO$3-$B$2)<30), 2,0) -> 0
B75: Decision table/ National ID Eligibility | C75: DEV 2 | D75: 6 | E75: =ROUNDUP(D75*(1+$D$2),0) -> 9 | F75: =WORKDAY(F74,E75,Holiday!A71:A100) -> 46372 | G75: =IF(OR(AND($F74<=G$3, $F75 >= G$3), AND($F75<G$3, WORKDAY($F75, 22,Holiday!$A$1:$A$30)>G$3)), 1, 0)+IF(AND((G$3-$B$2)>=0,(G$3-$B$2)<30), 2,0) -> 0 | H75: =IF(OR(AND($F74<=H$3, $F75 >= H$3), AND($F75<H$3, WORKDAY($F75, 22,Holiday!$A$1:$A$30)>H$3)), 1, 0)+IF(AND((H$3-$B$2)>=0,(H$3-$B$2)<30), 2,0) -> 0 | I75: =IF(OR(AND($F74<=I$3, $F75 >= I$3), AND($F75<I$3, WORKDAY($F75, 22,Holiday!$A$1:$A$30)>I$3)), 1, 0)+IF(AND((I$3-$B$2)>=0,(I$3-$B$2)<30), 2,0) -> 0 | J75: =IF(OR(AND($F74<=J$3, $F75 >= J$3), AND($F75<J$3, WORKDAY($F75, 22,Holiday!$A$1:$A$30)>J$3)), 1, 0)+IF(AND((J$3-$B$2)>=0,(J$3-$B$2)<30), 2,0) -> 0 | K75: =IF(OR(AND($F74<=K$3, $F75 >= K$3), AND($F75<K$3, WORKDAY($F75, 22,Holiday!$A$1:$A$30)>K$3)), 1, 0)+IF(AND((K$3-$B$2)>=0,(K$3-$B$2)<30), 2,0) -> 0 | L75: =IF(OR(AND($F74<=L$3, $F75 >= L$3), AND($F75<L$3, WORKDAY($F75, 22,Holiday!$A$1:$A$30)>L$3)), 1, 0)+IF(AND((L$3-$B$2)>=0,(L$3-$B$2)<30), 2,0) -> 0 | M75: =IF(OR(AND($F74<=M$3, $F75 >= M$3), AND($F75<M$3, WORKDAY($F75, 22,Holiday!$A$1:$A$30)>M$3)), 1, 0)+IF(AND((M$3-$B$2)>=0,(M$3-$B$2)<30), 2,0) -> 0 | N75: =IF(OR(AND($F74<=N$3, $F75 >= N$3), AND($F75<N$3, WORKDAY($F75, 22,Holiday!$A$1:$A$30)>N$3)), 1, 0)+IF(AND((N$3-$B$2)>=0,(N$3-$B$2)<30), 2,0) -> 0 | ... AO75: =IF(OR(AND($F74<=AO$3, $F75 >= AO$3), AND($F75<AO$3, WORKDAY($F75, 22,Holiday!$A$1:$A$30)>AO$3)), 1, 0)+IF(AND((AO$3-$B$2)>=0,(AO$3-$B$2)<30), 2,0) -> 0
B76: Decision table/ Phone Masking Eligibility | C76: DEV 2 | D76: 6 | E76: =ROUNDUP(D76*(1+$D$2),0) -> 9 | F76: =WORKDAY(F75,E76,Holiday!A72:A101) -> 46385 | G76: =IF(OR(AND($F75<=G$3, $F76 >= G$3), AND($F76<G$3, WORKDAY($F76, 22,Holiday!$A$1:$A$30)>G$3)), 1, 0)+IF(AND((G$3-$B$2)>=0,(G$3-$B$2)<30), 2,0) -> 0 | H76: =IF(OR(AND($F75<=H$3, $F76 >= H$3), AND($F76<H$3, WORKDAY($F76, 22,Holiday!$A$1:$A$30)>H$3)), 1, 0)+IF(AND((H$3-$B$2)>=0,(H$3-$B$2)<30), 2,0) -> 0 | I76: =IF(OR(AND($F75<=I$3, $F76 >= I$3), AND($F76<I$3, WORKDAY($F76, 22,Holiday!$A$1:$A$30)>I$3)), 1, 0)+IF(AND((I$3-$B$2)>=0,(I$3-$B$2)<30), 2,0) -> 0 | J76: =IF(OR(AND($F75<=J$3, $F76 >= J$3), AND($F76<J$3, WORKDAY($F76, 22,Holiday!$A$1:$A$30)>J$3)), 1, 0)+IF(AND((J$3-$B$2)>=0,(J$3-$B$2)<30), 2,0) -> 0 | K76: =IF(OR(AND($F75<=K$3, $F76 >= K$3), AND($F76<K$3, WORKDAY($F76, 22,Holiday!$A$1:$A$30)>K$3)), 1, 0)+IF(AND((K$3-$B$2)>=0,(K$3-$B$2)<30), 2,0) -> 0 | L76: =IF(OR(AND($F75<=L$3, $F76 >= L$3), AND($F76<L$3, WORKDAY($F76, 22,Holiday!$A$1:$A$30)>L$3)), 1, 0)+IF(AND((L$3-$B$2)>=0,(L$3-$B$2)<30), 2,0) -> 0 | M76: =IF(OR(AND($F75<=M$3, $F76 >= M$3), AND($F76<M$3, WORKDAY($F76, 22,Holiday!$A$1:$A$30)>M$3)), 1, 0)+IF(AND((M$3-$B$2)>=0,(M$3-$B$2)<30), 2,0) -> 0 | N76: =IF(OR(AND($F75<=N$3, $F76 >= N$3), AND($F76<N$3, WORKDAY($F76, 22,Holiday!$A$1:$A$30)>N$3)), 1, 0)+IF(AND((N$3-$B$2)>=0,(N$3-$B$2)<30), 2,0) -> 0 | ... AO76: =IF(OR(AND($F75<=AO$3, $F76 >= AO$3), AND($F76<AO$3, WORKDAY($F76, 22,Holiday!$A$1:$A$30)>AO$3)), 1, 0)+IF(AND((AO$3-$B$2)>=0,(AO$3-$B$2)<30), 2,0) -> 0
B77: Decision table/ PILOT_B0-B6_MESSAGE_TEMPLATE | C77: DEV 2 | D77: 6 | E77: =ROUNDUP(D77*(1+$D$2),0) -> 9 | F77: =WORKDAY(F76,E77,Holiday!A73:A102) -> 46398 | G77: =IF(OR(AND($F76<=G$3, $F77 >= G$3), AND($F77<G$3, WORKDAY($F77, 22,Holiday!$A$1:$A$30)>G$3)), 1, 0)+IF(AND((G$3-$B$2)>=0,(G$3-$B$2)<30), 2,0) -> 0 | H77: =IF(OR(AND($F76<=H$3, $F77 >= H$3), AND($F77<H$3, WORKDAY($F77, 22,Holiday!$A$1:$A$30)>H$3)), 1, 0)+IF(AND((H$3-$B$2)>=0,(H$3-$B$2)<30), 2,0) -> 0 | I77: =IF(OR(AND($F76<=I$3, $F77 >= I$3), AND($F77<I$3, WORKDAY($F77, 22,Holiday!$A$1:$A$30)>I$3)), 1, 0)+IF(AND((I$3-$B$2)>=0,(I$3-$B$2)<30), 2,0) -> 0 | J77: =IF(OR(AND($F76<=J$3, $F77 >= J$3), AND($F77<J$3, WORKDAY($F77, 22,Holiday!$A$1:$A$30)>J$3)), 1, 0)+IF(AND((J$3-$B$2)>=0,(J$3-$B$2)<30), 2,0) -> 0 | K77: =IF(OR(AND($F76<=K$3, $F77 >= K$3), AND($F77<K$3, WORKDAY($F77, 22,Holiday!$A$1:$A$30)>K$3)), 1, 0)+IF(AND((K$3-$B$2)>=0,(K$3-$B$2)<30), 2,0) -> 0 | L77: =IF(OR(AND($F76<=L$3, $F77 >= L$3), AND($F77<L$3, WORKDAY($F77, 22,Holiday!$A$1:$A$30)>L$3)), 1, 0)+IF(AND((L$3-$B$2)>=0,(L$3-$B$2)<30), 2,0) -> 0 | M77: =IF(OR(AND($F76<=M$3, $F77 >= M$3), AND($F77<M$3, WORKDAY($F77, 22,Holiday!$A$1:$A$30)>M$3)), 1, 0)+IF(AND((M$3-$B$2)>=0,(M$3-$B$2)<30), 2,0) -> 0 | N77: =IF(OR(AND($F76<=N$3, $F77 >= N$3), AND($F77<N$3, WORKDAY($F77, 22,Holiday!$A$1:$A$30)>N$3)), 1, 0)+IF(AND((N$3-$B$2)>=0,(N$3-$B$2)<30), 2,0) -> 0 | ... AO77: =IF(OR(AND($F76<=AO$3, $F77 >= AO$3), AND($F77<AO$3, WORKDAY($F77, 22,Holiday!$A$1:$A$30)>AO$3)), 1, 0)+IF(AND((AO$3-$B$2)>=0,(AO$3-$B$2)<30), 2,0) -> 0
B78: Decision table/ Post due SMS/ZMS templates. | C78: DEV 2 | D78: 6 | E78: =ROUNDUP(D78*(1+$D$2),0) -> 9 | F78: =WORKDAY(F77,E78,Holiday!A74:A103) -> 46409 | G78: =IF(OR(AND($F77<=G$3, $F78 >= G$3), AND($F78<G$3, WORKDAY($F78, 22,Holiday!$A$1:$A$30)>G$3)), 1, 0)+IF(AND((G$3-$B$2)>=0,(G$3-$B$2)<30), 2,0) -> 0 | H78: =IF(OR(AND($F77<=H$3, $F78 >= H$3), AND($F78<H$3, WORKDAY($F78, 22,Holiday!$A$1:$A$30)>H$3)), 1, 0)+IF(AND((H$3-$B$2)>=0,(H$3-$B$2)<30), 2,0) -> 0 | I78: =IF(OR(AND($F77<=I$3, $F78 >= I$3), AND($F78<I$3, WORKDAY($F78, 22,Holiday!$A$1:$A$30)>I$3)), 1, 0)+IF(AND((I$3-$B$2)>=0,(I$3-$B$2)<30), 2,0) -> 0 | J78: =IF(OR(AND($F77<=J$3, $F78 >= J$3), AND($F78<J$3, WORKDAY($F78, 22,Holiday!$A$1:$A$30)>J$3)), 1, 0)+IF(AND((J$3-$B$2)>=0,(J$3-$B$2)<30), 2,0) -> 0 | K78: =IF(OR(AND($F77<=K$3, $F78 >= K$3), AND($F78<K$3, WORKDAY($F78, 22,Holiday!$A$1:$A$30)>K$3)), 1, 0)+IF(AND((K$3-$B$2)>=0,(K$3-$B$2)<30), 2,0) -> 0 | L78: =IF(OR(AND($F77<=L$3, $F78 >= L$3), AND($F78<L$3, WORKDAY($F78, 22,Holiday!$A$1:$A$30)>L$3)), 1, 0)+IF(AND((L$3-$B$2)>=0,(L$3-$B$2)<30), 2,0) -> 0 | M78: =IF(OR(AND($F77<=M$3, $F78 >= M$3), AND($F78<M$3, WORKDAY($F78, 22,Holiday!$A$1:$A$30)>M$3)), 1, 0)+IF(AND((M$3-$B$2)>=0,(M$3-$B$2)<30), 2,0) -> 0 | N78: =IF(OR(AND($F77<=N$3, $F78 >= N$3), AND($F78<N$3, WORKDAY($F78, 22,Holiday!$A$1:$A$30)>N$3)), 1, 0)+IF(AND((N$3-$B$2)>=0,(N$3-$B$2)<30), 2,0) -> 0 | ... AO78: =IF(OR(AND($F77<=AO$3, $F78 >= AO$3), AND($F78<AO$3, WORKDAY($F78, 22,Holiday!$A$1:$A$30)>AO$3)), 1, 0)+IF(AND((AO$3-$B$2)>=0,(AO$3-$B$2)<30), 2,0) -> 0
B79: Decision table/ PostDue Voice Blaster Eligibility | C79: DEV 2 | D79: 6 | E79: =ROUNDUP(D79*(1+$D$2),0) -> 9 | F79: =WORKDAY(F78,E79,Holiday!A75:A104) -> 46422 | G79: =IF(OR(AND($F78<=G$3, $F79 >= G$3), AND($F79<G$3, WORKDAY($F79, 22,Holiday!$A$1:$A$30)>G$3)), 1, 0)+IF(AND((G$3-$B$2)>=0,(G$3-$B$2)<30), 2,0) -> 0 | H79: =IF(OR(AND($F78<=H$3, $F79 >= H$3), AND($F79<H$3, WORKDAY($F79, 22,Holiday!$A$1:$A$30)>H$3)), 1, 0)+IF(AND((H$3-$B$2)>=0,(H$3-$B$2)<30), 2,0) -> 0 | I79: =IF(OR(AND($F78<=I$3, $F79 >= I$3), AND($F79<I$3, WORKDAY($F79, 22,Holiday!$A$1:$A$30)>I$3)), 1, 0)+IF(AND((I$3-$B$2)>=0,(I$3-$B$2)<30), 2,0) -> 0 | J79: =IF(OR(AND($F78<=J$3, $F79 >= J$3), AND($F79<J$3, WORKDAY($F79, 22,Holiday!$A$1:$A$30)>J$3)), 1, 0)+IF(AND((J$3-$B$2)>=0,(J$3-$B$2)<30), 2,0) -> 0 | K79: =IF(OR(AND($F78<=K$3, $F79 >= K$3), AND($F79<K$3, WORKDAY($F79, 22,Holiday!$A$1:$A$30)>K$3)), 1, 0)+IF(AND((K$3-$B$2)>=0,(K$3-$B$2)<30), 2,0) -> 0 | L79: =IF(OR(AND($F78<=L$3, $F79 >= L$3), AND($F79<L$3, WORKDAY($F79, 22,Holiday!$A$1:$A$30)>L$3)), 1, 0)+IF(AND((L$3-$B$2)>=0,(L$3-$B$2)<30), 2,0) -> 0 | M79: =IF(OR(AND($F78<=M$3, $F79 >= M$3), AND($F79<M$3, WORKDAY($F79, 22,Holiday!$A$1:$A$30)>M$3)), 1, 0)+IF(AND((M$3-$B$2)>=0,(M$3-$B$2)<30), 2,0) -> 0 | N79: =IF(OR(AND($F78<=N$3, $F79 >= N$3), AND($F79<N$3, WORKDAY($F79, 22,Holiday!$A$1:$A$30)>N$3)), 1, 0)+IF(AND((N$3-$B$2)>=0,(N$3-$B$2)<30), 2,0) -> 0 | ... AO79: =IF(OR(AND($F78<=AO$3, $F79 >= AO$3), AND($F79<AO$3, WORKDAY($F79, 22,Holiday!$A$1:$A$30)>AO$3)), 1, 0)+IF(AND((AO$3-$B$2)>=0,(AO$3-$B$2)<30), 2,0) -> 0
B80: Decision table/ Pre due SMS/ZMS templates. | C80: DEV 2 | D80: 6 | E80: =ROUNDUP(D80*(1+$D$2),0) -> 9 | F80: =WORKDAY(F79,E80,Holiday!A76:A105) -> 46435 | G80: =IF(OR(AND($F79<=G$3, $F80 >= G$3), AND($F80<G$3, WORKDAY($F80, 22,Holiday!$A$1:$A$30)>G$3)), 1, 0)+IF(AND((G$3-$B$2)>=0,(G$3-$B$2)<30), 2,0) -> 0 | H80: =IF(OR(AND($F79<=H$3, $F80 >= H$3), AND($F80<H$3, WORKDAY($F80, 22,Holiday!$A$1:$A$30)>H$3)), 1, 0)+IF(AND((H$3-$B$2)>=0,(H$3-$B$2)<30), 2,0) -> 0 | I80: =IF(OR(AND($F79<=I$3, $F80 >= I$3), AND($F80<I$3, WORKDAY($F80, 22,Holiday!$A$1:$A$30)>I$3)), 1, 0)+IF(AND((I$3-$B$2)>=0,(I$3-$B$2)<30), 2,0) -> 0 | J80: =IF(OR(AND($F79<=J$3, $F80 >= J$3), AND($F80<J$3, WORKDAY($F80, 22,Holiday!$A$1:$A$30)>J$3)), 1, 0)+IF(AND((J$3-$B$2)>=0,(J$3-$B$2)<30), 2,0) -> 0 | K80: =IF(OR(AND($F79<=K$3, $F80 >= K$3), AND($F80<K$3, WORKDAY($F80, 22,Holiday!$A$1:$A$30)>K$3)), 1, 0)+IF(AND((K$3-$B$2)>=0,(K$3-$B$2)<30), 2,0) -> 0 | L80: =IF(OR(AND($F79<=L$3, $F80 >= L$3), AND($F80<L$3, WORKDAY($F80, 22,Holiday!$A$1:$A$30)>L$3)), 1, 0)+IF(AND((L$3-$B$2)>=0,(L$3-$B$2)<30), 2,0) -> 0 | M80: =IF(OR(AND($F79<=M$3, $F80 >= M$3), AND($F80<M$3, WORKDAY($F80, 22,Holiday!$A$1:$A$30)>M$3)), 1, 0)+IF(AND((M$3-$B$2)>=0,(M$3-$B$2)<30), 2,0) -> 0 | N80: =IF(OR(AND($F79<=N$3, $F80 >= N$3), AND($F80<N$3, WORKDAY($F80, 22,Holiday!$A$1:$A$30)>N$3)), 1, 0)+IF(AND((N$3-$B$2)>=0,(N$3-$B$2)<30), 2,0) -> 0 | ... AO80: =IF(OR(AND($F79<=AO$3, $F80 >= AO$3), AND($F80<AO$3, WORKDAY($F80, 22,Holiday!$A$1:$A$30)>AO$3)), 1, 0)+IF(AND((AO$3-$B$2)>=0,(AO$3-$B$2)<30), 2,0) -> 0
B81: Decision table/ Predue Eligible Autodialer Accounts-MBW | C81: DEV 2 | D81: 6 | E81: =ROUNDUP(D81*(1+$D$2),0) -> 9 | F81: =WORKDAY(F80,E81,Holiday!A77:A106) -> 46448 | G81: =IF(OR(AND($F80<=G$3, $F81 >= G$3), AND($F81<G$3, WORKDAY($F81, 22,Holiday!$A$1:$A$30)>G$3)), 1, 0)+IF(AND((G$3-$B$2)>=0,(G$3-$B$2)<30), 2,0) -> 0 | H81: =IF(OR(AND($F80<=H$3, $F81 >= H$3), AND($F81<H$3, WORKDAY($F81, 22,Holiday!$A$1:$A$30)>H$3)), 1, 0)+IF(AND((H$3-$B$2)>=0,(H$3-$B$2)<30), 2,0) -> 0 | I81: =IF(OR(AND($F80<=I$3, $F81 >= I$3), AND($F81<I$3, WORKDAY($F81, 22,Holiday!$A$1:$A$30)>I$3)), 1, 0)+IF(AND((I$3-$B$2)>=0,(I$3-$B$2)<30), 2,0) -> 0 | J81: =IF(OR(AND($F80<=J$3, $F81 >= J$3), AND($F81<J$3, WORKDAY($F81, 22,Holiday!$A$1:$A$30)>J$3)), 1, 0)+IF(AND((J$3-$B$2)>=0,(J$3-$B$2)<30), 2,0) -> 0 | K81: =IF(OR(AND($F80<=K$3, $F81 >= K$3), AND($F81<K$3, WORKDAY($F81, 22,Holiday!$A$1:$A$30)>K$3)), 1, 0)+IF(AND((K$3-$B$2)>=0,(K$3-$B$2)<30), 2,0) -> 0 | L81: =IF(OR(AND($F80<=L$3, $F81 >= L$3), AND($F81<L$3, WORKDAY($F81, 22,Holiday!$A$1:$A$30)>L$3)), 1, 0)+IF(AND((L$3-$B$2)>=0,(L$3-$B$2)<30), 2,0) -> 0 | M81: =IF(OR(AND($F80<=M$3, $F81 >= M$3), AND($F81<M$3, WORKDAY($F81, 22,Holiday!$A$1:$A$30)>M$3)), 1, 0)+IF(AND((M$3-$B$2)>=0,(M$3-$B$2)<30), 2,0) -> 0 | N81: =IF(OR(AND($F80<=N$3, $F81 >= N$3), AND($F81<N$3, WORKDAY($F81, 22,Holiday!$A$1:$A$30)>N$3)), 1, 0)+IF(AND((N$3-$B$2)>=0,(N$3-$B$2)<30), 2,0) -> 0 | ... AO81: =IF(OR(AND($F80<=AO$3, $F81 >= AO$3), AND($F81<AO$3, WORKDAY($F81, 22,Holiday!$A$1:$A$30)>AO$3)), 1, 0)+IF(AND((AO$3-$B$2)>=0,(AO$3-$B$2)<30), 2,0) -> 0
B82: Decision table/ Predue Eligible Autodialer Card Accounts | C82: DEV 2 | D82: 6 | E82: =ROUNDUP(D82*(1+$D$2),0) -> 9 | F82: =WORKDAY(F81,E82,Holiday!A78:A107) -> 46461 | G82: =IF(OR(AND($F81<=G$3, $F82 >= G$3), AND($F82<G$3, WORKDAY($F82, 22,Holiday!$A$1:$A$30)>G$3)), 1, 0)+IF(AND((G$3-$B$2)>=0,(G$3-$B$2)<30), 2,0) -> 0 | H82: =IF(OR(AND($F81<=H$3, $F82 >= H$3), AND($F82<H$3, WORKDAY($F82, 22,Holiday!$A$1:$A$30)>H$3)), 1, 0)+IF(AND((H$3-$B$2)>=0,(H$3-$B$2)<30), 2,0) -> 0 | I82: =IF(OR(AND($F81<=I$3, $F82 >= I$3), AND($F82<I$3, WORKDAY($F82, 22,Holiday!$A$1:$A$30)>I$3)), 1, 0)+IF(AND((I$3-$B$2)>=0,(I$3-$B$2)<30), 2,0) -> 0 | J82: =IF(OR(AND($F81<=J$3, $F82 >= J$3), AND($F82<J$3, WORKDAY($F82, 22,Holiday!$A$1:$A$30)>J$3)), 1, 0)+IF(AND((J$3-$B$2)>=0,(J$3-$B$2)<30), 2,0) -> 0 | K82: =IF(OR(AND($F81<=K$3, $F82 >= K$3), AND($F82<K$3, WORKDAY($F82, 22,Holiday!$A$1:$A$30)>K$3)), 1, 0)+IF(AND((K$3-$B$2)>=0,(K$3-$B$2)<30), 2,0) -> 0 | L82: =IF(OR(AND($F81<=L$3, $F82 >= L$3), AND($F82<L$3, WORKDAY($F82, 22,Holiday!$A$1:$A$30)>L$3)), 1, 0)+IF(AND((L$3-$B$2)>=0,(L$3-$B$2)<30), 2,0) -> 0 | M82: =IF(OR(AND($F81<=M$3, $F82 >= M$3), AND($F82<M$3, WORKDAY($F82, 22,Holiday!$A$1:$A$30)>M$3)), 1, 0)+IF(AND((M$3-$B$2)>=0,(M$3-$B$2)<30), 2,0) -> 0 | N82: =IF(OR(AND($F81<=N$3, $F82 >= N$3), AND($F82<N$3, WORKDAY($F82, 22,Holiday!$A$1:$A$30)>N$3)), 1, 0)+IF(AND((N$3-$B$2)>=0,(N$3-$B$2)<30), 2,0) -> 0 | ... AO82: =IF(OR(AND($F81<=AO$3, $F82 >= AO$3), AND($F82<AO$3, WORKDAY($F82, 22,Holiday!$A$1:$A$30)>AO$3)), 1, 0)+IF(AND((AO$3-$B$2)>=0,(AO$3-$B$2)<30), 2,0) -> 0
B83: Decision table/ Predue Eligible Autodialer Loan Accounts | C83: DEV 2 | D83: 6 | E83: =ROUNDUP(D83*(1+$D$2),0) -> 9 | F83: =WORKDAY(F82,E83,Holiday!A79:A108) -> 46472 | G83: =IF(OR(AND($F82<=G$3, $F83 >= G$3), AND($F83<G$3, WORKDAY($F83, 22,Holiday!$A$1:$A$30)>G$3)), 1, 0)+IF(AND((G$3-$B$2)>=0,(G$3-$B$2)<30), 2,0) -> 0 | H83: =IF(OR(AND($F82<=H$3, $F83 >= H$3), AND($F83<H$3, WORKDAY($F83, 22,Holiday!$A$1:$A$30)>H$3)), 1, 0)+IF(AND((H$3-$B$2)>=0,(H$3-$B$2)<30), 2,0) -> 0 | I83: =IF(OR(AND($F82<=I$3, $F83 >= I$3), AND($F83<I$3, WORKDAY($F83, 22,Holiday!$A$1:$A$30)>I$3)), 1, 0)+IF(AND((I$3-$B$2)>=0,(I$3-$B$2)<30), 2,0) -> 0 | J83: =IF(OR(AND($F82<=J$3, $F83 >= J$3), AND($F83<J$3, WORKDAY($F83, 22,Holiday!$A$1:$A$30)>J$3)), 1, 0)+IF(AND((J$3-$B$2)>=0,(J$3-$B$2)<30), 2,0) -> 0 | K83: =IF(OR(AND($F82<=K$3, $F83 >= K$3), AND($F83<K$3, WORKDAY($F83, 22,Holiday!$A$1:$A$30)>K$3)), 1, 0)+IF(AND((K$3-$B$2)>=0,(K$3-$B$2)<30), 2,0) -> 0 | L83: =IF(OR(AND($F82<=L$3, $F83 >= L$3), AND($F83<L$3, WORKDAY($F83, 22,Holiday!$A$1:$A$30)>L$3)), 1, 0)+IF(AND((L$3-$B$2)>=0,(L$3-$B$2)<30), 2,0) -> 0 | M83: =IF(OR(AND($F82<=M$3, $F83 >= M$3), AND($F83<M$3, WORKDAY($F83, 22,Holiday!$A$1:$A$30)>M$3)), 1, 0)+IF(AND((M$3-$B$2)>=0,(M$3-$B$2)<30), 2,0) -> 0 | N83: =IF(OR(AND($F82<=N$3, $F83 >= N$3), AND($F83<N$3, WORKDAY($F83, 22,Holiday!$A$1:$A$30)>N$3)), 1, 0)+IF(AND((N$3-$B$2)>=0,(N$3-$B$2)<30), 2,0) -> 0 | ... AO83: =IF(OR(AND($F82<=AO$3, $F83 >= AO$3), AND($F83<AO$3, WORKDAY($F83, 22,Holiday!$A$1:$A$30)>AO$3)), 1, 0)+IF(AND((AO$3-$B$2)>=0,(AO$3-$B$2)<30), 2,0) -> 0
... B103: NFU Marked Contracts | C103: DEV 2 | D103: 10 | E103: =ROUNDUP(D103*(1+$D$2),0) -> 15 | F103: =WORKDAY(F102,E103,Holiday!A99:A128) -> 46758 | G103: =IF(OR(AND($F102<=G$3, $F103 >= G$3), AND($F103<G$3, WORKDAY($F103, 22,Holiday!$A$1:$A$30)>G$3)), 1, 0)+IF(AND((G$3-$B$2)>=0,(G$3-$B$2)<30), 2,0) -> 0 | H103: =IF(OR(AND($F102<=H$3, $F103 >= H$3), AND($F103<H$3, WORKDAY($F103, 22,Holiday!$A$1:$A$30)>H$3)), 1, 0)+IF(AND((H$3-$B$2)>=0,(H$3-$B$2)<30), 2,0) -> 0 | I103: =IF(OR(AND($F102<=I$3, $F103 >= I$3), AND($F103<I$3, WORKDAY($F103, 22,Holiday!$A$1:$A$30)>I$3)), 1, 0)+IF(AND((I$3-$B$2)>=0,(I$3-$B$2)<30), 2,0) -> 0 | J103: =IF(OR(AND($F102<=J$3, $F103 >= J$3), AND($F103<J$3, WORKDAY($F103, 22,Holiday!$A$1:$A$30)>J$3)), 1, 0)+IF(AND((J$3-$B$2)>=0,(J$3-$B$2)<30), 2,0) -> 0 | K103: =IF(OR(AND($F102<=K$3, $F103 >= K$3), AND($F103<K$3, WORKDAY($F103, 22,Holiday!$A$1:$A$30)>K$3)), 1, 0)+IF(AND((K$3-$B$2)>=0,(K$3-$B$2)<30), 2,0) -> 0 | L103: =IF(OR(AND($F102<=L$3, $F103 >= L$3), AND($F103<L$3, WORKDAY($F103, 22,Holiday!$A$1:$A$30)>L$3)), 1, 0)+IF(AND((L$3-$B$2)>=0,(L$3-$B$2)<30), 2,0) -> 0 | M103: =IF(OR(AND($F102<=M$3, $F103 >= M$3), AND($F103<M$3, WORKDAY($F103, 22,Holiday!$A$1:$A$30)>M$3)), 1, 0)+IF(AND((M$3-$B$2)>=0,(M$3-$B$2)<30), 2,0) -> 0 | N103: =IF(OR(AND($F102<=N$3, $F103 >= N$3), AND($F103<N$3, WORKDAY($F103, 22,Holiday!$A$1:$A$30)>N$3)), 1, 0)+IF(AND((N$3-$B$2)>=0,(N$3-$B$2)<30), 2,0) -> 0 | ... AO103: =IF(OR(AND($F102<=AO$3, $F103 >= AO$3), AND($F103<AO$3, WORKDAY($F103, 22,Holiday!$A$1:$A$30)>AO$3)), 1, 0)+IF(AND((AO$3-$B$2)>=0,(AO$3-$B$2)<30), 2,0) -> 0

Sheet BPM 3 DEV
A1: # | B1: Complete Date | C1: No of DEV | D1: BA+QA Rate | E1: DAY(S) | F1: START DAY | G1: Month 1 | H1: Month 2 | I1: Month 3 | J1: Month 4 | K1: Month 5 | L1: Month 6 | M1: Month 7 | N1: Month 8 | O1: Month 9 | P1: Month 10 | Q1: Month 11 | R1: Month 12 | S1: Month 13 | T1: Month 14 | U1: Month 15 | V1: Month 16 | W1: Month 17 | X1: Month 18 | Y1: Month 19 | Z1: Month 20 | AA1: Month 21 | AB1: Month 22 | AC1: Month 23 | AD1: Month 24 | AE1: Month 25 | AF1: Month 26 | AG1: Month 27 | AH1: Month 28 | AI1: Month 29 | AJ1: Month 30 | AK1: Month 31 | AL1: Month 32 | AM1: Month 33 | AN1: Month 34 | AO1: Month 35
B2: =WORKDAY($F$3,ROUNDUP(($E$3-$E$4)/$C$2,0)+$E$4,Holiday!$A$1:$A$30) -> 46512 | C2: 3 | D2: =Setting!$A$2 -> 0.5
B3: WORK TITLE | C3: PIC | D3: DEV- ESTIMATION | E3: =SUM(E4:E103) -> 996 | F3: =Setting!$B$2 -> 46023 | G3: =WORKDAY(F3,22,Holiday!$A$1:$A$30) -> 46055 | H3: =WORKDAY(G3,22,Holiday!$A$1:$A$30) -> 46085 | I3: =WORKDAY(H3,22,Holiday!$A$1:$A$30) -> 46115 | J3: =WORKDAY(I3,22,Holiday!$A$1:$A$30) -> 46149 | K3: =WORKDAY(J3,22,Holiday!$A$1:$A$30) -> 46181 | L3: =WORKDAY(K3,22,Holiday!$A$1:$A$30) -> 46211 | M3: =WORKDAY(L3,22,Holiday!$A$1:$A$30) -> 46241 | N3: =WORKDAY(M3,22,Holiday!$A$1:$A$30) -> 46274 | ... AO3: =WORKDAY(AN3,22,Holiday!$A$1:$A$30) -> 47106
B4: Enviroment Preparation | C4: DEVs | D4: 20 | E4: 20 | F4: =WORKDAY(F3,E4,Holiday!$A$1:$A$30) -> 46051 | G4: =IF(OR(AND($F3<=G$3, $F4 >= G$3), AND($F4<G$3, WORKDAY($F4, 22,Holiday!$A$1:$A$30)>G$3)), 1, 0)+IF(AND((G$3-$B$2)>=0,(G$3-$B$2)<30), 2,0) -> 1 | H4: =IF(OR(AND($F3<=H$3, $F4 >= H$3), AND($F4<H$3, WORKDAY($F4, 22,Holiday!$A$1:$A$30)>H$3)), 1, 0)+IF(AND((H$3-$B$2)>=0,(H$3-$B$2)<30), 2,0) -> 0 | I4: =IF(OR(AND($F3<=I$3, $F4 >= I$3), AND($F4<I$3, WORKDAY($F4, 22,Holiday!$A$1:$A$30)>I$3)), 1, 0)+IF(AND((I$3-$B$2)>=0,(I$3-$B$2)<30), 2,0) -> 0 | J4: =IF(OR(AND($F3<=J$3, $F4 >= J$3), AND($F4<J$3, WORKDAY($F4, 22,Holiday!$A$1:$A$30)>J$3)), 1, 0)+IF(AND((J$3-$B$2)>=0,(J$3-$B$2)<30), 2,0) -> 0 | K4: =IF(OR(AND($F3<=K$3, $F4 >= K$3), AND($F4<K$3, WORKDAY($F4, 22,Holiday!$A$1:$A$30)>K$3)), 1, 0)+IF(AND((K$3-$B$2)>=0,(K$3-$B$2)<30), 2,0) -> 0 | L4: =IF(OR(AND($F3<=L$3, $F4 >= L$3), AND($F4<L$3, WORKDAY($F4, 22,Holiday!$A$1:$A$30)>L$3)), 1, 0)+IF(AND((L$3-$B$2)>=0,(L$3-$B$2)<30), 2,0) -> 0 | M4: =IF(OR(AND($F3<=M$3, $F4 >= M$3), AND($F4<M$3, WORKDAY($F4, 22,Holiday!$A$1:$A$30)>M$3)), 1, 0)+IF(AND((M$3-$B$2)>=0,(M$3-$B$2)<30), 2,0) -> 0 | N4: =IF(OR(AND($F3<=N$3, $F4 >= N$3), AND($F4<N$3, WORKDAY($F4, 22,Holiday!$A$1:$A$30)>N$3)), 1, 0)+IF(AND((N$3-$B$2)>=0,(N$3-$B$2)<30), 2,0) -> 0 | ... AO4: =IF(OR(AND($F3<=AO$3, $F4 >= AO$3), AND($F4<AO$3, WORKDAY($F4, 22,Holiday!$A$1:$A$30)>AO$3)), 1, 0)+IF(AND((AO$3-$B$2)>=0,(AO$3-$B$2)<30), 2,0) -> 0
B5: Contract/ Click to Call | C5: DEV 1 | D5: 10 | E5: =ROUNDUP(D5*(1+$D$2),0) -> 15 | F5: =WORKDAY(F4,E5,Holiday!A1:A30) -> 46072 | G5: =IF(OR(AND($F4<=G$3, $F5 >= G$3), AND($F5<G$3, WORKDAY($F5, 22,Holiday!$A$1:$A$30)>G$3)), 1, 0)+IF(AND((G$3-$B$2)>=0,(G$3-$B$2)<30), 2,0) -> 1 | H5: =IF(OR(AND($F4<=H$3, $F5 >= H$3), AND($F5<H$3, WORKDAY($F5, 22,Holiday!$A$1:$A$30)>H$3)), 1, 0)+IF(AND((H$3-$B$2)>=0,(H$3-$B$2)<30), 2,0) -> 1 | I5: =IF(OR(AND($F4<=I$3, $F5 >= I$3), AND($F5<I$3, WORKDAY($F5, 22,Holiday!$A$1:$A$30)>I$3)), 1, 0)+IF(AND((I$3-$B$2)>=0,(I$3-$B$2)<30), 2,0) -> 0 | J5: =IF(OR(AND($F4<=J$3, $F5 >= J$3), AND($F5<J$3, WORKDAY($F5, 22,Holiday!$A$1:$A$30)>J$3)), 1, 0)+IF(AND((J$3-$B$2)>=0,(J$3-$B$2)<30), 2,0) -> 0 | K5: =IF(OR(AND($F4<=K$3, $F5 >= K$3), AND($F5<K$3, WORKDAY($F5, 22,Holiday!$A$1:$A$30)>K$3)), 1, 0)+IF(AND((K$3-$B$2)>=0,(K$3-$B$2)<30), 2,0) -> 0 | L5: =IF(OR(AND($F4<=L$3, $F5 >= L$3), AND($F5<L$3, WORKDAY($F5, 22,Holiday!$A$1:$A$30)>L$3)), 1, 0)+IF(AND((L$3-$B$2)>=0,(L$3-$B$2)<30), 2,0) -> 0 | M5: =IF(OR(AND($F4<=M$3, $F5 >= M$3), AND($F5<M$3, WORKDAY($F5, 22,Holiday!$A$1:$A$30)>M$3)), 1, 0)+IF(AND((M$3-$B$2)>=0,(M$3-$B$2)<30), 2,0) -> 0 | N5: =IF(OR(AND($F4<=N$3, $F5 >= N$3), AND($F5<N$3, WORKDAY($F5, 22,Holiday!$A$1:$A$30)>N$3)), 1, 0)+IF(AND((N$3-$B$2)>=0,(N$3-$B$2)<30), 2,0) -> 0 | ... AO5: =IF(OR(AND($F4<=AO$3, $F5 >= AO$3), AND($F5<AO$3, WORKDAY($F5, 22,Holiday!$A$1:$A$30)>AO$3)), 1, 0)+IF(AND((AO$3-$B$2)>=0,(AO$3-$B$2)<30), 2,0) -> 0
B6: Admin Tools/ BIX Dashboard | C6: DEV 1 | D6: 10 | E6: =ROUNDUP(D6*(1+$D$2),0) -> 15 | F6: =WORKDAY(F5,E6,Holiday!A2:A31) -> 46093 | G6: =IF(OR(AND($F5<=G$3, $F6 >= G$3), AND($F6<G$3, WORKDAY($F6, 22,Holiday!$A$1:$A$30)>G$3)), 1, 0)+IF(AND((G$3-$B$2)>=0,(G$3-$B$2)<30), 2,0) -> 0 | H6: =IF(OR(AND($F5<=H$3, $F6 >= H$3), AND($F6<H$3, WORKDAY($F6, 22,Holiday!$A$1:$A$30)>H$3)), 1, 0)+IF(AND((H$3-$B$2)>=0,(H$3-$B$2)<30), 2,0) -> 1 | I6: =IF(OR(AND($F5<=I$3, $F6 >= I$3), AND($F6<I$3, WORKDAY($F6, 22,Holiday!$A$1:$A$30)>I$3)), 1, 0)+IF(AND((I$3-$B$2)>=0,(I$3-$B$2)<30), 2,0) -> 1 | J6: =IF(OR(AND($F5<=J$3, $F6 >= J$3), AND($F6<J$3, WORKDAY($F6, 22,Holiday!$A$1:$A$30)>J$3)), 1, 0)+IF(AND((J$3-$B$2)>=0,(J$3-$B$2)<30), 2,0) -> 0 | K6: =IF(OR(AND($F5<=K$3, $F6 >= K$3), AND($F6<K$3, WORKDAY($F6, 22,Holiday!$A$1:$A$30)>K$3)), 1, 0)+IF(AND((K$3-$B$2)>=0,(K$3-$B$2)<30), 2,0) -> 0 | L6: =IF(OR(AND($F5<=L$3, $F6 >= L$3), AND($F6<L$3, WORKDAY($F6, 22,Holiday!$A$1:$A$30)>L$3)), 1, 0)+IF(AND((L$3-$B$2)>=0,(L$3-$B$2)<30), 2,0) -> 0 | M6: =IF(OR(AND($F5<=M$3, $F6 >= M$3), AND($F6<M$3, WORKDAY($F6, 22,Holiday!$A$1:$A$30)>M$3)), 1, 0)+IF(AND((M$3-$B$2)>=0,(M$3-$B$2)<30), 2,0) -> 0 | N6: =IF(OR(AND($F5<=N$3, $F6 >= N$3), AND($F6<N$3, WORKDAY($F6, 22,Holiday!$A$1:$A$30)>N$3)), 1, 0)+IF(AND((N$3-$B$2)>=0,(N$3-$B$2)<30), 2,0) -> 0 | ... AO6: =IF(OR(AND($F5<=AO$3, $F6 >= AO$3), AND($F6<AO$3, WORKDAY($F6, 22,Holiday!$A$1:$A$30)>AO$3)), 1, 0)+IF(AND((AO$3-$B$2)>=0,(AO$3-$B$2)<30), 2,0) -> 0
B7: Admin Tools/ Bulk Actions | C7: DEV 1 | D7: 10 | E7: =ROUNDUP(D7*(1+$D$2),0) -> 15 | F7: =WORKDAY(F6,E7,Holiday!A3:A32) -> 46114 | G7: =IF(OR(AND($F6<=G$3, $F7 >= G$3), AND($F7<G$3, WORKDAY($F7, 22,Holiday!$A$1:$A$30)>G$3)), 1, 0)+IF(AND((G$3-$B$2)>=0,(G$3-$B$2)<30), 2,0) -> 0 | H7: =IF(OR(AND($F6<=H$3, $F7 >= H$3), AND($F7<H$3, WORKDAY($F7, 22,Holiday!$A$1:$A$30)>H$3)), 1, 0)+IF(AND((H$3-$B$2)>=0,(H$3-$B$2)<30), 2,0) -> 0 | I7: =IF(OR(AND($F6<=I$3, $F7 >= I$3), AND($F7<I$3, WORKDAY($F7, 22,Holiday!$A$1:$A$30)>I$3)), 1, 0)+IF(AND((I$3-$B$2)>=0,(I$3-$B$2)<30), 2,0) -> 1 | J7: =IF(OR(AND($F6<=J$3, $F7 >= J$3), AND($F7<J$3, WORKDAY($F7, 22,Holiday!$A$1:$A$30)>J$3)), 1, 0)+IF(AND((J$3-$B$2)>=0,(J$3-$B$2)<30), 2,0) -> 0 | K7: =IF(OR(AND($F6<=K$3, $F7 >= K$3), AND($F7<K$3, WORKDAY($F7, 22,Holiday!$A$1:$A$30)>K$3)), 1, 0)+IF(AND((K$3-$B$2)>=0,(K$3-$B$2)<30), 2,0) -> 0 | L7: =IF(OR(AND($F6<=L$3, $F7 >= L$3), AND($F7<L$3, WORKDAY($F7, 22,Holiday!$A$1:$A$30)>L$3)), 1, 0)+IF(AND((L$3-$B$2)>=0,(L$3-$B$2)<30), 2,0) -> 0 | M7: =IF(OR(AND($F6<=M$3, $F7 >= M$3), AND($F7<M$3, WORKDAY($F7, 22,Holiday!$A$1:$A$30)>M$3)), 1, 0)+IF(AND((M$3-$B$2)>=0,(M$3-$B$2)<30), 2,0) -> 0 | N7: =IF(OR(AND($F6<=N$3, $F7 >= N$3), AND($F7<N$3, WORKDAY($F7, 22,Holiday!$A$1:$A$30)>N$3)), 1, 0)+IF(AND((N$3-$B$2)>=0,(N$3-$B$2)<30), 2,0) -> 0 | ... AO7: =IF(OR(AND($F6<=AO$3, $F7 >= AO$3), AND($F7<AO$3, WORKDAY($F7, 22,Holiday!$A$1:$A$30)>AO$3)), 1, 0)+IF(AND((AO$3-$B$2)>=0,(AO$3-$B$2)<30), 2,0) -> 0
B8: Admin Tools/ Bulk Upload File Processing | C8: DEV 1 | D8: 10 | E8: =ROUNDUP(D8*(1+$D$2),0) -> 15 | F8: =WORKDAY(F7,E8,Holiday!A4:A33) -> 46135 | G8: =IF(OR(AND($F7<=G$3, $F8 >= G$3), AND($F8<G$3, WORKDAY($F8, 22,Holiday!$A$1:$A$30)>G$3)), 1, 0)+IF(AND((G$3-$B$2)>=0,(G$3-$B$2)<30), 2,0) -> 0 | H8: =IF(OR(AND($F7<=H$3, $F8 >= H$3), AND($F8<H$3, WORKDAY($F8, 22,Holiday!$A$1:$A$30)>H$3)), 1, 0)+IF(AND((H$3-$B$2)>=0,(H$3-$B$2)<30), 2,0) -> 0 | I8: =IF(OR(AND($F7<=I$3, $F8 >= I$3), AND($F8<I$3, WORKDAY($F8, 22,Holiday!$A$1:$A$30)>I$3)), 1, 0)+IF(AND((I$3-$B$2)>=0,(I$3-$B$2)<30), 2,0) -> 1 | J8: =IF(OR(AND($F7<=J$3, $F8 >= J$3), AND($F8<J$3, WORKDAY($F8, 22,Holiday!$A$1:$A$30)>J$3)), 1, 0)+IF(AND((J$3-$B$2)>=0,(J$3-$B$2)<30), 2,0) -> 1 | K8: =IF(OR(AND($F7<=K$3, $F8 >= K$3), AND($F8<K$3, WORKDAY($F8, 22,Holiday!$A$1:$A$30)>K$3)), 1, 0)+IF(AND((K$3-$B$2)>=0,(K$3-$B$2)<30), 2,0) -> 0 | L8: =IF(OR(AND($F7<=L$3, $F8 >= L$3), AND($F8<L$3, WORKDAY($F8, 22,Holiday!$A$1:$A$30)>L$3)), 1, 0)+IF(AND((L$3-$B$2)>=0,(L$3-$B$2)<30), 2,0) -> 0 | M8: =IF(OR(AND($F7<=M$3, $F8 >= M$3), AND($F8<M$3, WORKDAY($F8, 22,Holiday!$A$1:$A$30)>M$3)), 1, 0)+IF(AND((M$3-$B$2)>=0,(M$3-$B$2)<30), 2,0) -> 0 | N8: =IF(OR(AND($F7<=N$3, $F8 >= N$3), AND($F8<N$3, WORKDAY($F8, 22,Holiday!$A$1:$A$30)>N$3)), 1, 0)+IF(AND((N$3-$B$2)>=0,(N$3-$B$2)<30), 2,0) -> 0 | ... AO8: =IF(OR(AND($F7<=AO$3, $F8 >= AO$3), AND($F8<AO$3, WORKDAY($F8, 22,Holiday!$A$1:$A$30)>AO$3)), 1, 0)+IF(AND((AO$3-$B$2)>=0,(AO$3-$B$2)<30), 2,0) -> 0
B9: Admin Tools/ My Reportee | C9: DEV 1 | D9: 10 | E9: =ROUNDUP(D9*(1+$D$2),0) -> 15 | F9: =WORKDAY(F8,E9,Holiday!A5:A34) -> 46157 | G9: =IF(OR(AND($F8<=G$3, $F9 >= G$3), AND($F9<G$3, WORKDAY($F9, 22,Holiday!$A$1:$A$30)>G$3)), 1, 0)+IF(AND((G$3-$B$2)>=0,(G$3-$B$2)<30), 2,0) -> 0 | H9: =IF(OR(AND($F8<=H$3, $F9 >= H$3), AND($F9<H$3, WORKDAY($F9, 22,Holiday!$A$1:$A$30)>H$3)), 1, 0)+IF(AND((H$3-$B$2)>=0,(H$3-$B$2)<30), 2,0) -> 0 | I9: =IF(OR(AND($F8<=I$3, $F9 >= I$3), AND($F9<I$3, WORKDAY($F9, 22,Holiday!$A$1:$A$30)>I$3)), 1, 0)+IF(AND((I$3-$B$2)>=0,(I$3-$B$2)<30), 2,0) -> 0 | J9: =IF(OR(AND($F8<=J$3, $F9 >= J$3), AND($F9<J$3, WORKDAY($F9, 22,Holiday!$A$1:$A$30)>J$3)), 1, 0)+IF(AND((J$3-$B$2)>=0,(J$3-$B$2)<30), 2,0) -> 1 | K9: =IF(OR(AND($F8<=K$3, $F9 >= K$3), AND($F9<K$3, WORKDAY($F9, 22,Holiday!$A$1:$A$30)>K$3)), 1, 0)+IF(AND((K$3-$B$2)>=0,(K$3-$B$2)<30), 2,0) -> 1 | L9: =IF(OR(AND($F8<=L$3, $F9 >= L$3), AND($F9<L$3, WORKDAY($F9, 22,Holiday!$A$1:$A$30)>L$3)), 1, 0)+IF(AND((L$3-$B$2)>=0,(L$3-$B$2)<30), 2,0) -> 0 | M9: =IF(OR(AND($F8<=M$3, $F9 >= M$3), AND($F9<M$3, WORKDAY($F9, 22,Holiday!$A$1:$A$30)>M$3)), 1, 0)+IF(AND((M$3-$B$2)>=0,(M$3-$B$2)<30), 2,0) -> 0 | N9: =IF(OR(AND($F8<=N$3, $F9 >= N$3), AND($F9<N$3, WORKDAY($F9, 22,Holiday!$A$1:$A$30)>N$3)), 1, 0)+IF(AND((N$3-$B$2)>=0,(N$3-$B$2)<30), 2,0) -> 0 | ... AO9: =IF(OR(AND($F8<=AO$3, $F9 >= AO$3), AND($F9<AO$3, WORKDAY($F9, 22,Holiday!$A$1:$A$30)>AO$3)), 1, 0)+IF(AND((AO$3-$B$2)>=0,(AO$3-$B$2)<30), 2,0) -> 0
B10: Admin Tools/ Reset QR code Google Authenticator | C10: DEV 1 | D10: 10 | E10: =ROUNDUP(D10*(1+$D$2),0) -> 15 | F10: =WORKDAY(F9,E10,Holiday!A6:A35) -> 46178 | G10: =IF(OR(AND($F9<=G$3, $F10 >= G$3), AND($F10<G$3, WORKDAY($F10, 22,Holiday!$A$1:$A$30)>G$3)), 1, 0)+IF(AND((G$3-$B$2)>=0,(G$3-$B$2)<30), 2,0) -> 0 | H10: =IF(OR(AND($F9<=H$3, $F10 >= H$3), AND($F10<H$3, WORKDAY($F10, 22,Holiday!$A$1:$A$30)>H$3)), 1, 0)+IF(AND((H$3-$B$2)>=0,(H$3-$B$2)<30), 2,0) -> 0 | I10: =IF(OR(AND($F9<=I$3, $F10 >= I$3), AND($F10<I$3, WORKDAY($F10, 22,Holiday!$A$1:$A$30)>I$3)), 1, 0)+IF(AND((I$3-$B$2)>=0,(I$3-$B$2)<30), 2,0) -> 0 | J10: =IF(OR(AND($F9<=J$3, $F10 >= J$3), AND($F10<J$3, WORKDAY($F10, 22,Holiday!$A$1:$A$30)>J$3)), 1, 0)+IF(AND((J$3-$B$2)>=0,(J$3-$B$2)<30), 2,0) -> 0 | K10: =IF(OR(AND($F9<=K$3, $F10 >= K$3), AND($F10<K$3, WORKDAY($F10, 22,Holiday!$A$1:$A$30)>K$3)), 1, 0)+IF(AND((K$3-$B$2)>=0,(K$3-$B$2)<30), 2,0) -> 1 | L10: =IF(OR(AND($F9<=L$3, $F10 >= L$3), AND($F10<L$3, WORKDAY($F10, 22,Holiday!$A$1:$A$30)>L$3)), 1, 0)+IF(AND((L$3-$B$2)>=0,(L$3-$B$2)<30), 2,0) -> 0 | M10: =IF(OR(AND($F9<=M$3, $F10 >= M$3), AND($F10<M$3, WORKDAY($F10, 22,Holiday!$A$1:$A$30)>M$3)), 1, 0)+IF(AND((M$3-$B$2)>=0,(M$3-$B$2)<30), 2,0) -> 0 | N10: =IF(OR(AND($F9<=N$3, $F10 >= N$3), AND($F10<N$3, WORKDAY($F10, 22,Holiday!$A$1:$A$30)>N$3)), 1, 0)+IF(AND((N$3-$B$2)>=0,(N$3-$B$2)<30), 2,0) -> 0 | ... AO10: =IF(OR(AND($F9<=AO$3, $F10 >= AO$3), AND($F10<AO$3, WORKDAY($F10, 22,Holiday!$A$1:$A$30)>AO$3)), 1, 0)+IF(AND((AO$3-$B$2)>=0,(AO$3-$B$2)<30), 2,0) -> 0
B11: Admin Tools/ Sub Pool Distribution | C11: DEV 1 | D11: 10 | E11: =ROUNDUP(D11*(1+$D$2),0) -> 15 | F11: =WORKDAY(F10,E11,Holiday!A7:A36) -> 46199 | G11: =IF(OR(AND($F10<=G$3, $F11 >= G$3), AND($F11<G$3, WORKDAY($F11, 22,Holiday!$A$1:$A$30)>G$3)), 1, 0)+IF(AND((G$3-$B$2)>=0,(G$3-$B$2)<30), 2,0) -> 0 | H11: =IF(OR(AND($F10<=H$3, $F11 >= H$3), AND($F11<H$3, WORKDAY($F11, 22,Holiday!$A$1:$A$30)>H$3)), 1, 0)+IF(AND((H$3-$B$2)>=0,(H$3-$B$2)<30), 2,0) -> 0 | I11: =IF(OR(AND($F10<=I$3, $F11 >= I$3), AND($F11<I$3, WORKDAY($F11, 22,Holiday!$A$1:$A$30)>I$3)), 1, 0)+IF(AND((I$3-$B$2)>=0,(I$3-$B$2)<30), 2,0) -> 0 | J11: =IF(OR(AND($F10<=J$3, $F11 >= J$3), AND($F11<J$3, WORKDAY($F11, 22,Holiday!$A$1:$A$30)>J$3)), 1, 0)+IF(AND((J$3-$B$2)>=0,(J$3-$B$2)<30), 2,0) -> 0 | K11: =IF(OR(AND($F10<=K$3, $F11 >= K$3), AND($F11<K$3, WORKDAY($F11, 22,Holiday!$A$1:$A$30)>K$3)), 1, 0)+IF(AND((K$3-$B$2)>=0,(K$3-$B$2)<30), 2,0) -> 1 | L11: =IF(OR(AND($F10<=L$3, $F11 >= L$3), AND($F11<L$3, WORKDAY($F11, 22,Holiday!$A$1:$A$30)>L$3)), 1, 0)+IF(AND((L$3-$B$2)>=0,(L$3-$B$2)<30), 2,0) -> 1 | M11: =IF(OR(AND($F10<=M$3, $F11 >= M$3), AND($F11<M$3, WORKDAY($F11, 22,Holiday!$A$1:$A$30)>M$3)), 1, 0)+IF(AND((M$3-$B$2)>=0,(M$3-$B$2)<30), 2,0) -> 0 | N11: =IF(OR(AND($F10<=N$3, $F11 >= N$3), AND($F11<N$3, WORKDAY($F11, 22,Holiday!$A$1:$A$30)>N$3)), 1, 0)+IF(AND((N$3-$B$2)>=0,(N$3-$B$2)<30), 2,0) -> 0 | ... AO11: =IF(OR(AND($F10<=AO$3, $F11 >= AO$3), AND($F11<AO$3, WORKDAY($F11, 22,Holiday!$A$1:$A$30)>AO$3)), 1, 0)+IF(AND((AO$3-$B$2)>=0,(AO$3-$B$2)<30), 2,0) -> 0
B12: Admin Tools/ Summary Report View | C12: DEV 1 | D12: 10 | E12: =ROUNDUP(D12*(1+$D$2),0) -> 15 | F12: =WORKDAY(F11,E12,Holiday!A8:A37) -> 46220 | G12: =IF(OR(AND($F11<=G$3, $F12 >= G$3), AND($F12<G$3, WORKDAY($F12, 22,Holiday!$A$1:$A$30)>G$3)), 1, 0)+IF(AND((G$3-$B$2)>=0,(G$3-$B$2)<30), 2,0) -> 0 | H12: =IF(OR(AND($F11<=H$3, $F12 >= H$3), AND($F12<H$3, WORKDAY($F12, 22,Holiday!$A$1:$A$30)>H$3)), 1, 0)+IF(AND((H$3-$B$2)>=0,(H$3-$B$2)<30), 2,0) -> 0 | I12: =IF(OR(AND($F11<=I$3, $F12 >= I$3), AND($F12<I$3, WORKDAY($F12, 22,Holiday!$A$1:$A$30)>I$3)), 1, 0)+IF(AND((I$3-$B$2)>=0,(I$3-$B$2)<30), 2,0) -> 0 | J12: =IF(OR(AND($F11<=J$3, $F12 >= J$3), AND($F12<J$3, WORKDAY($F12, 22,Holiday!$A$1:$A$30)>J$3)), 1, 0)+IF(AND((J$3-$B$2)>=0,(J$3-$B$2)<30), 2,0) -> 0 | K12: =IF(OR(AND($F11<=K$3, $F12 >= K$3), AND($F12<K$3, WORKDAY($F12, 22,Holiday!$A$1:$A$30)>K$3)), 1, 0)+IF(AND((K$3-$B$2)>=0,(K$3-$B$2)<30), 2,0) -> 0 | L12: =IF(OR(AND($F11<=L$3, $F12 >= L$3), AND($F12<L$3, WORKDAY($F12, 22,Holiday!$A$1:$A$30)>L$3)), 1, 0)+IF(AND((L$3-$B$2)>=0,(L$3-$B$2)<30), 2,0) -> 1 | M12: =IF(OR(AND($F11<=M$3, $F12 >= M$3), AND($F12<M$3, WORKDAY($F12, 22,Holiday!$A$1:$A$30)>M$3)), 1, 0)+IF(AND((M$3-$B$2)>=0,(M$3-$B$2)<30), 2,0) -> 1 | N12: =IF(OR(AND($F11<=N$3, $F12 >= N$3), AND($F12<N$3, WORKDAY($F12, 22,Holiday!$A$1:$A$30)>N$3)), 1, 0)+IF(AND((N$3-$B$2)>=0,(N$3-$B$2)<30), 2,0) -> 0 | ... AO12: =IF(OR(AND($F11<=AO$3, $F12 >= AO$3), AND($F12<AO$3, WORKDAY($F12, 22,Holiday!$A$1:$A$30)>AO$3)), 1, 0)+IF(AND((AO$3-$B$2)>=0,(AO$3-$B$2)<30), 2,0) -> 0
B13: Admin Tools/ Unblock user | C13: DEV 1 | D13: 10 | E13: =ROUNDUP(D13*(1+$D$2),0) -> 15 | F13: =WORKDAY(F12,E13,Holiday!A9:A38) -> 46241 | G13: =IF(OR(AND($F12<=G$3, $F13 >= G$3), AND($F13<G$3, WORKDAY($F13, 22,Holiday!$A$1:$A$30)>G$3)), 1, 0)+IF(AND((G$3-$B$2)>=0,(G$3-$B$2)<30), 2,0) -> 0 | H13: =IF(OR(AND($F12<=H$3, $F13 >= H$3), AND($F13<H$3, WORKDAY($F13, 22,Holiday!$A$1:$A$30)>H$3)), 1, 0)+IF(AND((H$3-$B$2)>=0,(H$3-$B$2)<30), 2,0) -> 0 | I13: =IF(OR(AND($F12<=I$3, $F13 >= I$3), AND($F13<I$3, WORKDAY($F13, 22,Holiday!$A$1:$A$30)>I$3)), 1, 0)+IF(AND((I$3-$B$2)>=0,(I$3-$B$2)<30), 2,0) -> 0 | J13: =IF(OR(AND($F12<=J$3, $F13 >= J$3), AND($F13<J$3, WORKDAY($F13, 22,Holiday!$A$1:$A$30)>J$3)), 1, 0)+IF(AND((J$3-$B$2)>=0,(J$3-$B$2)<30), 2,0) -> 0 | K13: =IF(OR(AND($F12<=K$3, $F13 >= K$3), AND($F13<K$3, WORKDAY($F13, 22,Holiday!$A$1:$A$30)>K$3)), 1, 0)+IF(AND((K$3-$B$2)>=0,(K$3-$B$2)<30), 2,0) -> 0 | L13: =IF(OR(AND($F12<=L$3, $F13 >= L$3), AND($F13<L$3, WORKDAY($F13, 22,Holiday!$A$1:$A$30)>L$3)), 1, 0)+IF(AND((L$3-$B$2)>=0,(L$3-$B$2)<30), 2,0) -> 0 | M13: =IF(OR(AND($F12<=M$3, $F13 >= M$3), AND($F13<M$3, WORKDAY($F13, 22,Holiday!$A$1:$A$30)>M$3)), 1, 0)+IF(AND((M$3-$B$2)>=0,(M$3-$B$2)<30), 2,0) -> 1 | N13: =IF(OR(AND($F12<=N$3, $F13 >= N$3), AND($F13<N$3, WORKDAY($F13, 22,Holiday!$A$1:$A$30)>N$3)), 1, 0)+IF(AND((N$3-$B$2)>=0,(N$3-$B$2)<30), 2,0) -> 0 | ... AO13: =IF(OR(AND($F12<=AO$3, $F13 >= AO$3), AND($F13<AO$3, WORKDAY($F13, 22,Holiday!$A$1:$A$30)>AO$3)), 1, 0)+IF(AND((AO$3-$B$2)>=0,(AO$3-$B$2)<30), 2,0) -> 0
B14: Admin Tools/ Verify New Contact | C14: DEV 1 | D14: 10 | E14: =ROUNDUP(D14*(1+$D$2),0) -> 15 | F14: =WORKDAY(F13,E14,Holiday!A10:A39) -> 46262 | G14: =IF(OR(AND($F13<=G$3, $F14 >= G$3), AND($F14<G$3, WORKDAY($F14, 22,Holiday!$A$1:$A$30)>G$3)), 1, 0)+IF(AND((G$3-$B$2)>=0,(G$3-$B$2)<30), 2,0) -> 0 | H14: =IF(OR(AND($F13<=H$3, $F14 >= H$3), AND($F14<H$3, WORKDAY($F14, 22,Holiday!$A$1:$A$30)>H$3)), 1, 0)+IF(AND((H$3-$B$2)>=0,(H$3-$B$2)<30), 2,0) -> 0 | I14: =IF(OR(AND($F13<=I$3, $F14 >= I$3), AND($F14<I$3, WORKDAY($F14, 22,Holiday!$A$1:$A$30)>I$3)), 1, 0)+IF(AND((I$3-$B$2)>=0,(I$3-$B$2)<30), 2,0) -> 0 | J14: =IF(OR(AND($F13<=J$3, $F14 >= J$3), AND($F14<J$3, WORKDAY($F14, 22,Holiday!$A$1:$A$30)>J$3)), 1, 0)+IF(AND((J$3-$B$2)>=0,(J$3-$B$2)<30), 2,0) -> 0 | K14: =IF(OR(AND($F13<=K$3, $F14 >= K$3), AND($F14<K$3, WORKDAY($F14, 22,Holiday!$A$1:$A$30)>K$3)), 1, 0)+IF(AND((K$3-$B$2)>=0,(K$3-$B$2)<30), 2,0) -> 0 | L14: =IF(OR(AND($F13<=L$3, $F14 >= L$3), AND($F14<L$3, WORKDAY($F14, 22,Holiday!$A$1:$A$30)>L$3)), 1, 0)+IF(AND((L$3-$B$2)>=0,(L$3-$B$2)<30), 2,0) -> 0 | M14: =IF(OR(AND($F13<=M$3, $F14 >= M$3), AND($F14<M$3, WORKDAY($F14, 22,Holiday!$A$1:$A$30)>M$3)), 1, 0)+IF(AND((M$3-$B$2)>=0,(M$3-$B$2)<30), 2,0) -> 1 | N14: =IF(OR(AND($F13<=N$3, $F14 >= N$3), AND($F14<N$3, WORKDAY($F14, 22,Holiday!$A$1:$A$30)>N$3)), 1, 0)+IF(AND((N$3-$B$2)>=0,(N$3-$B$2)<30), 2,0) -> 1 | ... AO14: =IF(OR(AND($F13<=AO$3, $F14 >= AO$3), AND($F14<AO$3, WORKDAY($F14, 22,Holiday!$A$1:$A$30)>AO$3)), 1, 0)+IF(AND((AO$3-$B$2)>=0,(AO$3-$B$2)<30), 2,0) -> 0
B15: Admin Tools/ Verify Phone List | C15: DEV 1 | D15: 10 | E15: =ROUNDUP(D15*(1+$D$2),0) -> 15 | F15: =WORKDAY(F14,E15,Holiday!A11:A40) -> 46283 | G15: =IF(OR(AND($F14<=G$3, $F15 >= G$3), AND($F15<G$3, WORKDAY($F15, 22,Holiday!$A$1:$A$30)>G$3)), 1, 0)+IF(AND((G$3-$B$2)>=0,(G$3-$B$2)<30), 2,0) -> 0 | H15: =IF(OR(AND($F14<=H$3, $F15 >= H$3), AND($F15<H$3, WORKDAY($F15, 22,Holiday!$A$1:$A$30)>H$3)), 1, 0)+IF(AND((H$3-$B$2)>=0,(H$3-$B$2)<30), 2,0) -> 0 | I15: =IF(OR(AND($F14<=I$3, $F15 >= I$3), AND($F15<I$3, WORKDAY($F15, 22,Holiday!$A$1:$A$30)>I$3)), 1, 0)+IF(AND((I$3-$B$2)>=0,(I$3-$B$2)<30), 2,0) -> 0 | J15: =IF(OR(AND($F14<=J$3, $F15 >= J$3), AND($F15<J$3, WORKDAY($F15, 22,Holiday!$A$1:$A$30)>J$3)), 1, 0)+IF(AND((J$3-$B$2)>=0,(J$3-$B$2)<30), 2,0) -> 0 | K15: =IF(OR(AND($F14<=K$3, $F15 >= K$3), AND($F15<K$3, WORKDAY($F15, 22,Holiday!$A$1:$A$30)>K$3)), 1, 0)+IF(AND((K$3-$B$2)>=0,(K$3-$B$2)<30), 2,0) -> 0 | L15: =IF(OR(AND($F14<=L$3, $F15 >= L$3), AND($F15<L$3, WORKDAY($F15, 22,Holiday!$A$1:$A$30)>L$3)), 1, 0)+IF(AND((L$3-$B$2)>=0,(L$3-$B$2)<30), 2,0) -> 0 | M15: =IF(OR(AND($F14<=M$3, $F15 >= M$3), AND($F15<M$3, WORKDAY($F15, 22,Holiday!$A$1:$A$30)>M$3)), 1, 0)+IF(AND((M$3-$B$2)>=0,(M$3-$B$2)<30), 2,0) -> 0 | N15: =IF(OR(AND($F14<=N$3, $F15 >= N$3), AND($F15<N$3, WORKDAY($F15, 22,Holiday!$A$1:$A$30)>N$3)), 1, 0)+IF(AND((N$3-$B$2)>=0,(N$3-$B$2)<30), 2,0) -> 1 | ... AO15: =IF(OR(AND($F14<=AO$3, $F15 >= AO$3), AND($F15<AO$3, WORKDAY($F15, 22,Holiday!$A$1:$A$30)>AO$3)), 1, 0)+IF(AND((AO$3-$B$2)>=0,(AO$3-$B$2)<30), 2,0) -> 0
B16: Admin Tools/Invalidate Follow-up trail | C16: DEV 1 | D16: 10 | E16: =ROUNDUP(D16*(1+$D$2),0) -> 15 | F16: =WORKDAY(F15,E16,Holiday!A12:A41) -> 46304 | G16: =IF(OR(AND($F15<=G$3, $F16 >= G$3), AND($F16<G$3, WORKDAY($F16, 22,Holiday!$A$1:$A$30)>G$3)), 1, 0)+IF(AND((G$3-$B$2)>=0,(G$3-$B$2)<30), 2,0) -> 0 | H16: =IF(OR(AND($F15<=H$3, $F16 >= H$3), AND($F16<H$3, WORKDAY($F16, 22,Holiday!$A$1:$A$30)>H$3)), 1, 0)+IF(AND((H$3-$B$2)>=0,(H$3-$B$2)<30), 2,0) -> 0 | I16: =IF(OR(AND($F15<=I$3, $F16 >= I$3), AND($F16<I$3, WORKDAY($F16, 22,Holiday!$A$1:$A$30)>I$3)), 1, 0)+IF(AND((I$3-$B$2)>=0,(I$3-$B$2)<30), 2,0) -> 0 | J16: =IF(OR(AND($F15<=J$3, $F16 >= J$3), AND($F16<J$3, WORKDAY($F16, 22,Holiday!$A$1:$A$30)>J$3)), 1, 0)+IF(AND((J$3-$B$2)>=0,(J$3-$B$2)<30), 2,0) -> 0 | K16: =IF(OR(AND($F15<=K$3, $F16 >= K$3), AND($F16<K$3, WORKDAY($F16, 22,Holiday!$A$1:$A$30)>K$3)), 1, 0)+IF(AND((K$3-$B$2)>=0,(K$3-$B$2)<30), 2,0) -> 0 | L16: =IF(OR(AND($F15<=L$3, $F16 >= L$3), AND($F16<L$3, WORKDAY($F16, 22,Holiday!$A$1:$A$30)>L$3)), 1, 0)+IF(AND((L$3-$B$2)>=0,(L$3-$B$2)<30), 2,0) -> 0 | M16: =IF(OR(AND($F15<=M$3, $F16 >= M$3), AND($F16<M$3, WORKDAY($F16, 22,Holiday!$A$1:$A$30)>M$3)), 1, 0)+IF(AND((M$3-$B$2)>=0,(M$3-$B$2)<30), 2,0) -> 0 | N16: =IF(OR(AND($F15<=N$3, $F16 >= N$3), AND($F16<N$3, WORKDAY($F16, 22,Holiday!$A$1:$A$30)>N$3)), 1, 0)+IF(AND((N$3-$B$2)>=0,(N$3-$B$2)<30), 2,0) -> 0 | ... AO16: =IF(OR(AND($F15<=AO$3, $F16 >= AO$3), AND($F16<AO$3, WORKDAY($F16, 22,Holiday!$A$1:$A$30)>AO$3)), 1, 0)+IF(AND((AO$3-$B$2)>=0,(AO$3-$B$2)<30), 2,0) -> 0
... B31: Data Table/ Route Robin NFU | C31: DEV 1 | D31: 5 | E31: =ROUNDUP(D31*(1+$D$2),0) -> 8 | F31: =WORKDAY(F30,E31,Holiday!A27:A56) -> 46492 | G31: =IF(OR(AND($F30<=G$3, $F31 >= G$3), AND($F31<G$3, WORKDAY($F31, 22,Holiday!$A$1:$A$30)>G$3)), 1, 0)+IF(AND((G$3-$B$2)>=0,(G$3-$B$2)<30), 2,0) -> 0 | H31: =IF(OR(AND($F30<=H$3, $F31 >= H$3), AND($F31<H$3, WORKDAY($F31, 22,Holiday!$A$1:$A$30)>H$3)), 1, 0)+IF(AND((H$3-$B$2)>=0,(H$3-$B$2)<30), 2,0) -> 0 | I31: =IF(OR(AND($F30<=I$3, $F31 >= I$3), AND($F31<I$3, WORKDAY($F31, 22,Holiday!$A$1:$A$30)>I$3)), 1, 0)+IF(AND((I$3-$B$2)>=0,(I$3-$B$2)<30), 2,0) -> 0 | J31: =IF(OR(AND($F30<=J$3, $F31 >= J$3), AND($F31<J$3, WORKDAY($F31, 22,Holiday!$A$1:$A$30)>J$3)), 1, 0)+IF(AND((J$3-$B$2)>=0,(J$3-$B$2)<30), 2,0) -> 0 | K31: =IF(OR(AND($F30<=K$3, $F31 >= K$3), AND($F31<K$3, WORKDAY($F31, 22,Holiday!$A$1:$A$30)>K$3)), 1, 0)+IF(AND((K$3-$B$2)>=0,(K$3-$B$2)<30), 2,0) -> 0 | L31: =IF(OR(AND($F30<=L$3, $F31 >= L$3), AND($F31<L$3, WORKDAY($F31, 22,Holiday!$A$1:$A$30)>L$3)), 1, 0)+IF(AND((L$3-$B$2)>=0,(L$3-$B$2)<30), 2,0) -> 0 | M31: =IF(OR(AND($F30<=M$3, $F31 >= M$3), AND($F31<M$3, WORKDAY($F31, 22,Holiday!$A$1:$A$30)>M$3)), 1, 0)+IF(AND((M$3-$B$2)>=0,(M$3-$B$2)<30), 2,0) -> 0 | N31: =IF(OR(AND($F30<=N$3, $F31 >= N$3), AND($F31<N$3, WORKDAY($F31, 22,Holiday!$A$1:$A$30)>N$3)), 1, 0)+IF(AND((N$3-$B$2)>=0,(N$3-$B$2)<30), 2,0) -> 0 | ... AO31: =IF(OR(AND($F30<=AO$3, $F31 >= AO$3), AND($F31<AO$3, WORKDAY($F31, 22,Holiday!$A$1:$A$30)>AO$3)), 1, 0)+IF(AND((AO$3-$B$2)>=0,(AO$3-$B$2)<30), 2,0) -> 0
B32: Data Table/ RouteRobinPoolCategories | C32: DEV 2 | D32: 5 | E32: =ROUNDUP(D32*(1+$D$2),0) -> 8 | F32: =WORKDAY(F4,E32,Holiday!A28:A57) -> 46063 | G32: =IF(OR(AND($F31<=G$3, $F32 >= G$3), AND($F32<G$3, WORKDAY($F32, 22,Holiday!$A$1:$A$30)>G$3)), 1, 0)+IF(AND((G$3-$B$2)>=0,(G$3-$B$2)<30), 2,0) -> 0 | H32: =IF(OR(AND($F31<=H$3, $F32 >= H$3), AND($F32<H$3, WORKDAY($F32, 22,Holiday!$A$1:$A$30)>H$3)), 1, 0)+IF(AND((H$3-$B$2)>=0,(H$3-$B$2)<30), 2,0) -> 1 | I32: =IF(OR(AND($F31<=I$3, $F32 >= I$3), AND($F32<I$3, WORKDAY($F32, 22,Holiday!$A$1:$A$30)>I$3)), 1, 0)+IF(AND((I$3-$B$2)>=0,(I$3-$B$2)<30), 2,0) -> 0 | J32: =IF(OR(AND($F31<=J$3, $F32 >= J$3), AND($F32<J$3, WORKDAY($F32, 22,Holiday!$A$1:$A$30)>J$3)), 1, 0)+IF(AND((J$3-$B$2)>=0,(J$3-$B$2)<30), 2,0) -> 0 | K32: =IF(OR(AND($F31<=K$3, $F32 >= K$3), AND($F32<K$3, WORKDAY($F32, 22,Holiday!$A$1:$A$30)>K$3)), 1, 0)+IF(AND((K$3-$B$2)>=0,(K$3-$B$2)<30), 2,0) -> 0 | L32: =IF(OR(AND($F31<=L$3, $F32 >= L$3), AND($F32<L$3, WORKDAY($F32, 22,Holiday!$A$1:$A$30)>L$3)), 1, 0)+IF(AND((L$3-$B$2)>=0,(L$3-$B$2)<30), 2,0) -> 0 | M32: =IF(OR(AND($F31<=M$3, $F32 >= M$3), AND($F32<M$3, WORKDAY($F32, 22,Holiday!$A$1:$A$30)>M$3)), 1, 0)+IF(AND((M$3-$B$2)>=0,(M$3-$B$2)<30), 2,0) -> 0 | N32: =IF(OR(AND($F31<=N$3, $F32 >= N$3), AND($F32<N$3, WORKDAY($F32, 22,Holiday!$A$1:$A$30)>N$3)), 1, 0)+IF(AND((N$3-$B$2)>=0,(N$3-$B$2)<30), 2,0) -> 0 | ... AO32: =IF(OR(AND($F31<=AO$3, $F32 >= AO$3), AND($F32<AO$3, WORKDAY($F32, 22,Holiday!$A$1:$A$30)>AO$3)), 1, 0)+IF(AND((AO$3-$B$2)>=0,(AO$3-$B$2)<30), 2,0) -> 0
B33: Data Table/ Segmentation | C33: DEV 2 | D33: 5 | E33: =ROUNDUP(D33*(1+$D$2),0) -> 8 | F33: =WORKDAY(F32,E33,Holiday!A29:A58) -> 46073 | G33: =IF(OR(AND($F32<=G$3, $F33 >= G$3), AND($F33<G$3, WORKDAY($F33, 22,Holiday!$A$1:$A$30)>G$3)), 1, 0)+IF(AND((G$3-$B$2)>=0,(G$3-$B$2)<30), 2,0) -> 0 | H33: =IF(OR(AND($F32<=H$3, $F33 >= H$3), AND($F33<H$3, WORKDAY($F33, 22,Holiday!$A$1:$A$30)>H$3)), 1, 0)+IF(AND((H$3-$B$2)>=0,(H$3-$B$2)<30), 2,0) -> 1 | I33: =IF(OR(AND($F32<=I$3, $F33 >= I$3), AND($F33<I$3, WORKDAY($F33, 22,Holiday!$A$1:$A$30)>I$3)), 1, 0)+IF(AND((I$3-$B$2)>=0,(I$3-$B$2)<30), 2,0) -> 0 | J33: =IF(OR(AND($F32<=J$3, $F33 >= J$3), AND($F33<J$3, WORKDAY($F33, 22,Holiday!$A$1:$A$30)>J$3)), 1, 0)+IF(AND((J$3-$B$2)>=0,(J$3-$B$2)<30), 2,0) -> 0 | K33: =IF(OR(AND($F32<=K$3, $F33 >= K$3), AND($F33<K$3, WORKDAY($F33, 22,Holiday!$A$1:$A$30)>K$3)), 1, 0)+IF(AND((K$3-$B$2)>=0,(K$3-$B$2)<30), 2,0) -> 0 | L33: =IF(OR(AND($F32<=L$3, $F33 >= L$3), AND($F33<L$3, WORKDAY($F33, 22,Holiday!$A$1:$A$30)>L$3)), 1, 0)+IF(AND((L$3-$B$2)>=0,(L$3-$B$2)<30), 2,0) -> 0 | M33: =IF(OR(AND($F32<=M$3, $F33 >= M$3), AND($F33<M$3, WORKDAY($F33, 22,Holiday!$A$1:$A$30)>M$3)), 1, 0)+IF(AND((M$3-$B$2)>=0,(M$3-$B$2)<30), 2,0) -> 0 | N33: =IF(OR(AND($F32<=N$3, $F33 >= N$3), AND($F33<N$3, WORKDAY($F33, 22,Holiday!$A$1:$A$30)>N$3)), 1, 0)+IF(AND((N$3-$B$2)>=0,(N$3-$B$2)<30), 2,0) -> 0 | ... AO33: =IF(OR(AND($F32<=AO$3, $F33 >= AO$3), AND($F33<AO$3, WORKDAY($F33, 22,Holiday!$A$1:$A$30)>AO$3)), 1, 0)+IF(AND((AO$3-$B$2)>=0,(AO$3-$B$2)<30), 2,0) -> 0
B34: Data Table/ Special Scheme Group | C34: DEV 2 | D34: 5 | E34: =ROUNDUP(D34*(1+$D$2),0) -> 8 | F34: =WORKDAY(F33,E34,Holiday!A30:A59) -> 46085 | G34: =IF(OR(AND($F33<=G$3, $F34 >= G$3), AND($F34<G$3, WORKDAY($F34, 22,Holiday!$A$1:$A$30)>G$3)), 1, 0)+IF(AND((G$3-$B$2)>=0,(G$3-$B$2)<30), 2,0) -> 0 | H34: =IF(OR(AND($F33<=H$3, $F34 >= H$3), AND($F34<H$3, WORKDAY($F34, 22,Holiday!$A$1:$A$30)>H$3)), 1, 0)+IF(AND((H$3-$B$2)>=0,(H$3-$B$2)<30), 2,0) -> 1 | I34: =IF(OR(AND($F33<=I$3, $F34 >= I$3), AND($F34<I$3, WORKDAY($F34, 22,Holiday!$A$1:$A$30)>I$3)), 1, 0)+IF(AND((I$3-$B$2)>=0,(I$3-$B$2)<30), 2,0) -> 0 | J34: =IF(OR(AND($F33<=J$3, $F34 >= J$3), AND($F34<J$3, WORKDAY($F34, 22,Holiday!$A$1:$A$30)>J$3)), 1, 0)+IF(AND((J$3-$B$2)>=0,(J$3-$B$2)<30), 2,0) -> 0 | K34: =IF(OR(AND($F33<=K$3, $F34 >= K$3), AND($F34<K$3, WORKDAY($F34, 22,Holiday!$A$1:$A$30)>K$3)), 1, 0)+IF(AND((K$3-$B$2)>=0,(K$3-$B$2)<30), 2,0) -> 0 | L34: =IF(OR(AND($F33<=L$3, $F34 >= L$3), AND($F34<L$3, WORKDAY($F34, 22,Holiday!$A$1:$A$30)>L$3)), 1, 0)+IF(AND((L$3-$B$2)>=0,(L$3-$B$2)<30), 2,0) -> 0 | M34: =IF(OR(AND($F33<=M$3, $F34 >= M$3), AND($F34<M$3, WORKDAY($F34, 22,Holiday!$A$1:$A$30)>M$3)), 1, 0)+IF(AND((M$3-$B$2)>=0,(M$3-$B$2)<30), 2,0) -> 0 | N34: =IF(OR(AND($F33<=N$3, $F34 >= N$3), AND($F34<N$3, WORKDAY($F34, 22,Holiday!$A$1:$A$30)>N$3)), 1, 0)+IF(AND((N$3-$B$2)>=0,(N$3-$B$2)<30), 2,0) -> 0 | ... AO34: =IF(OR(AND($F33<=AO$3, $F34 >= AO$3), AND($F34<AO$3, WORKDAY($F34, 22,Holiday!$A$1:$A$30)>AO$3)), 1, 0)+IF(AND((AO$3-$B$2)>=0,(AO$3-$B$2)<30), 2,0) -> 0
B35: Data Table/ Switch Mode Allocation | C35: DEV 2 | D35: 5 | E35: =ROUNDUP(D35*(1+$D$2),0) -> 8 | F35: =WORKDAY(F34,E35,Holiday!A31:A60) -> 46097 | G35: =IF(OR(AND($F34<=G$3, $F35 >= G$3), AND($F35<G$3, WORKDAY($F35, 22,Holiday!$A$1:$A$30)>G$3)), 1, 0)+IF(AND((G$3-$B$2)>=0,(G$3-$B$2)<30), 2,0) -> 0 | H35: =IF(OR(AND($F34<=H$3, $F35 >= H$3), AND($F35<H$3, WORKDAY($F35, 22,Holiday!$A$1:$A$30)>H$3)), 1, 0)+IF(AND((H$3-$B$2)>=0,(H$3-$B$2)<30), 2,0) -> 1 | I35: =IF(OR(AND($F34<=I$3, $F35 >= I$3), AND($F35<I$3, WORKDAY($F35, 22,Holiday!$A$1:$A$30)>I$3)), 1, 0)+IF(AND((I$3-$B$2)>=0,(I$3-$B$2)<30), 2,0) -> 1 | J35: =IF(OR(AND($F34<=J$3, $F35 >= J$3), AND($F35<J$3, WORKDAY($F35, 22,Holiday!$A$1:$A$30)>J$3)), 1, 0)+IF(AND((J$3-$B$2)>=0,(J$3-$B$2)<30), 2,0) -> 0 | K35: =IF(OR(AND($F34<=K$3, $F35 >= K$3), AND($F35<K$3, WORKDAY($F35, 22,Holiday!$A$1:$A$30)>K$3)), 1, 0)+IF(AND((K$3-$B$2)>=0,(K$3-$B$2)<30), 2,0) -> 0 | L35: =IF(OR(AND($F34<=L$3, $F35 >= L$3), AND($F35<L$3, WORKDAY($F35, 22,Holiday!$A$1:$A$30)>L$3)), 1, 0)+IF(AND((L$3-$B$2)>=0,(L$3-$B$2)<30), 2,0) -> 0 | M35: =IF(OR(AND($F34<=M$3, $F35 >= M$3), AND($F35<M$3, WORKDAY($F35, 22,Holiday!$A$1:$A$30)>M$3)), 1, 0)+IF(AND((M$3-$B$2)>=0,(M$3-$B$2)<30), 2,0) -> 0 | N35: =IF(OR(AND($F34<=N$3, $F35 >= N$3), AND($F35<N$3, WORKDAY($F35, 22,Holiday!$A$1:$A$30)>N$3)), 1, 0)+IF(AND((N$3-$B$2)>=0,(N$3-$B$2)<30), 2,0) -> 0 | ... AO35: =IF(OR(AND($F34<=AO$3, $F35 >= AO$3), AND($F35<AO$3, WORKDAY($F35, 22,Holiday!$A$1:$A$30)>AO$3)), 1, 0)+IF(AND((AO$3-$B$2)>=0,(AO$3-$B$2)<30), 2,0) -> 0
B36: Data Table/ User Activity Limit Data | C36: DEV 2 | D36: 5 | E36: =ROUNDUP(D36*(1+$D$2),0) -> 8 | F36: =WORKDAY(F35,E36,Holiday!A32:A61) -> 46107 | G36: =IF(OR(AND($F35<=G$3, $F36 >= G$3), AND($F36<G$3, WORKDAY($F36, 22,Holiday!$A$1:$A$30)>G$3)), 1, 0)+IF(AND((G$3-$B$2)>=0,(G$3-$B$2)<30), 2,0) -> 0 | H36: =IF(OR(AND($F35<=H$3, $F36 >= H$3), AND($F36<H$3, WORKDAY($F36, 22,Holiday!$A$1:$A$30)>H$3)), 1, 0)+IF(AND((H$3-$B$2)>=0,(H$3-$B$2)<30), 2,0) -> 0 | I36: =IF(OR(AND($F35<=I$3, $F36 >= I$3), AND($F36<I$3, WORKDAY($F36, 22,Holiday!$A$1:$A$30)>I$3)), 1, 0)+IF(AND((I$3-$B$2)>=0,(I$3-$B$2)<30), 2,0) -> 1 | J36: =IF(OR(AND($F35<=J$3, $F36 >= J$3), AND($F36<J$3, WORKDAY($F36, 22,Holiday!$A$1:$A$30)>J$3)), 1, 0)+IF(AND((J$3-$B$2)>=0,(J$3-$B$2)<30), 2,0) -> 0 | K36: =IF(OR(AND($F35<=K$3, $F36 >= K$3), AND($F36<K$3, WORKDAY($F36, 22,Holiday!$A$1:$A$30)>K$3)), 1, 0)+IF(AND((K$3-$B$2)>=0,(K$3-$B$2)<30), 2,0) -> 0 | L36: =IF(OR(AND($F35<=L$3, $F36 >= L$3), AND($F36<L$3, WORKDAY($F36, 22,Holiday!$A$1:$A$30)>L$3)), 1, 0)+IF(AND((L$3-$B$2)>=0,(L$3-$B$2)<30), 2,0) -> 0 | M36: =IF(OR(AND($F35<=M$3, $F36 >= M$3), AND($F36<M$3, WORKDAY($F36, 22,Holiday!$A$1:$A$30)>M$3)), 1, 0)+IF(AND((M$3-$B$2)>=0,(M$3-$B$2)<30), 2,0) -> 0 | N36: =IF(OR(AND($F35<=N$3, $F36 >= N$3), AND($F36<N$3, WORKDAY($F36, 22,Holiday!$A$1:$A$30)>N$3)), 1, 0)+IF(AND((N$3-$B$2)>=0,(N$3-$B$2)<30), 2,0) -> 0 | ... AO36: =IF(OR(AND($F35<=AO$3, $F36 >= AO$3), AND($F36<AO$3, WORKDAY($F36, 22,Holiday!$A$1:$A$30)>AO$3)), 1, 0)+IF(AND((AO$3-$B$2)>=0,(AO$3-$B$2)<30), 2,0) -> 0
B37: Data Table/ WL4ROUNDROBINPriority | C37: DEV 2 | D37: 5 | E37: =ROUNDUP(D37*(1+$D$2),0) -> 8 | F37: =WORKDAY(F36,E37,Holiday!A33:A62) -> 46119 | G37: =IF(OR(AND($F36<=G$3, $F37 >= G$3), AND($F37<G$3, WORKDAY($F37, 22,Holiday!$A$1:$A$30)>G$3)), 1, 0)+IF(AND((G$3-$B$2)>=0,(G$3-$B$2)<30), 2,0) -> 0 | H37: =IF(OR(AND($F36<=H$3, $F37 >= H$3), AND($F37<H$3, WORKDAY($F37, 22,Holiday!$A$1:$A$30)>H$3)), 1, 0)+IF(AND((H$3-$B$2)>=0,(H$3-$B$2)<30), 2,0) -> 0 | I37: =IF(OR(AND($F36<=I$3, $F37 >= I$3), AND($F37<I$3, WORKDAY($F37, 22,Holiday!$A$1:$A$30)>I$3)), 1, 0)+IF(AND((I$3-$B$2)>=0,(I$3-$B$2)<30), 2,0) -> 1 | J37: =IF(OR(AND($F36<=J$3, $F37 >= J$3), AND($F37<J$3, WORKDAY($F37, 22,Holiday!$A$1:$A$30)>J$3)), 1, 0)+IF(AND((J$3-$B$2)>=0,(J$3-$B$2)<30), 2,0) -> 1 | K37: =IF(OR(AND($F36<=K$3, $F37 >= K$3), AND($F37<K$3, WORKDAY($F37, 22,Holiday!$A$1:$A$30)>K$3)), 1, 0)+IF(AND((K$3-$B$2)>=0,(K$3-$B$2)<30), 2,0) -> 0 | L37: =IF(OR(AND($F36<=L$3, $F37 >= L$3), AND($F37<L$3, WORKDAY($F37, 22,Holiday!$A$1:$A$30)>L$3)), 1, 0)+IF(AND((L$3-$B$2)>=0,(L$3-$B$2)<30), 2,0) -> 0 | M37: =IF(OR(AND($F36<=M$3, $F37 >= M$3), AND($F37<M$3, WORKDAY($F37, 22,Holiday!$A$1:$A$30)>M$3)), 1, 0)+IF(AND((M$3-$B$2)>=0,(M$3-$B$2)<30), 2,0) -> 0 | N37: =IF(OR(AND($F36<=N$3, $F37 >= N$3), AND($F37<N$3, WORKDAY($F37, 22,Holiday!$A$1:$A$30)>N$3)), 1, 0)+IF(AND((N$3-$B$2)>=0,(N$3-$B$2)<30), 2,0) -> 0 | ... AO37: =IF(OR(AND($F36<=AO$3, $F37 >= AO$3), AND($F37<AO$3, WORKDAY($F37, 22,Holiday!$A$1:$A$30)>AO$3)), 1, 0)+IF(AND((AO$3-$B$2)>=0,(AO$3-$B$2)<30), 2,0) -> 0
B38: Data Table/Action code | C38: DEV 2 | D38: 5 | E38: =ROUNDUP(D38*(1+$D$2),0) -> 8 | F38: =WORKDAY(F37,E38,Holiday!A34:A63) -> 46129 | G38: =IF(OR(AND($F37<=G$3, $F38 >= G$3), AND($F38<G$3, WORKDAY($F38, 22,Holiday!$A$1:$A$30)>G$3)), 1, 0)+IF(AND((G$3-$B$2)>=0,(G$3-$B$2)<30), 2,0) -> 0 | H38: =IF(OR(AND($F37<=H$3, $F38 >= H$3), AND($F38<H$3, WORKDAY($F38, 22,Holiday!$A$1:$A$30)>H$3)), 1, 0)+IF(AND((H$3-$B$2)>=0,(H$3-$B$2)<30), 2,0) -> 0 | I38: =IF(OR(AND($F37<=I$3, $F38 >= I$3), AND($F38<I$3, WORKDAY($F38, 22,Holiday!$A$1:$A$30)>I$3)), 1, 0)+IF(AND((I$3-$B$2)>=0,(I$3-$B$2)<30), 2,0) -> 0 | J38: =IF(OR(AND($F37<=J$3, $F38 >= J$3), AND($F38<J$3, WORKDAY($F38, 22,Holiday!$A$1:$A$30)>J$3)), 1, 0)+IF(AND((J$3-$B$2)>=0,(J$3-$B$2)<30), 2,0) -> 1 | K38: =IF(OR(AND($F37<=K$3, $F38 >= K$3), AND($F38<K$3, WORKDAY($F38, 22,Holiday!$A$1:$A$30)>K$3)), 1, 0)+IF(AND((K$3-$B$2)>=0,(K$3-$B$2)<30), 2,0) -> 0 | L38: =IF(OR(AND($F37<=L$3, $F38 >= L$3), AND($F38<L$3, WORKDAY($F38, 22,Holiday!$A$1:$A$30)>L$3)), 1, 0)+IF(AND((L$3-$B$2)>=0,(L$3-$B$2)<30), 2,0) -> 0 | M38: =IF(OR(AND($F37<=M$3, $F38 >= M$3), AND($F38<M$3, WORKDAY($F38, 22,Holiday!$A$1:$A$30)>M$3)), 1, 0)+IF(AND((M$3-$B$2)>=0,(M$3-$B$2)<30), 2,0) -> 0 | N38: =IF(OR(AND($F37<=N$3, $F38 >= N$3), AND($F38<N$3, WORKDAY($F38, 22,Holiday!$A$1:$A$30)>N$3)), 1, 0)+IF(AND((N$3-$B$2)>=0,(N$3-$B$2)<30), 2,0) -> 0 | ... AO38: =IF(OR(AND($F37<=AO$3, $F38 >= AO$3), AND($F38<AO$3, WORKDAY($F38, 22,Holiday!$A$1:$A$30)>AO$3)), 1, 0)+IF(AND((AO$3-$B$2)>=0,(AO$3-$B$2)<30), 2,0) -> 0
B39: Data table/Collection Complaints | C39: DEV 2 | D39: 5 | E39: =ROUNDUP(D39*(1+$D$2),0) -> 8 | F39: =WORKDAY(F38,E39,Holiday!A35:A64) -> 46141 | G39: =IF(OR(AND($F38<=G$3, $F39 >= G$3), AND($F39<G$3, WORKDAY($F39, 22,Holiday!$A$1:$A$30)>G$3)), 1, 0)+IF(AND((G$3-$B$2)>=0,(G$3-$B$2)<30), 2,0) -> 0 | H39: =IF(OR(AND($F38<=H$3, $F39 >= H$3), AND($F39<H$3, WORKDAY($F39, 22,Holiday!$A$1:$A$30)>H$3)), 1, 0)+IF(AND((H$3-$B$2)>=0,(H$3-$B$2)<30), 2,0) -> 0 | I39: =IF(OR(AND($F38<=I$3, $F39 >= I$3), AND($F39<I$3, WORKDAY($F39, 22,Holiday!$A$1:$A$30)>I$3)), 1, 0)+IF(AND((I$3-$B$2)>=0,(I$3-$B$2)<30), 2,0) -> 0 | J39: =IF(OR(AND($F38<=J$3, $F39 >= J$3), AND($F39<J$3, WORKDAY($F39, 22,Holiday!$A$1:$A$30)>J$3)), 1, 0)+IF(AND((J$3-$B$2)>=0,(J$3-$B$2)<30), 2,0) -> 1 | K39: =IF(OR(AND($F38<=K$3, $F39 >= K$3), AND($F39<K$3, WORKDAY($F39, 22,Holiday!$A$1:$A$30)>K$3)), 1, 0)+IF(AND((K$3-$B$2)>=0,(K$3-$B$2)<30), 2,0) -> 0 | L39: =IF(OR(AND($F38<=L$3, $F39 >= L$3), AND($F39<L$3, WORKDAY($F39, 22,Holiday!$A$1:$A$30)>L$3)), 1, 0)+IF(AND((L$3-$B$2)>=0,(L$3-$B$2)<30), 2,0) -> 0 | M39: =IF(OR(AND($F38<=M$3, $F39 >= M$3), AND($F39<M$3, WORKDAY($F39, 22,Holiday!$A$1:$A$30)>M$3)), 1, 0)+IF(AND((M$3-$B$2)>=0,(M$3-$B$2)<30), 2,0) -> 0 | N39: =IF(OR(AND($F38<=N$3, $F39 >= N$3), AND($F39<N$3, WORKDAY($F39, 22,Holiday!$A$1:$A$30)>N$3)), 1, 0)+IF(AND((N$3-$B$2)>=0,(N$3-$B$2)<30), 2,0) -> 0 | ... AO39: =IF(OR(AND($F38<=AO$3, $F39 >= AO$3), AND($F39<AO$3, WORKDAY($F39, 22,Holiday!$A$1:$A$30)>AO$3)), 1, 0)+IF(AND((AO$3-$B$2)>=0,(AO$3-$B$2)<30), 2,0) -> 0
B40: Data Table/NFU Reason Codes | C40: DEV 2 | D40: 5 | E40: =ROUNDUP(D40*(1+$D$2),0) -> 8 | F40: =WORKDAY(F39,E40,Holiday!A36:A65) -> 46153 | G40: =IF(OR(AND($F39<=G$3, $F40 >= G$3), AND($F40<G$3, WORKDAY($F40, 22,Holiday!$A$1:$A$30)>G$3)), 1, 0)+IF(AND((G$3-$B$2)>=0,(G$3-$B$2)<30), 2,0) -> 0 | H40: =IF(OR(AND($F39<=H$3, $F40 >= H$3), AND($F40<H$3, WORKDAY($F40, 22,Holiday!$A$1:$A$30)>H$3)), 1, 0)+IF(AND((H$3-$B$2)>=0,(H$3-$B$2)<30), 2,0) -> 0 | I40: =IF(OR(AND($F39<=I$3, $F40 >= I$3), AND($F40<I$3, WORKDAY($F40, 22,Holiday!$A$1:$A$30)>I$3)), 1, 0)+IF(AND((I$3-$B$2)>=0,(I$3-$B$2)<30), 2,0) -> 0 | J40: =IF(OR(AND($F39<=J$3, $F40 >= J$3), AND($F40<J$3, WORKDAY($F40, 22,Holiday!$A$1:$A$30)>J$3)), 1, 0)+IF(AND((J$3-$B$2)>=0,(J$3-$B$2)<30), 2,0) -> 1 | K40: =IF(OR(AND($F39<=K$3, $F40 >= K$3), AND($F40<K$3, WORKDAY($F40, 22,Holiday!$A$1:$A$30)>K$3)), 1, 0)+IF(AND((K$3-$B$2)>=0,(K$3-$B$2)<30), 2,0) -> 1 | L40: =IF(OR(AND($F39<=L$3, $F40 >= L$3), AND($F40<L$3, WORKDAY($F40, 22,Holiday!$A$1:$A$30)>L$3)), 1, 0)+IF(AND((L$3-$B$2)>=0,(L$3-$B$2)<30), 2,0) -> 0 | M40: =IF(OR(AND($F39<=M$3, $F40 >= M$3), AND($F40<M$3, WORKDAY($F40, 22,Holiday!$A$1:$A$30)>M$3)), 1, 0)+IF(AND((M$3-$B$2)>=0,(M$3-$B$2)<30), 2,0) -> 0 | N40: =IF(OR(AND($F39<=N$3, $F40 >= N$3), AND($F40<N$3, WORKDAY($F40, 22,Holiday!$A$1:$A$30)>N$3)), 1, 0)+IF(AND((N$3-$B$2)>=0,(N$3-$B$2)<30), 2,0) -> 0 | ... AO40: =IF(OR(AND($F39<=AO$3, $F40 >= AO$3), AND($F40<AO$3, WORKDAY($F40, 22,Holiday!$A$1:$A$30)>AO$3)), 1, 0)+IF(AND((AO$3-$B$2)>=0,(AO$3-$B$2)<30), 2,0) -> 0
B41: Data table/Region Distribution | C41: DEV 2 | D41: 5 | E41: =ROUNDUP(D41*(1+$D$2),0) -> 8 | F41: =WORKDAY(F40,E41,Holiday!A37:A66) -> 46163 | G41: =IF(OR(AND($F40<=G$3, $F41 >= G$3), AND($F41<G$3, WORKDAY($F41, 22,Holiday!$A$1:$A$30)>G$3)), 1, 0)+IF(AND((G$3-$B$2)>=0,(G$3-$B$2)<30), 2,0) -> 0 | H41: =IF(OR(AND($F40<=H$3, $F41 >= H$3), AND($F41<H$3, WORKDAY($F41, 22,Holiday!$A$1:$A$30)>H$3)), 1, 0)+IF(AND((H$3-$B$2)>=0,(H$3-$B$2)<30), 2,0) -> 0 | I41: =IF(OR(AND($F40<=I$3, $F41 >= I$3), AND($F41<I$3, WORKDAY($F41, 22,Holiday!$A$1:$A$30)>I$3)), 1, 0)+IF(AND((I$3-$B$2)>=0,(I$3-$B$2)<30), 2,0) -> 0 | J41: =IF(OR(AND($F40<=J$3, $F41 >= J$3), AND($F41<J$3, WORKDAY($F41, 22,Holiday!$A$1:$A$30)>J$3)), 1, 0)+IF(AND((J$3-$B$2)>=0,(J$3-$B$2)<30), 2,0) -> 0 | K41: =IF(OR(AND($F40<=K$3, $F41 >= K$3), AND($F41<K$3, WORKDAY($F41, 22,Holiday!$A$1:$A$30)>K$3)), 1, 0)+IF(AND((K$3-$B$2)>=0,(K$3-$B$2)<30), 2,0) -> 1 | L41: =IF(OR(AND($F40<=L$3, $F41 >= L$3), AND($F41<L$3, WORKDAY($F41, 22,Holiday!$A$1:$A$30)>L$3)), 1, 0)+IF(AND((L$3-$B$2)>=0,(L$3-$B$2)<30), 2,0) -> 0 | M41: =IF(OR(AND($F40<=M$3, $F41 >= M$3), AND($F41<M$3, WORKDAY($F41, 22,Holiday!$A$1:$A$30)>M$3)), 1, 0)+IF(AND((M$3-$B$2)>=0,(M$3-$B$2)<30), 2,0) -> 0 | N41: =IF(OR(AND($F40<=N$3, $F41 >= N$3), AND($F41<N$3, WORKDAY($F41, 22,Holiday!$A$1:$A$30)>N$3)), 1, 0)+IF(AND((N$3-$B$2)>=0,(N$3-$B$2)<30), 2,0) -> 0 | ... AO41: =IF(OR(AND($F40<=AO$3, $F41 >= AO$3), AND($F41<AO$3, WORKDAY($F41, 22,Holiday!$A$1:$A$30)>AO$3)), 1, 0)+IF(AND((AO$3-$B$2)>=0,(AO$3-$B$2)<30), 2,0) -> 0
B42: Decision table/ Approval B0DeterminePilotName | C42: DEV 2 | D42: 6 | E42: =ROUNDUP(D42*(1+$D$2),0) -> 9 | F42: =WORKDAY(F41,E42,Holiday!A38:A67) -> 46176 | G42: =IF(OR(AND($F41<=G$3, $F42 >= G$3), AND($F42<G$3, WORKDAY($F42, 22,Holiday!$A$1:$A$30)>G$3)), 1, 0)+IF(AND((G$3-$B$2)>=0,(G$3-$B$2)<30), 2,0) -> 0 | H42: =IF(OR(AND($F41<=H$3, $F42 >= H$3), AND($F42<H$3, WORKDAY($F42, 22,Holiday!$A$1:$A$30)>H$3)), 1, 0)+IF(AND((H$3-$B$2)>=0,(H$3-$B$2)<30), 2,0) -> 0 | I42: =IF(OR(AND($F41<=I$3, $F42 >= I$3), AND($F42<I$3, WORKDAY($F42, 22,Holiday!$A$1:$A$30)>I$3)), 1, 0)+IF(AND((I$3-$B$2)>=0,(I$3-$B$2)<30), 2,0) -> 0 | J42: =IF(OR(AND($F41<=J$3, $F42 >= J$3), AND($F42<J$3, WORKDAY($F42, 22,Holiday!$A$1:$A$30)>J$3)), 1, 0)+IF(AND((J$3-$B$2)>=0,(J$3-$B$2)<30), 2,0) -> 0 | K42: =IF(OR(AND($F41<=K$3, $F42 >= K$3), AND($F42<K$3, WORKDAY($F42, 22,Holiday!$A$1:$A$30)>K$3)), 1, 0)+IF(AND((K$3-$B$2)>=0,(K$3-$B$2)<30), 2,0) -> 1 | L42: =IF(OR(AND($F41<=L$3, $F42 >= L$3), AND($F42<L$3, WORKDAY($F42, 22,Holiday!$A$1:$A$30)>L$3)), 1, 0)+IF(AND((L$3-$B$2)>=0,(L$3-$B$2)<30), 2,0) -> 0 | M42: =IF(OR(AND($F41<=M$3, $F42 >= M$3), AND($F42<M$3, WORKDAY($F42, 22,Holiday!$A$1:$A$30)>M$3)), 1, 0)+IF(AND((M$3-$B$2)>=0,(M$3-$B$2)<30), 2,0) -> 0 | N42: =IF(OR(AND($F41<=N$3, $F42 >= N$3), AND($F42<N$3, WORKDAY($F42, 22,Holiday!$A$1:$A$30)>N$3)), 1, 0)+IF(AND((N$3-$B$2)>=0,(N$3-$B$2)<30), 2,0) -> 0 | ... AO42: =IF(OR(AND($F41<=AO$3, $F42 >= AO$3), AND($F42<AO$3, WORKDAY($F42, 22,Holiday!$A$1:$A$30)>AO$3)), 1, 0)+IF(AND((AO$3-$B$2)>=0,(AO$3-$B$2)<30), 2,0) -> 0
B43: Decision table/ Approval B1-B6DeterminePilotName | C43: DEV 2 | D43: 6 | E43: =ROUNDUP(D43*(1+$D$2),0) -> 9 | F43: =WORKDAY(F42,E43,Holiday!A39:A68) -> 46189 | G43: =IF(OR(AND($F42<=G$3, $F43 >= G$3), AND($F43<G$3, WORKDAY($F43, 22,Holiday!$A$1:$A$30)>G$3)), 1, 0)+IF(AND((G$3-$B$2)>=0,(G$3-$B$2)<30), 2,0) -> 0 | H43: =IF(OR(AND($F42<=H$3, $F43 >= H$3), AND($F43<H$3, WORKDAY($F43, 22,Holiday!$A$1:$A$30)>H$3)), 1, 0)+IF(AND((H$3-$B$2)>=0,(H$3-$B$2)<30), 2,0) -> 0 | I43: =IF(OR(AND($F42<=I$3, $F43 >= I$3), AND($F43<I$3, WORKDAY($F43, 22,Holiday!$A$1:$A$30)>I$3)), 1, 0)+IF(AND((I$3-$B$2)>=0,(I$3-$B$2)<30), 2,0) -> 0 | J43: =IF(OR(AND($F42<=J$3, $F43 >= J$3), AND($F43<J$3, WORKDAY($F43, 22,Holiday!$A$1:$A$30)>J$3)), 1, 0)+IF(AND((J$3-$B$2)>=0,(J$3-$B$2)<30), 2,0) -> 0 | K43: =IF(OR(AND($F42<=K$3, $F43 >= K$3), AND($F43<K$3, WORKDAY($F43, 22,Holiday!$A$1:$A$30)>K$3)), 1, 0)+IF(AND((K$3-$B$2)>=0,(K$3-$B$2)<30), 2,0) -> 1 | L43: =IF(OR(AND($F42<=L$3, $F43 >= L$3), AND($F43<L$3, WORKDAY($F43, 22,Holiday!$A$1:$A$30)>L$3)), 1, 0)+IF(AND((L$3-$B$2)>=0,(L$3-$B$2)<30), 2,0) -> 1 | M43: =IF(OR(AND($F42<=M$3, $F43 >= M$3), AND($F43<M$3, WORKDAY($F43, 22,Holiday!$A$1:$A$30)>M$3)), 1, 0)+IF(AND((M$3-$B$2)>=0,(M$3-$B$2)<30), 2,0) -> 0 | N43: =IF(OR(AND($F42<=N$3, $F43 >= N$3), AND($F43<N$3, WORKDAY($F43, 22,Holiday!$A$1:$A$30)>N$3)), 1, 0)+IF(AND((N$3-$B$2)>=0,(N$3-$B$2)<30), 2,0) -> 0 | ... AO43: =IF(OR(AND($F42<=AO$3, $F43 >= AO$3), AND($F43<AO$3, WORKDAY($F43, 22,Holiday!$A$1:$A$30)>AO$3)), 1, 0)+IF(AND((AO$3-$B$2)>=0,(AO$3-$B$2)<30), 2,0) -> 0
B44: Decision table/ Approval PILOT_B0-B6_MESSAGE_TEMPLATE | C44: DEV 2 | D44: 6 | E44: =ROUNDUP(D44*(1+$D$2),0) -> 9 | F44: =WORKDAY(F43,E44,Holiday!A40:A69) -> 46202 | G44: =IF(OR(AND($F43<=G$3, $F44 >= G$3), AND($F44<G$3, WORKDAY($F44, 22,Holiday!$A$1:$A$30)>G$3)), 1, 0)+IF(AND((G$3-$B$2)>=0,(G$3-$B$2)<30), 2,0) -> 0 | H44: =IF(OR(AND($F43<=H$3, $F44 >= H$3), AND($F44<H$3, WORKDAY($F44, 22,Holiday!$A$1:$A$30)>H$3)), 1, 0)+IF(AND((H$3-$B$2)>=0,(H$3-$B$2)<30), 2,0) -> 0 | I44: =IF(OR(AND($F43<=I$3, $F44 >= I$3), AND($F44<I$3, WORKDAY($F44, 22,Holiday!$A$1:$A$30)>I$3)), 1, 0)+IF(AND((I$3-$B$2)>=0,(I$3-$B$2)<30), 2,0) -> 0 | J44: =IF(OR(AND($F43<=J$3, $F44 >= J$3), AND($F44<J$3, WORKDAY($F44, 22,Holiday!$A$1:$A$30)>J$3)), 1, 0)+IF(AND((J$3-$B$2)>=0,(J$3-$B$2)<30), 2,0) -> 0 | K44: =IF(OR(AND($F43<=K$3, $F44 >= K$3), AND($F44<K$3, WORKDAY($F44, 22,Holiday!$A$1:$A$30)>K$3)), 1, 0)+IF(AND((K$3-$B$2)>=0,(K$3-$B$2)<30), 2,0) -> 0 | L44: =IF(OR(AND($F43<=L$3, $F44 >= L$3), AND($F44<L$3, WORKDAY($F44, 22,Holiday!$A$1:$A$30)>L$3)), 1, 0)+IF(AND((L$3-$B$2)>=0,(L$3-$B$2)<30), 2,0) -> 1 | M44: =IF(OR(AND($F43<=M$3, $F44 >= M$3), AND($F44<M$3, WORKDAY($F44, 22,Holiday!$A$1:$A$30)>M$3)), 1, 0)+IF(AND((M$3-$B$2)>=0,(M$3-$B$2)<30), 2,0) -> 0 | N44: =IF(OR(AND($F43<=N$3, $F44 >= N$3), AND($F44<N$3, WORKDAY($F44, 22,Holiday!$A$1:$A$30)>N$3)), 1, 0)+IF(AND((N$3-$B$2)>=0,(N$3-$B$2)<30), 2,0) -> 0 | ... AO44: =IF(OR(AND($F43<=AO$3, $F44 >= AO$3), AND($F44<AO$3, WORKDAY($F44, 22,Holiday!$A$1:$A$30)>AO$3)), 1, 0)+IF(AND((AO$3-$B$2)>=0,(AO$3-$B$2)<30), 2,0) -> 0
... B67: Decision table/ DetermineActionCodeForSwitchFunction | C67: DEV 2 | D67: 6 | E67: =ROUNDUP(D67*(1+$D$2),0) -> 9 | F67: =WORKDAY(F66,E67,Holiday!A63:A92) -> 46491 | G67: =IF(OR(AND($F66<=G$3, $F67 >= G$3), AND($F67<G$3, WORKDAY($F67, 22,Holiday!$A$1:$A$30)>G$3)), 1, 0)+IF(AND((G$3-$B$2)>=0,(G$3-$B$2)<30), 2,0) -> 0 | H67: =IF(OR(AND($F66<=H$3, $F67 >= H$3), AND($F67<H$3, WORKDAY($F67, 22,Holiday!$A$1:$A$30)>H$3)), 1, 0)+IF(AND((H$3-$B$2)>=0,(H$3-$B$2)<30), 2,0) -> 0 | I67: =IF(OR(AND($F66<=I$3, $F67 >= I$3), AND($F67<I$3, WORKDAY($F67, 22,Holiday!$A$1:$A$30)>I$3)), 1, 0)+IF(AND((I$3-$B$2)>=0,(I$3-$B$2)<30), 2,0) -> 0 | J67: =IF(OR(AND($F66<=J$3, $F67 >= J$3), AND($F67<J$3, WORKDAY($F67, 22,Holiday!$A$1:$A$30)>J$3)), 1, 0)+IF(AND((J$3-$B$2)>=0,(J$3-$B$2)<30), 2,0) -> 0 | K67: =IF(OR(AND($F66<=K$3, $F67 >= K$3), AND($F67<K$3, WORKDAY($F67, 22,Holiday!$A$1:$A$30)>K$3)), 1, 0)+IF(AND((K$3-$B$2)>=0,(K$3-$B$2)<30), 2,0) -> 0 | L67: =IF(OR(AND($F66<=L$3, $F67 >= L$3), AND($F67<L$3, WORKDAY($F67, 22,Holiday!$A$1:$A$30)>L$3)), 1, 0)+IF(AND((L$3-$B$2)>=0,(L$3-$B$2)<30), 2,0) -> 0 | M67: =IF(OR(AND($F66<=M$3, $F67 >= M$3), AND($F67<M$3, WORKDAY($F67, 22,Holiday!$A$1:$A$30)>M$3)), 1, 0)+IF(AND((M$3-$B$2)>=0,(M$3-$B$2)<30), 2,0) -> 0 | N67: =IF(OR(AND($F66<=N$3, $F67 >= N$3), AND($F67<N$3, WORKDAY($F67, 22,Holiday!$A$1:$A$30)>N$3)), 1, 0)+IF(AND((N$3-$B$2)>=0,(N$3-$B$2)<30), 2,0) -> 0 | ... AO67: =IF(OR(AND($F66<=AO$3, $F67 >= AO$3), AND($F67<AO$3, WORKDAY($F67, 22,Holiday!$A$1:$A$30)>AO$3)), 1, 0)+IF(AND((AO$3-$B$2)>=0,(AO$3-$B$2)<30), 2,0) -> 0
B68: Decision table/ DetermineCampaignName | C68: DEV 3 | D68: 6 | E68: =ROUNDUP(D68*(1+$D$2),0) -> 9 | F68: =WORKDAY(F4,E68,Holiday!A64:A93) -> 46064 | G68: =IF(OR(AND($F67<=G$3, $F68 >= G$3), AND($F68<G$3, WORKDAY($F68, 22,Holiday!$A$1:$A$30)>G$3)), 1, 0)+IF(AND((G$3-$B$2)>=0,(G$3-$B$2)<30), 2,0) -> 0 | H68: =IF(OR(AND($F67<=H$3, $F68 >= H$3), AND($F68<H$3, WORKDAY($F68, 22,Holiday!$A$1:$A$30)>H$3)), 1, 0)+IF(AND((H$3-$B$2)>=0,(H$3-$B$2)<30), 2,0) -> 1 | I68: =IF(OR(AND($F67<=I$3, $F68 >= I$3), AND($F68<I$3, WORKDAY($F68, 22,Holiday!$A$1:$A$30)>I$3)), 1, 0)+IF(AND((I$3-$B$2)>=0,(I$3-$B$2)<30), 2,0) -> 0 | J68: =IF(OR(AND($F67<=J$3, $F68 >= J$3), AND($F68<J$3, WORKDAY($F68, 22,Holiday!$A$1:$A$30)>J$3)), 1, 0)+IF(AND((J$3-$B$2)>=0,(J$3-$B$2)<30), 2,0) -> 0 | K68: =IF(OR(AND($F67<=K$3, $F68 >= K$3), AND($F68<K$3, WORKDAY($F68, 22,Holiday!$A$1:$A$30)>K$3)), 1, 0)+IF(AND((K$3-$B$2)>=0,(K$3-$B$2)<30), 2,0) -> 0 | L68: =IF(OR(AND($F67<=L$3, $F68 >= L$3), AND($F68<L$3, WORKDAY($F68, 22,Holiday!$A$1:$A$30)>L$3)), 1, 0)+IF(AND((L$3-$B$2)>=0,(L$3-$B$2)<30), 2,0) -> 0 | M68: =IF(OR(AND($F67<=M$3, $F68 >= M$3), AND($F68<M$3, WORKDAY($F68, 22,Holiday!$A$1:$A$30)>M$3)), 1, 0)+IF(AND((M$3-$B$2)>=0,(M$3-$B$2)<30), 2,0) -> 0 | N68: =IF(OR(AND($F67<=N$3, $F68 >= N$3), AND($F68<N$3, WORKDAY($F68, 22,Holiday!$A$1:$A$30)>N$3)), 1, 0)+IF(AND((N$3-$B$2)>=0,(N$3-$B$2)<30), 2,0) -> 0 | ... AO68: =IF(OR(AND($F67<=AO$3, $F68 >= AO$3), AND($F68<AO$3, WORKDAY($F68, 22,Holiday!$A$1:$A$30)>AO$3)), 1, 0)+IF(AND((AO$3-$B$2)>=0,(AO$3-$B$2)<30), 2,0) -> 0
B69: Decision table/ DetermineSuppressCallFlag | C69: DEV 3 | D69: 6 | E69: =ROUNDUP(D69*(1+$D$2),0) -> 9 | F69: =WORKDAY(F68,E69,Holiday!A65:A94) -> 46077 | G69: =IF(OR(AND($F68<=G$3, $F69 >= G$3), AND($F69<G$3, WORKDAY($F69, 22,Holiday!$A$1:$A$30)>G$3)), 1, 0)+IF(AND((G$3-$B$2)>=0,(G$3-$B$2)<30), 2,0) -> 0 | H69: =IF(OR(AND($F68<=H$3, $F69 >= H$3), AND($F69<H$3, WORKDAY($F69, 22,Holiday!$A$1:$A$30)>H$3)), 1, 0)+IF(AND((H$3-$B$2)>=0,(H$3-$B$2)<30), 2,0) -> 1 | I69: =IF(OR(AND($F68<=I$3, $F69 >= I$3), AND($F69<I$3, WORKDAY($F69, 22,Holiday!$A$1:$A$30)>I$3)), 1, 0)+IF(AND((I$3-$B$2)>=0,(I$3-$B$2)<30), 2,0) -> 0 | J69: =IF(OR(AND($F68<=J$3, $F69 >= J$3), AND($F69<J$3, WORKDAY($F69, 22,Holiday!$A$1:$A$30)>J$3)), 1, 0)+IF(AND((J$3-$B$2)>=0,(J$3-$B$2)<30), 2,0) -> 0 | K69: =IF(OR(AND($F68<=K$3, $F69 >= K$3), AND($F69<K$3, WORKDAY($F69, 22,Holiday!$A$1:$A$30)>K$3)), 1, 0)+IF(AND((K$3-$B$2)>=0,(K$3-$B$2)<30), 2,0) -> 0 | L69: =IF(OR(AND($F68<=L$3, $F69 >= L$3), AND($F69<L$3, WORKDAY($F69, 22,Holiday!$A$1:$A$30)>L$3)), 1, 0)+IF(AND((L$3-$B$2)>=0,(L$3-$B$2)<30), 2,0) -> 0 | M69: =IF(OR(AND($F68<=M$3, $F69 >= M$3), AND($F69<M$3, WORKDAY($F69, 22,Holiday!$A$1:$A$30)>M$3)), 1, 0)+IF(AND((M$3-$B$2)>=0,(M$3-$B$2)<30), 2,0) -> 0 | N69: =IF(OR(AND($F68<=N$3, $F69 >= N$3), AND($F69<N$3, WORKDAY($F69, 22,Holiday!$A$1:$A$30)>N$3)), 1, 0)+IF(AND((N$3-$B$2)>=0,(N$3-$B$2)<30), 2,0) -> 0 | ... AO69: =IF(OR(AND($F68<=AO$3, $F69 >= AO$3), AND($F69<AO$3, WORKDAY($F69, 22,Holiday!$A$1:$A$30)>AO$3)), 1, 0)+IF(AND((AO$3-$B$2)>=0,(AO$3-$B$2)<30), 2,0) -> 0
B70: Decision table/ DetermineSurveyActionCode | C70: DEV 3 | D70: 6 | E70: =ROUNDUP(D70*(1+$D$2),0) -> 9 | F70: =WORKDAY(F69,E70,Holiday!A66:A95) -> 46090 | G70: =IF(OR(AND($F69<=G$3, $F70 >= G$3), AND($F70<G$3, WORKDAY($F70, 22,Holiday!$A$1:$A$30)>G$3)), 1, 0)+IF(AND((G$3-$B$2)>=0,(G$3-$B$2)<30), 2,0) -> 0 | H70: =IF(OR(AND($F69<=H$3, $F70 >= H$3), AND($F70<H$3, WORKDAY($F70, 22,Holiday!$A$1:$A$30)>H$3)), 1, 0)+IF(AND((H$3-$B$2)>=0,(H$3-$B$2)<30), 2,0) -> 1 | I70: =IF(OR(AND($F69<=I$3, $F70 >= I$3), AND($F70<I$3, WORKDAY($F70, 22,Holiday!$A$1:$A$30)>I$3)), 1, 0)+IF(AND((I$3-$B$2)>=0,(I$3-$B$2)<30), 2,0) -> 1 | J70: =IF(OR(AND($F69<=J$3, $F70 >= J$3), AND($F70<J$3, WORKDAY($F70, 22,Holiday!$A$1:$A$30)>J$3)), 1, 0)+IF(AND((J$3-$B$2)>=0,(J$3-$B$2)<30), 2,0) -> 0 | K70: =IF(OR(AND($F69<=K$3, $F70 >= K$3), AND($F70<K$3, WORKDAY($F70, 22,Holiday!$A$1:$A$30)>K$3)), 1, 0)+IF(AND((K$3-$B$2)>=0,(K$3-$B$2)<30), 2,0) -> 0 | L70: =IF(OR(AND($F69<=L$3, $F70 >= L$3), AND($F70<L$3, WORKDAY($F70, 22,Holiday!$A$1:$A$30)>L$3)), 1, 0)+IF(AND((L$3-$B$2)>=0,(L$3-$B$2)<30), 2,0) -> 0 | M70: =IF(OR(AND($F69<=M$3, $F70 >= M$3), AND($F70<M$3, WORKDAY($F70, 22,Holiday!$A$1:$A$30)>M$3)), 1, 0)+IF(AND((M$3-$B$2)>=0,(M$3-$B$2)<30), 2,0) -> 0 | N70: =IF(OR(AND($F69<=N$3, $F70 >= N$3), AND($F70<N$3, WORKDAY($F70, 22,Holiday!$A$1:$A$30)>N$3)), 1, 0)+IF(AND((N$3-$B$2)>=0,(N$3-$B$2)<30), 2,0) -> 0 | ... AO70: =IF(OR(AND($F69<=AO$3, $F70 >= AO$3), AND($F70<AO$3, WORKDAY($F70, 22,Holiday!$A$1:$A$30)>AO$3)), 1, 0)+IF(AND((AO$3-$B$2)>=0,(AO$3-$B$2)<30), 2,0) -> 0
B71: Decision table/ Eligibility Criteria For Approval For CSA Routing | C71: DEV 3 | D71: 6 | E71: =ROUNDUP(D71*(1+$D$2),0) -> 9 | F71: =WORKDAY(F70,E71,Holiday!A67:A96) -> 46101 | G71: =IF(OR(AND($F70<=G$3, $F71 >= G$3), AND($F71<G$3, WORKDAY($F71, 22,Holiday!$A$1:$A$30)>G$3)), 1, 0)+IF(AND((G$3-$B$2)>=0,(G$3-$B$2)<30), 2,0) -> 0 | H71: =IF(OR(AND($F70<=H$3, $F71 >= H$3), AND($F71<H$3, WORKDAY($F71, 22,Holiday!$A$1:$A$30)>H$3)), 1, 0)+IF(AND((H$3-$B$2)>=0,(H$3-$B$2)<30), 2,0) -> 0 | I71: =IF(OR(AND($F70<=I$3, $F71 >= I$3), AND($F71<I$3, WORKDAY($F71, 22,Holiday!$A$1:$A$30)>I$3)), 1, 0)+IF(AND((I$3-$B$2)>=0,(I$3-$B$2)<30), 2,0) -> 1 | J71: =IF(OR(AND($F70<=J$3, $F71 >= J$3), AND($F71<J$3, WORKDAY($F71, 22,Holiday!$A$1:$A$30)>J$3)), 1, 0)+IF(AND((J$3-$B$2)>=0,(J$3-$B$2)<30), 2,0) -> 0 | K71: =IF(OR(AND($F70<=K$3, $F71 >= K$3), AND($F71<K$3, WORKDAY($F71, 22,Holiday!$A$1:$A$30)>K$3)), 1, 0)+IF(AND((K$3-$B$2)>=0,(K$3-$B$2)<30), 2,0) -> 0 | L71: =IF(OR(AND($F70<=L$3, $F71 >= L$3), AND($F71<L$3, WORKDAY($F71, 22,Holiday!$A$1:$A$30)>L$3)), 1, 0)+IF(AND((L$3-$B$2)>=0,(L$3-$B$2)<30), 2,0) -> 0 | M71: =IF(OR(AND($F70<=M$3, $F71 >= M$3), AND($F71<M$3, WORKDAY($F71, 22,Holiday!$A$1:$A$30)>M$3)), 1, 0)+IF(AND((M$3-$B$2)>=0,(M$3-$B$2)<30), 2,0) -> 0 | N71: =IF(OR(AND($F70<=N$3, $F71 >= N$3), AND($F71<N$3, WORKDAY($F71, 22,Holiday!$A$1:$A$30)>N$3)), 1, 0)+IF(AND((N$3-$B$2)>=0,(N$3-$B$2)<30), 2,0) -> 0 | ... AO71: =IF(OR(AND($F70<=AO$3, $F71 >= AO$3), AND($F71<AO$3, WORKDAY($F71, 22,Holiday!$A$1:$A$30)>AO$3)), 1, 0)+IF(AND((AO$3-$B$2)>=0,(AO$3-$B$2)<30), 2,0) -> 0
B72: Decision table/ EvaluateSFCCases | C72: DEV 3 | D72: 6 | E72: =ROUNDUP(D72*(1+$D$2),0) -> 9 | F72: =WORKDAY(F71,E72,Holiday!A68:A97) -> 46114 | G72: =IF(OR(AND($F71<=G$3, $F72 >= G$3), AND($F72<G$3, WORKDAY($F72, 22,Holiday!$A$1:$A$30)>G$3)), 1, 0)+IF(AND((G$3-$B$2)>=0,(G$3-$B$2)<30), 2,0) -> 0 | H72: =IF(OR(AND($F71<=H$3, $F72 >= H$3), AND($F72<H$3, WORKDAY($F72, 22,Holiday!$A$1:$A$30)>H$3)), 1, 0)+IF(AND((H$3-$B$2)>=0,(H$3-$B$2)<30), 2,0) -> 0 | I72: =IF(OR(AND($F71<=I$3, $F72 >= I$3), AND($F72<I$3, WORKDAY($F72, 22,Holiday!$A$1:$A$30)>I$3)), 1, 0)+IF(AND((I$3-$B$2)>=0,(I$3-$B$2)<30), 2,0) -> 1 | J72: =IF(OR(AND($F71<=J$3, $F72 >= J$3), AND($F72<J$3, WORKDAY($F72, 22,Holiday!$A$1:$A$30)>J$3)), 1, 0)+IF(AND((J$3-$B$2)>=0,(J$3-$B$2)<30), 2,0) -> 0 | K72: =IF(OR(AND($F71<=K$3, $F72 >= K$3), AND($F72<K$3, WORKDAY($F72, 22,Holiday!$A$1:$A$30)>K$3)), 1, 0)+IF(AND((K$3-$B$2)>=0,(K$3-$B$2)<30), 2,0) -> 0 | L72: =IF(OR(AND($F71<=L$3, $F72 >= L$3), AND($F72<L$3, WORKDAY($F72, 22,Holiday!$A$1:$A$30)>L$3)), 1, 0)+IF(AND((L$3-$B$2)>=0,(L$3-$B$2)<30), 2,0) -> 0 | M72: =IF(OR(AND($F71<=M$3, $F72 >= M$3), AND($F72<M$3, WORKDAY($F72, 22,Holiday!$A$1:$A$30)>M$3)), 1, 0)+IF(AND((M$3-$B$2)>=0,(M$3-$B$2)<30), 2,0) -> 0 | N72: =IF(OR(AND($F71<=N$3, $F72 >= N$3), AND($F72<N$3, WORKDAY($F72, 22,Holiday!$A$1:$A$30)>N$3)), 1, 0)+IF(AND((N$3-$B$2)>=0,(N$3-$B$2)<30), 2,0) -> 0 | ... AO72: =IF(OR(AND($F71<=AO$3, $F72 >= AO$3), AND($F72<AO$3, WORKDAY($F72, 22,Holiday!$A$1:$A$30)>AO$3)), 1, 0)+IF(AND((AO$3-$B$2)>=0,(AO$3-$B$2)<30), 2,0) -> 0
B73: Decision table/ Exception Group List | C73: DEV 3 | D73: 6 | E73: =ROUNDUP(D73*(1+$D$2),0) -> 9 | F73: =WORKDAY(F72,E73,Holiday!A69:A98) -> 46127 | G73: =IF(OR(AND($F72<=G$3, $F73 >= G$3), AND($F73<G$3, WORKDAY($F73, 22,Holiday!$A$1:$A$30)>G$3)), 1, 0)+IF(AND((G$3-$B$2)>=0,(G$3-$B$2)<30), 2,0) -> 0 | H73: =IF(OR(AND($F72<=H$3, $F73 >= H$3), AND($F73<H$3, WORKDAY($F73, 22,Holiday!$A$1:$A$30)>H$3)), 1, 0)+IF(AND((H$3-$B$2)>=0,(H$3-$B$2)<30), 2,0) -> 0 | I73: =IF(OR(AND($F72<=I$3, $F73 >= I$3), AND($F73<I$3, WORKDAY($F73, 22,Holiday!$A$1:$A$30)>I$3)), 1, 0)+IF(AND((I$3-$B$2)>=0,(I$3-$B$2)<30), 2,0) -> 1 | J73: =IF(OR(AND($F72<=J$3, $F73 >= J$3), AND($F73<J$3, WORKDAY($F73, 22,Holiday!$A$1:$A$30)>J$3)), 1, 0)+IF(AND((J$3-$B$2)>=0,(J$3-$B$2)<30), 2,0) -> 1 | K73: =IF(OR(AND($F72<=K$3, $F73 >= K$3), AND($F73<K$3, WORKDAY($F73, 22,Holiday!$A$1:$A$30)>K$3)), 1, 0)+IF(AND((K$3-$B$2)>=0,(K$3-$B$2)<30), 2,0) -> 0 | L73: =IF(OR(AND($F72<=L$3, $F73 >= L$3), AND($F73<L$3, WORKDAY($F73, 22,Holiday!$A$1:$A$30)>L$3)), 1, 0)+IF(AND((L$3-$B$2)>=0,(L$3-$B$2)<30), 2,0) -> 0 | M73: =IF(OR(AND($F72<=M$3, $F73 >= M$3), AND($F73<M$3, WORKDAY($F73, 22,Holiday!$A$1:$A$30)>M$3)), 1, 0)+IF(AND((M$3-$B$2)>=0,(M$3-$B$2)<30), 2,0) -> 0 | N73: =IF(OR(AND($F72<=N$3, $F73 >= N$3), AND($F73<N$3, WORKDAY($F73, 22,Holiday!$A$1:$A$30)>N$3)), 1, 0)+IF(AND((N$3-$B$2)>=0,(N$3-$B$2)<30), 2,0) -> 0 | ... AO73: =IF(OR(AND($F72<=AO$3, $F73 >= AO$3), AND($F73<AO$3, WORKDAY($F73, 22,Holiday!$A$1:$A$30)>AO$3)), 1, 0)+IF(AND((AO$3-$B$2)>=0,(AO$3-$B$2)<30), 2,0) -> 0
B74: Decision table/ Limitation of Remaining POS | C74: DEV 3 | D74: 6 | E74: =ROUNDUP(D74*(1+$D$2),0) -> 9 | F74: =WORKDAY(F73,E74,Holiday!A70:A99) -> 46140 | G74: =IF(OR(AND($F73<=G$3, $F74 >= G$3), AND($F74<G$3, WORKDAY($F74, 22,Holiday!$A$1:$A$30)>G$3)), 1, 0)+IF(AND((G$3-$B$2)>=0,(G$3-$B$2)<30), 2,0) -> 0 | H74: =IF(OR(AND($F73<=H$3, $F74 >= H$3), AND($F74<H$3, WORKDAY($F74, 22,Holiday!$A$1:$A$30)>H$3)), 1, 0)+IF(AND((H$3-$B$2)>=0,(H$3-$B$2)<30), 2,0) -> 0 | I74: =IF(OR(AND($F73<=I$3, $F74 >= I$3), AND($F74<I$3, WORKDAY($F74, 22,Holiday!$A$1:$A$30)>I$3)), 1, 0)+IF(AND((I$3-$B$2)>=0,(I$3-$B$2)<30), 2,0) -> 0 | J74: =IF(OR(AND($F73<=J$3, $F74 >= J$3), AND($F74<J$3, WORKDAY($F74, 22,Holiday!$A$1:$A$30)>J$3)), 1, 0)+IF(AND((J$3-$B$2)>=0,(J$3-$B$2)<30), 2,0) -> 1 | K74: =IF(OR(AND($F73<=K$3, $F74 >= K$3), AND($F74<K$3, WORKDAY($F74, 22,Holiday!$A$1:$A$30)>K$3)), 1, 0)+IF(AND((K$3-$B$2)>=0,(K$3-$B$2)<30), 2,0) -> 0 | L74: =IF(OR(AND($F73<=L$3, $F74 >= L$3), AND($F74<L$3, WORKDAY($F74, 22,Holiday!$A$1:$A$30)>L$3)), 1, 0)+IF(AND((L$3-$B$2)>=0,(L$3-$B$2)<30), 2,0) -> 0 | M74: =IF(OR(AND($F73<=M$3, $F74 >= M$3), AND($F74<M$3, WORKDAY($F74, 22,Holiday!$A$1:$A$30)>M$3)), 1, 0)+IF(AND((M$3-$B$2)>=0,(M$3-$B$2)<30), 2,0) -> 0 | N74: =IF(OR(AND($F73<=N$3, $F74 >= N$3), AND($F74<N$3, WORKDAY($F74, 22,Holiday!$A$1:$A$30)>N$3)), 1, 0)+IF(AND((N$3-$B$2)>=0,(N$3-$B$2)<30), 2,0) -> 0 | ... AO74: =IF(OR(AND($F73<=AO$3, $F74 >= AO$3), AND($F74<AO$3, WORKDAY($F74, 22,Holiday!$A$1:$A$30)>AO$3)), 1, 0)+IF(AND((AO$3-$B$2)>=0,(AO$3-$B$2)<30), 2,0) -> 0
B75: Decision table/ National ID Eligibility | C75: DEV 3 | D75: 6 | E75: =ROUNDUP(D75*(1+$D$2),0) -> 9 | F75: =WORKDAY(F74,E75,Holiday!A71:A100) -> 46153 | G75: =IF(OR(AND($F74<=G$3, $F75 >= G$3), AND($F75<G$3, WORKDAY($F75, 22,Holiday!$A$1:$A$30)>G$3)), 1, 0)+IF(AND((G$3-$B$2)>=0,(G$3-$B$2)<30), 2,0) -> 0 | H75: =IF(OR(AND($F74<=H$3, $F75 >= H$3), AND($F75<H$3, WORKDAY($F75, 22,Holiday!$A$1:$A$30)>H$3)), 1, 0)+IF(AND((H$3-$B$2)>=0,(H$3-$B$2)<30), 2,0) -> 0 | I75: =IF(OR(AND($F74<=I$3, $F75 >= I$3), AND($F75<I$3, WORKDAY($F75, 22,Holiday!$A$1:$A$30)>I$3)), 1, 0)+IF(AND((I$3-$B$2)>=0,(I$3-$B$2)<30), 2,0) -> 0 | J75: =IF(OR(AND($F74<=J$3, $F75 >= J$3), AND($F75<J$3, WORKDAY($F75, 22,Holiday!$A$1:$A$30)>J$3)), 1, 0)+IF(AND((J$3-$B$2)>=0,(J$3-$B$2)<30), 2,0) -> 1 | K75: =IF(OR(AND($F74<=K$3, $F75 >= K$3), AND($F75<K$3, WORKDAY($F75, 22,Holiday!$A$1:$A$30)>K$3)), 1, 0)+IF(AND((K$3-$B$2)>=0,(K$3-$B$2)<30), 2,0) -> 1 | L75: =IF(OR(AND($F74<=L$3, $F75 >= L$3), AND($F75<L$3, WORKDAY($F75, 22,Holiday!$A$1:$A$30)>L$3)), 1, 0)+IF(AND((L$3-$B$2)>=0,(L$3-$B$2)<30), 2,0) -> 0 | M75: =IF(OR(AND($F74<=M$3, $F75 >= M$3), AND($F75<M$3, WORKDAY($F75, 22,Holiday!$A$1:$A$30)>M$3)), 1, 0)+IF(AND((M$3-$B$2)>=0,(M$3-$B$2)<30), 2,0) -> 0 | N75: =IF(OR(AND($F74<=N$3, $F75 >= N$3), AND($F75<N$3, WORKDAY($F75, 22,Holiday!$A$1:$A$30)>N$3)), 1, 0)+IF(AND((N$3-$B$2)>=0,(N$3-$B$2)<30), 2,0) -> 0 | ... AO75: =IF(OR(AND($F74<=AO$3, $F75 >= AO$3), AND($F75<AO$3, WORKDAY($F75, 22,Holiday!$A$1:$A$30)>AO$3)), 1, 0)+IF(AND((AO$3-$B$2)>=0,(AO$3-$B$2)<30), 2,0) -> 0
B76: Decision table/ Phone Masking Eligibility | C76: DEV 3 | D76: 6 | E76: =ROUNDUP(D76*(1+$D$2),0) -> 9 | F76: =WORKDAY(F75,E76,Holiday!A72:A101) -> 46164 | G76: =IF(OR(AND($F75<=G$3, $F76 >= G$3), AND($F76<G$3, WORKDAY($F76, 22,Holiday!$A$1:$A$30)>G$3)), 1, 0)+IF(AND((G$3-$B$2)>=0,(G$3-$B$2)<30), 2,0) -> 0 | H76: =IF(OR(AND($F75<=H$3, $F76 >= H$3), AND($F76<H$3, WORKDAY($F76, 22,Holiday!$A$1:$A$30)>H$3)), 1, 0)+IF(AND((H$3-$B$2)>=0,(H$3-$B$2)<30), 2,0) -> 0 | I76: =IF(OR(AND($F75<=I$3, $F76 >= I$3), AND($F76<I$3, WORKDAY($F76, 22,Holiday!$A$1:$A$30)>I$3)), 1, 0)+IF(AND((I$3-$B$2)>=0,(I$3-$B$2)<30), 2,0) -> 0 | J76: =IF(OR(AND($F75<=J$3, $F76 >= J$3), AND($F76<J$3, WORKDAY($F76, 22,Holiday!$A$1:$A$30)>J$3)), 1, 0)+IF(AND((J$3-$B$2)>=0,(J$3-$B$2)<30), 2,0) -> 0 | K76: =IF(OR(AND($F75<=K$3, $F76 >= K$3), AND($F76<K$3, WORKDAY($F76, 22,Holiday!$A$1:$A$30)>K$3)), 1, 0)+IF(AND((K$3-$B$2)>=0,(K$3-$B$2)<30), 2,0) -> 1 | L76: =IF(OR(AND($F75<=L$3, $F76 >= L$3), AND($F76<L$3, WORKDAY($F76, 22,Holiday!$A$1:$A$30)>L$3)), 1, 0)+IF(AND((L$3-$B$2)>=0,(L$3-$B$2)<30), 2,0) -> 0 | M76: =IF(OR(AND($F75<=M$3, $F76 >= M$3), AND($F76<M$3, WORKDAY($F76, 22,Holiday!$A$1:$A$30)>M$3)), 1, 0)+IF(AND((M$3-$B$2)>=0,(M$3-$B$2)<30), 2,0) -> 0 | N76: =IF(OR(AND($F75<=N$3, $F76 >= N$3), AND($F76<N$3, WORKDAY($F76, 22,Holiday!$A$1:$A$30)>N$3)), 1, 0)+IF(AND((N$3-$B$2)>=0,(N$3-$B$2)<30), 2,0) -> 0 | ... AO76: =IF(OR(AND($F75<=AO$3, $F76 >= AO$3), AND($F76<AO$3, WORKDAY($F76, 22,Holiday!$A$1:$A$30)>AO$3)), 1, 0)+IF(AND((AO$3-$B$2)>=0,(AO$3-$B$2)<30), 2,0) -> 0
B77: Decision table/ PILOT_B0-B6_MESSAGE_TEMPLATE | C77: DEV 3 | D77: 6 | E77: =ROUNDUP(D77*(1+$D$2),0) -> 9 | F77: =WORKDAY(F76,E77,Holiday!A73:A102) -> 46177 | G77: =IF(OR(AND($F76<=G$3, $F77 >= G$3), AND($F77<G$3, WORKDAY($F77, 22,Holiday!$A$1:$A$30)>G$3)), 1, 0)+IF(AND((G$3-$B$2)>=0,(G$3-$B$2)<30), 2,0) -> 0 | H77: =IF(OR(AND($F76<=H$3, $F77 >= H$3), AND($F77<H$3, WORKDAY($F77, 22,Holiday!$A$1:$A$30)>H$3)), 1, 0)+IF(AND((H$3-$B$2)>=0,(H$3-$B$2)<30), 2,0) -> 0 | I77: =IF(OR(AND($F76<=I$3, $F77 >= I$3), AND($F77<I$3, WORKDAY($F77, 22,Holiday!$A$1:$A$30)>I$3)), 1, 0)+IF(AND((I$3-$B$2)>=0,(I$3-$B$2)<30), 2,0) -> 0 | J77: =IF(OR(AND($F76<=J$3, $F77 >= J$3), AND($F77<J$3, WORKDAY($F77, 22,Holiday!$A$1:$A$30)>J$3)), 1, 0)+IF(AND((J$3-$B$2)>=0,(J$3-$B$2)<30), 2,0) -> 0 | K77: =IF(OR(AND($F76<=K$3, $F77 >= K$3), AND($F77<K$3, WORKDAY($F77, 22,Holiday!$A$1:$A$30)>K$3)), 1, 0)+IF(AND((K$3-$B$2)>=0,(K$3-$B$2)<30), 2,0) -> 1 | L77: =IF(OR(AND($F76<=L$3, $F77 >= L$3), AND($F77<L$3, WORKDAY($F77, 22,Holiday!$A$1:$A$30)>L$3)), 1, 0)+IF(AND((L$3-$B$2)>=0,(L$3-$B$2)<30), 2,0) -> 0 | M77: =IF(OR(AND($F76<=M$3, $F77 >= M$3), AND($F77<M$3, WORKDAY($F77, 22,Holiday!$A$1:$A$30)>M$3)), 1, 0)+IF(AND((M$3-$B$2)>=0,(M$3-$B$2)<30), 2,0) -> 0 | N77: =IF(OR(AND($F76<=N$3, $F77 >= N$3), AND($F77<N$3, WORKDAY($F77, 22,Holiday!$A$1:$A$30)>N$3)), 1, 0)+IF(AND((N$3-$B$2)>=0,(N$3-$B$2)<30), 2,0) -> 0 | ... AO77: =IF(OR(AND($F76<=AO$3, $F77 >= AO$3), AND($F77<AO$3, WORKDAY($F77, 22,Holiday!$A$1:$A$30)>AO$3)), 1, 0)+IF(AND((AO$3-$B$2)>=0,(AO$3-$B$2)<30), 2,0) -> 0
B78: Decision table/ Post due SMS/ZMS templates. | C78: DEV 3 | D78: 6 | E78: =ROUNDUP(D78*(1+$D$2),0) -> 9 | F78: =WORKDAY(F77,E78,Holiday!A74:A103) -> 46190 | G78: =IF(OR(AND($F77<=G$3, $F78 >= G$3), AND($F78<G$3, WORKDAY($F78, 22,Holiday!$A$1:$A$30)>G$3)), 1, 0)+IF(AND((G$3-$B$2)>=0,(G$3-$B$2)<30), 2,0) -> 0 | H78: =IF(OR(AND($F77<=H$3, $F78 >= H$3), AND($F78<H$3, WORKDAY($F78, 22,Holiday!$A$1:$A$30)>H$3)), 1, 0)+IF(AND((H$3-$B$2)>=0,(H$3-$B$2)<30), 2,0) -> 0 | I78: =IF(OR(AND($F77<=I$3, $F78 >= I$3), AND($F78<I$3, WORKDAY($F78, 22,Holiday!$A$1:$A$30)>I$3)), 1, 0)+IF(AND((I$3-$B$2)>=0,(I$3-$B$2)<30), 2,0) -> 0 | J78: =IF(OR(AND($F77<=J$3, $F78 >= J$3), AND($F78<J$3, WORKDAY($F78, 22,Holiday!$A$1:$A$30)>J$3)), 1, 0)+IF(AND((J$3-$B$2)>=0,(J$3-$B$2)<30), 2,0) -> 0 | K78: =IF(OR(AND($F77<=K$3, $F78 >= K$3), AND($F78<K$3, WORKDAY($F78, 22,Holiday!$A$1:$A$30)>K$3)), 1, 0)+IF(AND((K$3-$B$2)>=0,(K$3-$B$2)<30), 2,0) -> 1 | L78: =IF(OR(AND($F77<=L$3, $F78 >= L$3), AND($F78<L$3, WORKDAY($F78, 22,Holiday!$A$1:$A$30)>L$3)), 1, 0)+IF(AND((L$3-$B$2)>=0,(L$3-$B$2)<30), 2,0) -> 1 | M78: =IF(OR(AND($F77<=M$3, $F78 >= M$3), AND($F78<M$3, WORKDAY($F78, 22,Holiday!$A$1:$A$30)>M$3)), 1, 0)+IF(AND((M$3-$B$2)>=0,(M$3-$B$2)<30), 2,0) -> 0 | N78: =IF(OR(AND($F77<=N$3, $F78 >= N$3), AND($F78<N$3, WORKDAY($F78, 22,Holiday!$A$1:$A$30)>N$3)), 1, 0)+IF(AND((N$3-$B$2)>=0,(N$3-$B$2)<30), 2,0) -> 0 | ... AO78: =IF(OR(AND($F77<=AO$3, $F78 >= AO$3), AND($F78<AO$3, WORKDAY($F78, 22,Holiday!$A$1:$A$30)>AO$3)), 1, 0)+IF(AND((AO$3-$B$2)>=0,(AO$3-$B$2)<30), 2,0) -> 0
B79: Decision table/ PostDue Voice Blaster Eligibility | C79: DEV 3 | D79: 6 | E79: =ROUNDUP(D79*(1+$D$2),0) -> 9 | F79: =WORKDAY(F78,E79,Holiday!A75:A104) -> 46203 | G79: =IF(OR(AND($F78<=G$3, $F79 >= G$3), AND($F79<G$3, WORKDAY($F79, 22,Holiday!$A$1:$A$30)>G$3)), 1, 0)+IF(AND((G$3-$B$2)>=0,(G$3-$B$2)<30), 2,0) -> 0 | H79: =IF(OR(AND($F78<=H$3, $F79 >= H$3), AND($F79<H$3, WORKDAY($F79, 22,Holiday!$A$1:$A$30)>H$3)), 1, 0)+IF(AND((H$3-$B$2)>=0,(H$3-$B$2)<30), 2,0) -> 0 | I79: =IF(OR(AND($F78<=I$3, $F79 >= I$3), AND($F79<I$3, WORKDAY($F79, 22,Holiday!$A$1:$A$30)>I$3)), 1, 0)+IF(AND((I$3-$B$2)>=0,(I$3-$B$2)<30), 2,0) -> 0 | J79: =IF(OR(AND($F78<=J$3, $F79 >= J$3), AND($F79<J$3, WORKDAY($F79, 22,Holiday!$A$1:$A$30)>J$3)), 1, 0)+IF(AND((J$3-$B$2)>=0,(J$3-$B$2)<30), 2,0) -> 0 | K79: =IF(OR(AND($F78<=K$3, $F79 >= K$3), AND($F79<K$3, WORKDAY($F79, 22,Holiday!$A$1:$A$30)>K$3)), 1, 0)+IF(AND((K$3-$B$2)>=0,(K$3-$B$2)<30), 2,0) -> 0 | L79: =IF(OR(AND($F78<=L$3, $F79 >= L$3), AND($F79<L$3, WORKDAY($F79, 22,Holiday!$A$1:$A$30)>L$3)), 1, 0)+IF(AND((L$3-$B$2)>=0,(L$3-$B$2)<30), 2,0) -> 1 | M79: =IF(OR(AND($F78<=M$3, $F79 >= M$3), AND($F79<M$3, WORKDAY($F79, 22,Holiday!$A$1:$A$30)>M$3)), 1, 0)+IF(AND((M$3-$B$2)>=0,(M$3-$B$2)<30), 2,0) -> 0 | N79: =IF(OR(AND($F78<=N$3, $F79 >= N$3), AND($F79<N$3, WORKDAY($F79, 22,Holiday!$A$1:$A$30)>N$3)), 1, 0)+IF(AND((N$3-$B$2)>=0,(N$3-$B$2)<30), 2,0) -> 0 | ... AO79: =IF(OR(AND($F78<=AO$3, $F79 >= AO$3), AND($F79<AO$3, WORKDAY($F79, 22,Holiday!$A$1:$A$30)>AO$3)), 1, 0)+IF(AND((AO$3-$B$2)>=0,(AO$3-$B$2)<30), 2,0) -> 0
B80: Decision table/ Pre due SMS/ZMS templates. | C80: DEV 3 | D80: 6 | E80: =ROUNDUP(D80*(1+$D$2),0) -> 9 | F80: =WORKDAY(F79,E80,Holiday!A76:A105) -> 46216 | G80: =IF(OR(AND($F79<=G$3, $F80 >= G$3), AND($F80<G$3, WORKDAY($F80, 22,Holiday!$A$1:$A$30)>G$3)), 1, 0)+IF(AND((G$3-$B$2)>=0,(G$3-$B$2)<30), 2,0) -> 0 | H80: =IF(OR(AND($F79<=H$3, $F80 >= H$3), AND($F80<H$3, WORKDAY($F80, 22,Holiday!$A$1:$A$30)>H$3)), 1, 0)+IF(AND((H$3-$B$2)>=0,(H$3-$B$2)<30), 2,0) -> 0 | I80: =IF(OR(AND($F79<=I$3, $F80 >= I$3), AND($F80<I$3, WORKDAY($F80, 22,Holiday!$A$1:$A$30)>I$3)), 1, 0)+IF(AND((I$3-$B$2)>=0,(I$3-$B$2)<30), 2,0) -> 0 | J80: =IF(OR(AND($F79<=J$3, $F80 >= J$3), AND($F80<J$3, WORKDAY($F80, 22,Holiday!$A$1:$A$30)>J$3)), 1, 0)+IF(AND((J$3-$B$2)>=0,(J$3-$B$2)<30), 2,0) -> 0 | K80: =IF(OR(AND($F79<=K$3, $F80 >= K$3), AND($F80<K$3, WORKDAY($F80, 22,Holiday!$A$1:$A$30)>K$3)), 1, 0)+IF(AND((K$3-$B$2)>=0,(K$3-$B$2)<30), 2,0) -> 0 | L80: =IF(OR(AND($F79<=L$3, $F80 >= L$3), AND($F80<L$3, WORKDAY($F80, 22,Holiday!$A$1:$A$30)>L$3)), 1, 0)+IF(AND((L$3-$B$2)>=0,(L$3-$B$2)<30), 2,0) -> 1 | M80: =IF(OR(AND($F79<=M$3, $F80 >= M$3), AND($F80<M$3, WORKDAY($F80, 22,Holiday!$A$1:$A$30)>M$3)), 1, 0)+IF(AND((M$3-$B$2)>=0,(M$3-$B$2)<30), 2,0) -> 1 | N80: =IF(OR(AND($F79<=N$3, $F80 >= N$3), AND($F80<N$3, WORKDAY($F80, 22,Holiday!$A$1:$A$30)>N$3)), 1, 0)+IF(AND((N$3-$B$2)>=0,(N$3-$B$2)<30), 2,0) -> 0 | ... AO80: =IF(OR(AND($F79<=AO$3, $F80 >= AO$3), AND($F80<AO$3, WORKDAY($F80, 22,Holiday!$A$1:$A$30)>AO$3)), 1, 0)+IF(AND((AO$3-$B$2)>=0,(AO$3-$B$2)<30), 2,0) -> 0
... B103: NFU Marked Contracts | C103: DEV 3 | D103: 10 | E103: =ROUNDUP(D103*(1+$D$2),0) -> 15 | F103: =WORKDAY(F102,E103,Holiday!A99:A128) -> 46539 | G103: =IF(OR(AND($F102<=G$3, $F103 >= G$3), AND($F103<G$3, WORKDAY($F103, 22,Holiday!$A$1:$A$30)>G$3)), 1, 0)+IF(AND((G$3-$B$2)>=0,(G$3-$B$2)<30), 2,0) -> 0 | H103: =IF(OR(AND($F102<=H$3, $F103 >= H$3), AND($F103<H$3, WORKDAY($F103, 22,Holiday!$A$1:$A$30)>H$3)), 1, 0)+IF(AND((H$3-$B$2)>=0,(H$3-$B$2)<30), 2,0) -> 0 | I103: =IF(OR(AND($F102<=I$3, $F103 >= I$3), AND($F103<I$3, WORKDAY($F103, 22,Holiday!$A$1:$A$30)>I$3)), 1, 0)+IF(AND((I$3-$B$2)>=0,(I$3-$B$2)<30), 2,0) -> 0 | J103: =IF(OR(AND($F102<=J$3, $F103 >= J$3), AND($F103<J$3, WORKDAY($F103, 22,Holiday!$A$1:$A$30)>J$3)), 1, 0)+IF(AND((J$3-$B$2)>=0,(J$3-$B$2)<30), 2,0) -> 0 | K103: =IF(OR(AND($F102<=K$3, $F103 >= K$3), AND($F103<K$3, WORKDAY($F103, 22,Holiday!$A$1:$A$30)>K$3)), 1, 0)+IF(AND((K$3-$B$2)>=0,(K$3-$B$2)<30), 2,0) -> 0 | L103: =IF(OR(AND($F102<=L$3, $F103 >= L$3), AND($F103<L$3, WORKDAY($F103, 22,Holiday!$A$1:$A$30)>L$3)), 1, 0)+IF(AND((L$3-$B$2)>=0,(L$3-$B$2)<30), 2,0) -> 0 | M103: =IF(OR(AND($F102<=M$3, $F103 >= M$3), AND($F103<M$3, WORKDAY($F103, 22,Holiday!$A$1:$A$30)>M$3)), 1, 0)+IF(AND((M$3-$B$2)>=0,(M$3-$B$2)<30), 2,0) -> 0 | N103: =IF(OR(AND($F102<=N$3, $F103 >= N$3), AND($F103<N$3, WORKDAY($F103, 22,Holiday!$A$1:$A$30)>N$3)), 1, 0)+IF(AND((N$3-$B$2)>=0,(N$3-$B$2)<30), 2,0) -> 0 | ... AO103: =IF(OR(AND($F102<=AO$3, $F103 >= AO$3), AND($F103<AO$3, WORKDAY($F103, 22,Holiday!$A$1:$A$30)>AO$3)), 1, 0)+IF(AND((AO$3-$B$2)>=0,(AO$3-$B$2)<30), 2,0) -> 0

Sheet BPM 4 DEV
A1: # | B1: Complete Date | C1: No of DEV | D1: BA+QA Rate | E1: DAY(S) | F1: START DAY | G1: Month 1 | H1: Month 2 | I1: Month 3 | J1: Month 4 | K1: Month 5 | L1: Month 6 | M1: Month 7 | N1: Month 8 | O1: Month 9 | P1: Month 10 | Q1: Month 11 | R1: Month 12 | S1: Month 13 | T1: Month 14 | U1: Month 15 | V1: Month 16 | W1: Month 17 | X1: Month 18 | Y1: Month 19 | Z1: Month 20 | AA1: Month 21 | AB1: Month 22 | AC1: Month 23 | AD1: Month 24 | AE1: Month 25 | AF1: Month 26 | AG1: Month 27 | AH1: Month 28 | AI1: Month 29 | AJ1: Month 30 | AK1: Month 31 | AL1: Month 32 | AM1: Month 33 | AN1: Month 34 | AO1: Month 35
B2: =WORKDAY($F$3,ROUNDUP(($E$3-$E$4)/$C$2,0)+$E$4,Holiday!$A$1:$A$30) -> 46398 | C2: 4 | D2: =Setting!$A$2 -> 0.5
B3: WORK TITLE | C3: PIC | D3: DEV- ESTIMATION | E3: =SUM(E4:E103) -> 996 | F3: =Setting!$B$2 -> 46023 | G3: =WORKDAY(F3,22,Holiday!$A$1:$A$30) -> 46055 | H3: =WORKDAY(G3,22,Holiday!$A$1:$A$30) -> 46085 | I3: =WORKDAY(H3,22,Holiday!$A$1:$A$30) -> 46115 | J3: =WORKDAY(I3,22,Holiday!$A$1:$A$30) -> 46149 | K3: =WORKDAY(J3,22,Holiday!$A$1:$A$30) -> 46181 | L3: =WORKDAY(K3,22,Holiday!$A$1:$A$30) -> 46211 | M3: =WORKDAY(L3,22,Holiday!$A$1:$A$30) -> 46241 | N3: =WORKDAY(M3,22,Holiday!$A$1:$A$30) -> 46274 | ... AO3: =WORKDAY(AN3,22,Holiday!$A$1:$A$30) -> 47106
B4: Enviroment Preparation | C4: DEVs | D4: 20 | E4: 20 | F4: =WORKDAY(F3,E4,Holiday!$A$1:$A$30) -> 46051 | G4: =IF(OR(AND($F3<=G$3, $F4 >= G$3), AND($F4<G$3, WORKDAY($F4, 22,Holiday!$A$1:$A$30)>G$3)), 1, 0)+IF(AND((G$3-$B$2)>=0,(G$3-$B$2)<30), 2,0) -> 1 | H4: =IF(OR(AND($F3<=H$3, $F4 >= H$3), AND($F4<H$3, WORKDAY($F4, 22,Holiday!$A$1:$A$30)>H$3)), 1, 0)+IF(AND((H$3-$B$2)>=0,(H$3-$B$2)<30), 2,0) -> 0 | I4: =IF(OR(AND($F3<=I$3, $F4 >= I$3), AND($F4<I$3, WORKDAY($F4, 22,Holiday!$A$1:$A$30)>I$3)), 1, 0)+IF(AND((I$3-$B$2)>=0,(I$3-$B$2)<30), 2,0) -> 0 | J4: =IF(OR(AND($F3<=J$3, $F4 >= J$3), AND($F4<J$3, WORKDAY($F4, 22,Holiday!$A$1:$A$30)>J$3)), 1, 0)+IF(AND((J$3-$B$2)>=0,(J$3-$B$2)<30), 2,0) -> 0 | K4: =IF(OR(AND($F3<=K$3, $F4 >= K$3), AND($F4<K$3, WORKDAY($F4, 22,Holiday!$A$1:$A$30)>K$3)), 1, 0)+IF(AND((K$3-$B$2)>=0,(K$3-$B$2)<30), 2,0) -> 0 | L4: =IF(OR(AND($F3<=L$3, $F4 >= L$3), AND($F4<L$3, WORKDAY($F4, 22,Holiday!$A$1:$A$30)>L$3)), 1, 0)+IF(AND((L$3-$B$2)>=0,(L$3-$B$2)<30), 2,0) -> 0 | M4: =IF(OR(AND($F3<=M$3, $F4 >= M$3), AND($F4<M$3, WORKDAY($F4, 22,Holiday!$A$1:$A$30)>M$3)), 1, 0)+IF(AND((M$3-$B$2)>=0,(M$3-$B$2)<30), 2,0) -> 0 | N4: =IF(OR(AND($F3<=N$3, $F4 >= N$3), AND($F4<N$3, WORKDAY($F4, 22,Holiday!$A$1:$A$30)>N$3)), 1, 0)+IF(AND((N$3-$B$2)>=0,(N$3-$B$2)<30), 2,0) -> 0 | ... AO4: =IF(OR(AND($F3<=AO$3, $F4 >= AO$3), AND($F4<AO$3, WORKDAY($F4, 22,Holiday!$A$1:$A$30)>AO$3)), 1, 0)+IF(AND((AO$3-$B$2)>=0,(AO$3-$B$2)<30), 2,0) -> 0
B5: Contract/ Click to Call | C5: DEV 1 | D5: 10 | E5: =ROUNDUP(D5*(1+$D$2),0) -> 15 | F5: =WORKDAY(F4,E5,Holiday!A1:A30) -> 46072 | G5: =IF(OR(AND($F4<=G$3, $F5 >= G$3), AND($F5<G$3, WORKDAY($F5, 22,Holiday!$A$1:$A$30)>G$3)), 1, 0)+IF(AND((G$3-$B$2)>=0,(G$3-$B$2)<30), 2,0) -> 1 | H5: =IF(OR(AND($F4<=H$3, $F5 >= H$3), AND($F5<H$3, WORKDAY($F5, 22,Holiday!$A$1:$A$30)>H$3)), 1, 0)+IF(AND((H$3-$B$2)>=0,(H$3-$B$2)<30), 2,0) -> 1 | I5: =IF(OR(AND($F4<=I$3, $F5 >= I$3), AND($F5<I$3, WORKDAY($F5, 22,Holiday!$A$1:$A$30)>I$3)), 1, 0)+IF(AND((I$3-$B$2)>=0,(I$3-$B$2)<30), 2,0) -> 0 | J5: =IF(OR(AND($F4<=J$3, $F5 >= J$3), AND($F5<J$3, WORKDAY($F5, 22,Holiday!$A$1:$A$30)>J$3)), 1, 0)+IF(AND((J$3-$B$2)>=0,(J$3-$B$2)<30), 2,0) -> 0 | K5: =IF(OR(AND($F4<=K$3, $F5 >= K$3), AND($F5<K$3, WORKDAY($F5, 22,Holiday!$A$1:$A$30)>K$3)), 1, 0)+IF(AND((K$3-$B$2)>=0,(K$3-$B$2)<30), 2,0) -> 0 | L5: =IF(OR(AND($F4<=L$3, $F5 >= L$3), AND($F5<L$3, WORKDAY($F5, 22,Holiday!$A$1:$A$30)>L$3)), 1, 0)+IF(AND((L$3-$B$2)>=0,(L$3-$B$2)<30), 2,0) -> 0 | M5: =IF(OR(AND($F4<=M$3, $F5 >= M$3), AND($F5<M$3, WORKDAY($F5, 22,Holiday!$A$1:$A$30)>M$3)), 1, 0)+IF(AND((M$3-$B$2)>=0,(M$3-$B$2)<30), 2,0) -> 0 | N5: =IF(OR(AND($F4<=N$3, $F5 >= N$3), AND($F5<N$3, WORKDAY($F5, 22,Holiday!$A$1:$A$30)>N$3)), 1, 0)+IF(AND((N$3-$B$2)>=0,(N$3-$B$2)<30), 2,0) -> 0 | ... AO5: =IF(OR(AND($F4<=AO$3, $F5 >= AO$3), AND($F5<AO$3, WORKDAY($F5, 22,Holiday!$A$1:$A$30)>AO$3)), 1, 0)+IF(AND((AO$3-$B$2)>=0,(AO$3-$B$2)<30), 2,0) -> 0 | AR5: =ROUNDUP(($E$3-$E$4)/$C$2,0)+$E$4 -> 264
B6: Admin Tools/ BIX Dashboard | C6: DEV 1 | D6: 10 | E6: =ROUNDUP(D6*(1+$D$2),0) -> 15 | F6: =WORKDAY(F5,E6,Holiday!A2:A31) -> 46093 | G6: =IF(OR(AND($F5<=G$3, $F6 >= G$3), AND($F6<G$3, WORKDAY($F6, 22,Holiday!$A$1:$A$30)>G$3)), 1, 0)+IF(AND((G$3-$B$2)>=0,(G$3-$B$2)<30), 2,0) -> 0 | H6: =IF(OR(AND($F5<=H$3, $F6 >= H$3), AND($F6<H$3, WORKDAY($F6, 22,Holiday!$A$1:$A$30)>H$3)), 1, 0)+IF(AND((H$3-$B$2)>=0,(H$3-$B$2)<30), 2,0) -> 1 | I6: =IF(OR(AND($F5<=I$3, $F6 >= I$3), AND($F6<I$3, WORKDAY($F6, 22,Holiday!$A$1:$A$30)>I$3)), 1, 0)+IF(AND((I$3-$B$2)>=0,(I$3-$B$2)<30), 2,0) -> 1 | J6: =IF(OR(AND($F5<=J$3, $F6 >= J$3), AND($F6<J$3, WORKDAY($F6, 22,Holiday!$A$1:$A$30)>J$3)), 1, 0)+IF(AND((J$3-$B$2)>=0,(J$3-$B$2)<30), 2,0) -> 0 | K6: =IF(OR(AND($F5<=K$3, $F6 >= K$3), AND($F6<K$3, WORKDAY($F6, 22,Holiday!$A$1:$A$30)>K$3)), 1, 0)+IF(AND((K$3-$B$2)>=0,(K$3-$B$2)<30), 2,0) -> 0 | L6: =IF(OR(AND($F5<=L$3, $F6 >= L$3), AND($F6<L$3, WORKDAY($F6, 22,Holiday!$A$1:$A$30)>L$3)), 1, 0)+IF(AND((L$3-$B$2)>=0,(L$3-$B$2)<30), 2,0) -> 0 | M6: =IF(OR(AND($F5<=M$3, $F6 >= M$3), AND($F6<M$3, WORKDAY($F6, 22,Holiday!$A$1:$A$30)>M$3)), 1, 0)+IF(AND((M$3-$B$2)>=0,(M$3-$B$2)<30), 2,0) -> 0 | N6: =IF(OR(AND($F5<=N$3, $F6 >= N$3), AND($F6<N$3, WORKDAY($F6, 22,Holiday!$A$1:$A$30)>N$3)), 1, 0)+IF(AND((N$3-$B$2)>=0,(N$3-$B$2)<30), 2,0) -> 0 | ... AO6: =IF(OR(AND($F5<=AO$3, $F6 >= AO$3), AND($F6<AO$3, WORKDAY($F6, 22,Holiday!$A$1:$A$30)>AO$3)), 1, 0)+IF(AND((AO$3-$B$2)>=0,(AO$3-$B$2)<30), 2,0) -> 0
B7: Admin Tools/ Bulk Actions | C7: DEV 1 | D7: 10 | E7: =ROUNDUP(D7*(1+$D$2),0) -> 15 | F7: =WORKDAY(F6,E7,Holiday!A3:A32) -> 46114 | G7: =IF(OR(AND($F6<=G$3, $F7 >= G$3), AND($F7<G$3, WORKDAY($F7, 22,Holiday!$A$1:$A$30)>G$3)), 1, 0)+IF(AND((G$3-$B$2)>=0,(G$3-$B$2)<30), 2,0) -> 0 | H7: =IF(OR(AND($F6<=H$3, $F7 >= H$3), AND($F7<H$3, WORKDAY($F7, 22,Holiday!$A$1:$A$30)>H$3)), 1, 0)+IF(AND((H$3-$B$2)>=0,(H$3-$B$2)<30), 2,0) -> 0 | I7: =IF(OR(AND($F6<=I$3, $F7 >= I$3), AND($F7<I$3, WORKDAY($F7, 22,Holiday!$A$1:$A$30)>I$3)), 1, 0)+IF(AND((I$3-$B$2)>=0,(I$3-$B$2)<30), 2,0) -> 1 | J7: =IF(OR(AND($F6<=J$3, $F7 >= J$3), AND($F7<J$3, WORKDAY($F7, 22,Holiday!$A$1:$A$30)>J$3)), 1, 0)+IF(AND((J$3-$B$2)>=0,(J$3-$B$2)<30), 2,0) -> 0 | K7: =IF(OR(AND($F6<=K$3, $F7 >= K$3), AND($F7<K$3, WORKDAY($F7, 22,Holiday!$A$1:$A$30)>K$3)), 1, 0)+IF(AND((K$3-$B$2)>=0,(K$3-$B$2)<30), 2,0) -> 0 | L7: =IF(OR(AND($F6<=L$3, $F7 >= L$3), AND($F7<L$3, WORKDAY($F7, 22,Holiday!$A$1:$A$30)>L$3)), 1, 0)+IF(AND((L$3-$B$2)>=0,(L$3-$B$2)<30), 2,0) -> 0 | M7: =IF(OR(AND($F6<=M$3, $F7 >= M$3), AND($F7<M$3, WORKDAY($F7, 22,Holiday!$A$1:$A$30)>M$3)), 1, 0)+IF(AND((M$3-$B$2)>=0,(M$3-$B$2)<30), 2,0) -> 0 | N7: =IF(OR(AND($F6<=N$3, $F7 >= N$3), AND($F7<N$3, WORKDAY($F7, 22,Holiday!$A$1:$A$30)>N$3)), 1, 0)+IF(AND((N$3-$B$2)>=0,(N$3-$B$2)<30), 2,0) -> 0 | ... AO7: =IF(OR(AND($F6<=AO$3, $F7 >= AO$3), AND($F7<AO$3, WORKDAY($F7, 22,Holiday!$A$1:$A$30)>AO$3)), 1, 0)+IF(AND((AO$3-$B$2)>=0,(AO$3-$B$2)<30), 2,0) -> 0
B8: Admin Tools/ Bulk Upload File Processing | C8: DEV 1 | D8: 10 | E8: =ROUNDUP(D8*(1+$D$2),0) -> 15 | F8: =WORKDAY(F7,E8,Holiday!A4:A33) -> 46135 | G8: =IF(OR(AND($F7<=G$3, $F8 >= G$3), AND($F8<G$3, WORKDAY($F8, 22,Holiday!$A$1:$A$30)>G$3)), 1, 0)+IF(AND((G$3-$B$2)>=0,(G$3-$B$2)<30), 2,0) -> 0 | H8: =IF(OR(AND($F7<=H$3, $F8 >= H$3), AND($F8<H$3, WORKDAY($F8, 22,Holiday!$A$1:$A$30)>H$3)), 1, 0)+IF(AND((H$3-$B$2)>=0,(H$3-$B$2)<30), 2,0) -> 0 | I8: =IF(OR(AND($F7<=I$3, $F8 >= I$3), AND($F8<I$3, WORKDAY($F8, 22,Holiday!$A$1:$A$30)>I$3)), 1, 0)+IF(AND((I$3-$B$2)>=0,(I$3-$B$2)<30), 2,0) -> 1 | J8: =IF(OR(AND($F7<=J$3, $F8 >= J$3), AND($F8<J$3, WORKDAY($F8, 22,Holiday!$A$1:$A$30)>J$3)), 1, 0)+IF(AND((J$3-$B$2)>=0,(J$3-$B$2)<30), 2,0) -> 1 | K8: =IF(OR(AND($F7<=K$3, $F8 >= K$3), AND($F8<K$3, WORKDAY($F8, 22,Holiday!$A$1:$A$30)>K$3)), 1, 0)+IF(AND((K$3-$B$2)>=0,(K$3-$B$2)<30), 2,0) -> 0 | L8: =IF(OR(AND($F7<=L$3, $F8 >= L$3), AND($F8<L$3, WORKDAY($F8, 22,Holiday!$A$1:$A$30)>L$3)), 1, 0)+IF(AND((L$3-$B$2)>=0,(L$3-$B$2)<30), 2,0) -> 0 | M8: =IF(OR(AND($F7<=M$3, $F8 >= M$3), AND($F8<M$3, WORKDAY($F8, 22,Holiday!$A$1:$A$30)>M$3)), 1, 0)+IF(AND((M$3-$B$2)>=0,(M$3-$B$2)<30), 2,0) -> 0 | N8: =IF(OR(AND($F7<=N$3, $F8 >= N$3), AND($F8<N$3, WORKDAY($F8, 22,Holiday!$A$1:$A$30)>N$3)), 1, 0)+IF(AND((N$3-$B$2)>=0,(N$3-$B$2)<30), 2,0) -> 0 | ... AO8: =IF(OR(AND($F7<=AO$3, $F8 >= AO$3), AND($F8<AO$3, WORKDAY($F8, 22,Holiday!$A$1:$A$30)>AO$3)), 1, 0)+IF(AND((AO$3-$B$2)>=0,(AO$3-$B$2)<30), 2,0) -> 0
B9: Admin Tools/ My Reportee | C9: DEV 1 | D9: 10 | E9: =ROUNDUP(D9*(1+$D$2),0) -> 15 | F9: =WORKDAY(F8,E9,Holiday!A5:A34) -> 46157 | G9: =IF(OR(AND($F8<=G$3, $F9 >= G$3), AND($F9<G$3, WORKDAY($F9, 22,Holiday!$A$1:$A$30)>G$3)), 1, 0)+IF(AND((G$3-$B$2)>=0,(G$3-$B$2)<30), 2,0) -> 0 | H9: =IF(OR(AND($F8<=H$3, $F9 >= H$3), AND($F9<H$3, WORKDAY($F9, 22,Holiday!$A$1:$A$30)>H$3)), 1, 0)+IF(AND((H$3-$B$2)>=0,(H$3-$B$2)<30), 2,0) -> 0 | I9: =IF(OR(AND($F8<=I$3, $F9 >= I$3), AND($F9<I$3, WORKDAY($F9, 22,Holiday!$A$1:$A$30)>I$3)), 1, 0)+IF(AND((I$3-$B$2)>=0,(I$3-$B$2)<30), 2,0) -> 0 | J9: =IF(OR(AND($F8<=J$3, $F9 >= J$3), AND($F9<J$3, WORKDAY($F9, 22,Holiday!$A$1:$A$30)>J$3)), 1, 0)+IF(AND((J$3-$B$2)>=0,(J$3-$B$2)<30), 2,0) -> 1 | K9: =IF(OR(AND($F8<=K$3, $F9 >= K$3), AND($F9<K$3, WORKDAY($F9, 22,Holiday!$A$1:$A$30)>K$3)), 1, 0)+IF(AND((K$3-$B$2)>=0,(K$3-$B$2)<30), 2,0) -> 1 | L9: =IF(OR(AND($F8<=L$3, $F9 >= L$3), AND($F9<L$3, WORKDAY($F9, 22,Holiday!$A$1:$A$30)>L$3)), 1, 0)+IF(AND((L$3-$B$2)>=0,(L$3-$B$2)<30), 2,0) -> 0 | M9: =IF(OR(AND($F8<=M$3, $F9 >= M$3), AND($F9<M$3, WORKDAY($F9, 22,Holiday!$A$1:$A$30)>M$3)), 1, 0)+IF(AND((M$3-$B$2)>=0,(M$3-$B$2)<30), 2,0) -> 0 | N9: =IF(OR(AND($F8<=N$3, $F9 >= N$3), AND($F9<N$3, WORKDAY($F9, 22,Holiday!$A$1:$A$30)>N$3)), 1, 0)+IF(AND((N$3-$B$2)>=0,(N$3-$B$2)<30), 2,0) -> 0 | ... AO9: =IF(OR(AND($F8<=AO$3, $F9 >= AO$3), AND($F9<AO$3, WORKDAY($F9, 22,Holiday!$A$1:$A$30)>AO$3)), 1, 0)+IF(AND((AO$3-$B$2)>=0,(AO$3-$B$2)<30), 2,0) -> 0
B10: Admin Tools/ Reset QR code Google Authenticator | C10: DEV 1 | D10: 10 | E10: =ROUNDUP(D10*(1+$D$2),0) -> 15 | F10: =WORKDAY(F9,E10,Holiday!A6:A35) -> 46178 | G10: =IF(OR(AND($F9<=G$3, $F10 >= G$3), AND($F10<G$3, WORKDAY($F10, 22,Holiday!$A$1:$A$30)>G$3)), 1, 0)+IF(AND((G$3-$B$2)>=0,(G$3-$B$2)<30), 2,0) -> 0 | H10: =IF(OR(AND($F9<=H$3, $F10 >= H$3), AND($F10<H$3, WORKDAY($F10, 22,Holiday!$A$1:$A$30)>H$3)), 1, 0)+IF(AND((H$3-$B$2)>=0,(H$3-$B$2)<30), 2,0) -> 0 | I10: =IF(OR(AND($F9<=I$3, $F10 >= I$3), AND($F10<I$3, WORKDAY($F10, 22,Holiday!$A$1:$A$30)>I$3)), 1, 0)+IF(AND((I$3-$B$2)>=0,(I$3-$B$2)<30), 2,0) -> 0 | J10: =IF(OR(AND($F9<=J$3, $F10 >= J$3), AND($F10<J$3, WORKDAY($F10, 22,Holiday!$A$1:$A$30)>J$3)), 1, 0)+IF(AND((J$3-$B$2)>=0,(J$3-$B$2)<30), 2,0) -> 0 | K10: =IF(OR(AND($F9<=K$3, $F10 >= K$3), AND($F10<K$3, WORKDAY($F10, 22,Holiday!$A$1:$A$30)>K$3)), 1, 0)+IF(AND((K$3-$B$2)>=0,(K$3-$B$2)<30), 2,0) -> 1 | L10: =IF(OR(AND($F9<=L$3, $F10 >= L$3), AND($F10<L$3, WORKDAY($F10, 22,Holiday!$A$1:$A$30)>L$3)), 1, 0)+IF(AND((L$3-$B$2)>=0,(L$3-$B$2)<30), 2,0) -> 0 | M10: =IF(OR(AND($F9<=M$3, $F10 >= M$3), AND($F10<M$3, WORKDAY($F10, 22,Holiday!$A$1:$A$30)>M$3)), 1, 0)+IF(AND((M$3-$B$2)>=0,(M$3-$B$2)<30), 2,0) -> 0 | N10: =IF(OR(AND($F9<=N$3, $F10 >= N$3), AND($F10<N$3, WORKDAY($F10, 22,Holiday!$A$1:$A$30)>N$3)), 1, 0)+IF(AND((N$3-$B$2)>=0,(N$3-$B$2)<30), 2,0) -> 0 | ... AO10: =IF(OR(AND($F9<=AO$3, $F10 >= AO$3), AND($F10<AO$3, WORKDAY($F10, 22,Holiday!$A$1:$A$30)>AO$3)), 1, 0)+IF(AND((AO$3-$B$2)>=0,(AO$3-$B$2)<30), 2,0) -> 0
B11: Admin Tools/ Sub Pool Distribution | C11: DEV 1 | D11: 10 | E11: =ROUNDUP(D11*(1+$D$2),0) -> 15 | F11: =WORKDAY(F10,E11,Holiday!A7:A36) -> 46199 | G11: =IF(OR(AND($F10<=G$3, $F11 >= G$3), AND($F11<G$3, WORKDAY($F11, 22,Holiday!$A$1:$A$30)>G$3)), 1, 0)+IF(AND((G$3-$B$2)>=0,(G$3-$B$2)<30), 2,0) -> 0 | H11: =IF(OR(AND($F10<=H$3, $F11 >= H$3), AND($F11<H$3, WORKDAY($F11, 22,Holiday!$A$1:$A$30)>H$3)), 1, 0)+IF(AND((H$3-$B$2)>=0,(H$3-$B$2)<30), 2,0) -> 0 | I11: =IF(OR(AND($F10<=I$3, $F11 >= I$3), AND($F11<I$3, WORKDAY($F11, 22,Holiday!$A$1:$A$30)>I$3)), 1, 0)+IF(AND((I$3-$B$2)>=0,(I$3-$B$2)<30), 2,0) -> 0 | J11: =IF(OR(AND($F10<=J$3, $F11 >= J$3), AND($F11<J$3, WORKDAY($F11, 22,Holiday!$A$1:$A$30)>J$3)), 1, 0)+IF(AND((J$3-$B$2)>=0,(J$3-$B$2)<30), 2,0) -> 0 | K11: =IF(OR(AND($F10<=K$3, $F11 >= K$3), AND($F11<K$3, WORKDAY($F11, 22,Holiday!$A$1:$A$30)>K$3)), 1, 0)+IF(AND((K$3-$B$2)>=0,(K$3-$B$2)<30), 2,0) -> 1 | L11: =IF(OR(AND($F10<=L$3, $F11 >= L$3), AND($F11<L$3, WORKDAY($F11, 22,Holiday!$A$1:$A$30)>L$3)), 1, 0)+IF(AND((L$3-$B$2)>=0,(L$3-$B$2)<30), 2,0) -> 1 | M11: =IF(OR(AND($F10<=M$3, $F11 >= M$3), AND($F11<M$3, WORKDAY($F11, 22,Holiday!$A$1:$A$30)>M$3)), 1, 0)+IF(AND((M$3-$B$2)>=0,(M$3-$B$2)<30), 2,0) -> 0 | N11: =IF(OR(AND($F10<=N$3, $F11 >= N$3), AND($F11<N$3, WORKDAY($F11, 22,Holiday!$A$1:$A$30)>N$3)), 1, 0)+IF(AND((N$3-$B$2)>=0,(N$3-$B$2)<30), 2,0) -> 0 | ... AO11: =IF(OR(AND($F10<=AO$3, $F11 >= AO$3), AND($F11<AO$3, WORKDAY($F11, 22,Holiday!$A$1:$A$30)>AO$3)), 1, 0)+IF(AND((AO$3-$B$2)>=0,(AO$3-$B$2)<30), 2,0) -> 0
